biosample	run_accession	locus_id	g7_locus_class	member_used	member_conflict	callable	uncallable_reason	spanning_reads	dominant_bp	dominant_fraction	confidence_class	mixed_flag	functional_state
SAMN16801843	SRR13089486	HPL00001	PRIMARY_TECHNICAL	HPL00001_26695	NONE	YES	.	49	8	1.0000	HIGH	NONE	ALLELE_STATE
SAMN16801843	SRR13089486	HPL00002	PRIMARY_TECHNICAL	HPL00002_P12	NONE	YES	.	54	8	1.0000	HIGH	NONE	ALLELE_STATE
SAMN16801843	SRR13089486	HPL00007	PRIMARY_TECHNICAL	HPL00007_26695	NONE	YES	.	72	8	1.0000	HIGH	NONE	ALLELE_STATE
SAMN16801843	SRR13089486	HPL00008	PRIMARY_TECHNICAL	HPL00008_26695	NONE	YES	.	43	8	1.0000	HIGH	NONE	ALLELE_STATE
SAMN16801843	SRR13089486	HPL00010	PRIMARY_TECHNICAL	HPL00010_Shi470	NONE	YES	.	42	15	0.8095	MEDIUM	NONE	ALLELE_STATE
SAMN16801843	SRR13089486	HPL00013	PRIMARY_TECHNICAL	HPL00013_J99	NONE	YES	.	51	8	1.0000	HIGH	NONE	ALLELE_STATE
SAMN16801843	SRR13089486	HPL00014	PRIMARY_TECHNICAL	HPL00014_26695	NONE	NO	NO_SPANNING_READS	0			NA	NA	UNCALLABLE
SAMN16801843	SRR13089486	HPL00018	PROVISIONAL_TECHNICAL	HPL00018_26695	NONE	NO	NO_SPANNING_READS	0			NA	NA	UNCALLABLE
SAMN16801843	SRR13089486	HPL00019	PRIMARY_TECHNICAL	HPL00019_26695	NONE	NO	NO_SPANNING_READS	0			NA	NA	UNCALLABLE
SAMN16801843	SRR13089486	HPL00022	PROVISIONAL_TECHNICAL	HPL00022_P12	NONE	YES	.	31	14	1.0000	HIGH	NONE	ALLELE_STATE
SAMN16801843	SRR13089486	HPL00024	PRIMARY_TECHNICAL	HPL00024_26695	NONE	YES	.	26	8	1.0000	HIGH	NONE	ALLELE_STATE
SAMN16801843	SRR13089486	HPL00025	PRIMARY_TECHNICAL	HPL00025_26695	NONE	YES	.	48	8	1.0000	HIGH	NONE	ALLELE_STATE
SAMN16801843	SRR13089486	HPL00030	PROVISIONAL_TECHNICAL	HPL00030_HPAG1	NONE	YES	.	39	12	1.0000	HIGH	NONE	ALLELE_STATE
SAMN16801843	SRR13089486	HPL00031	PROVISIONAL_TECHNICAL	HPL00031_26695	NONE	YES	.	53	12	1.0000	HIGH	NONE	ALLELE_STATE
SAMN16801843	SRR13089486	HPL00033	PROVISIONAL_TECHNICAL	HPL00033_P12	NONE	YES	.	67	11	1.0000	HIGH	NONE	ALLELE_STATE
SAMN16801843	SRR13089486	HPL00037	PRIMARY_TECHNICAL	HPL00037_26695	NONE	YES	.	55	8	1.0000	HIGH	NONE	ALLELE_STATE
SAMN16801843	SRR13089486	HPL00038	PRIMARY_TECHNICAL	HPL00038_26695	NONE	YES	.	33	8	1.0000	HIGH	NONE	ALLELE_STATE
SAMN16801843	SRR13089486	HPL00040	PRIMARY_TECHNICAL	HPL00040_HPAG1	NONE	YES	.	48	8	1.0000	HIGH	NONE	ALLELE_STATE
SAMN16801843	SRR13089486	HPL00042	PRIMARY_TECHNICAL	HPL00042_Shi470	NONE	YES	.	41	8	1.0000	HIGH	NONE	ALLELE_STATE
SAMN16801843	SRR13089486	HPL00043	PRIMARY_TECHNICAL	HPL00043_26695	NONE	YES	.	34	8	1.0000	HIGH	NONE	ALLELE_STATE
SAMN16801843	SRR13089486	HPL00044	PRIMARY_TECHNICAL	HPL00044_26695	MEMBER_ALLELE_CONFLICT:HPL00044_Shi470	NO	MEMBER_ALLELE_CONFLICT	57	8	1.0000	NA	NONE	UNCALLABLE
SAMN16801843	SRR13089486	HPL00045	PROVISIONAL_TECHNICAL	HPL00045_P12	NONE	NO	INSUFFICIENT_SPANNING_READS(5<8)	5			NA	NA	UNCALLABLE
SAMN16801843	SRR13089486	HPL00046	PROVISIONAL_TECHNICAL	HPL00046_HPAG1	NONE	YES	.	42	12	1.0000	HIGH	NONE	ALLELE_STATE
SAMN16801843	SRR13089486	HPL00047	PRIMARY_TECHNICAL	HPL00047_Shi470	NONE	YES	.	21	8	1.0000	HIGH	NONE	ALLELE_STATE
SAMN16801843	SRR13089486	HPL00049	PRIMARY_TECHNICAL	HPL00049_Shi470	NONE	YES	.	44	8	1.0000	HIGH	NONE	ALLELE_STATE
SAMN16801843	SRR13089486	HPL00050	PRIMARY_TECHNICAL	HPL00050_26695	NONE	YES	.	50	8	1.0000	HIGH	NONE	ALLELE_STATE
SAMN16801843	SRR13089486	HPL00051	PRIMARY_TECHNICAL	HPL00051_26695	NONE	YES	.	45	8	1.0000	HIGH	NONE	ALLELE_STATE
SAMN16801843	SRR13089486	HPL00053	PRIMARY_TECHNICAL	HPL00053_India7	NONE	YES	.	48	8	1.0000	HIGH	NONE	ALLELE_STATE
SAMN16801843	SRR13089486	HPL00055	PRIMARY_TECHNICAL	HPL00055_Shi470	NONE	YES	.	18	8	1.0000	MEDIUM	NONE	ALLELE_STATE
SAMN16801843	SRR13089486	HPL00060	PROVISIONAL_TECHNICAL	HPL00060_26695	NONE	NO	NO_SPANNING_READS	0			NA	NA	UNCALLABLE
SAMN16801843	SRR13089486	HPL00061	PROVISIONAL_TECHNICAL	HPL00061_26695	NONE	YES	.	9	11	0.7778	LOW	NONE	OFF
SAMN16801843	SRR13089486	HPL00063	PROVISIONAL_TECHNICAL	HPL00063_26695	NONE	YES	.	63	12	1.0000	HIGH	NONE	ALLELE_STATE
SAMN16801843	SRR13089486	HPL00064	PRIMARY_TECHNICAL	HPL00064_26695	NONE	YES	.	51	8	1.0000	HIGH	NONE	ALLELE_STATE
SAMN16801843	SRR13089486	HPL00065	PROVISIONAL_TECHNICAL	HPL00065_HPAG1	NONE	YES	.	49	12	1.0000	HIGH	NONE	ALLELE_STATE
SAMN16801843	SRR13089486	HPL00068	PRIMARY_TECHNICAL	HPL00068_P12	NONE	YES	.	24	8	1.0000	HIGH	NONE	ALLELE_STATE
SAMN16801843	SRR13089486	HPL00070	PROVISIONAL_TECHNICAL	HPL00070_J99	NONE	YES	.	27	12	1.0000	HIGH	NONE	ALLELE_STATE
SAMN16801843	SRR13089486	HPL00071	PRIMARY_TECHNICAL	HPL00071_26695	NONE	YES	.	43	8	1.0000	HIGH	NONE	ALLELE_STATE
SAMN16801843	SRR13089486	HPL00072	PRIMARY_TECHNICAL	HPL00072_26695	NONE	YES	.	64	8	1.0000	HIGH	NONE	ALLELE_STATE
SAMN16801843	SRR13089486	HPL00073	PRIMARY_TECHNICAL	HPL00073_J99	NONE	YES	.	38	8	1.0000	HIGH	NONE	ALLELE_STATE
SAMN16801843	SRR13089486	HPL00074	PRIMARY_TECHNICAL	HPL00074_26695	NONE	YES	.	36	8	1.0000	HIGH	NONE	ALLELE_STATE
SAMN16801843	SRR13089486	HPL00075	PRIMARY_TECHNICAL	HPL00075_J99	NONE	YES	.	33	8	1.0000	HIGH	NONE	ALLELE_STATE
SAMN16801843	SRR13089486	HPL00076	PRIMARY_TECHNICAL	HPL00076_Shi470	NONE	YES	.	61	8	1.0000	HIGH	NONE	ALLELE_STATE
SAMN16801843	SRR13089486	HPL00077	PRIMARY_TECHNICAL	HPL00077_26695	NONE	YES	.	46	8	0.9783	HIGH	NONE	ALLELE_STATE
SAMN16801843	SRR13089486	HPL00079	PRIMARY_TECHNICAL	HPL00079_Shi470	NONE	YES	.	40	8	1.0000	HIGH	NONE	ALLELE_STATE
SAMN16801843	SRR13089486	HPL00080	PRIMARY_TECHNICAL	HPL00080_26695	NONE	YES	.	39	8	1.0000	HIGH	NONE	ALLELE_STATE
SAMN16801843	SRR13089486	HPL00083	PROVISIONAL_TECHNICAL	HPL00083_26695	NONE	YES	.	34	13	1.0000	HIGH	NONE	ALLELE_STATE
SAMN16801843	SRR13089486	HPL00084	PRIMARY_TECHNICAL	HPL00084_India7	NONE	YES	.	47	8	1.0000	HIGH	NONE	ALLELE_STATE
SAMN16801843	SRR13089486	HPL00085	PRIMARY_TECHNICAL	HPL00085_Shi470	NONE	YES	.	42	8	1.0000	HIGH	NONE	ALLELE_STATE
SAMN16801843	SRR13089486	HPL00087	PRIMARY_TECHNICAL	HPL00087_Shi470	NONE	YES	.	36	9	1.0000	HIGH	NONE	AMBIGUOUS
SAMN16801843	SRR13089486	HPL00089	PRIMARY_TECHNICAL	HPL00089_Shi470	NONE	YES	.	40	8	1.0000	HIGH	NONE	ALLELE_STATE
SAMN16801843	SRR13089486	HPL00090	PRIMARY_TECHNICAL	HPL00090_26695	NONE	YES	.	30	8	1.0000	HIGH	NONE	ALLELE_STATE
SAMN16801843	SRR13089486	HPL00099	PRIMARY_TECHNICAL	HPL00099_India7	NONE	YES	.	36	8	1.0000	HIGH	NONE	ALLELE_STATE
SAMN16801843	SRR13089486	HPL00103	PRIMARY_TECHNICAL	HPL00103_26695	NONE	YES	.	26	15	0.7308	HIGH	MIXTURE_CANDIDATE	ALLELE_STATE
SAMN16801843	SRR13089486	HPL00104	PRIMARY_TECHNICAL	HPL00104_Shi470	NONE	YES	.	32	8	1.0000	HIGH	NONE	ALLELE_STATE
SAMN16801843	SRR13089486	HPL00105	PRIMARY_TECHNICAL	HPL00105_26695	NONE	YES	.	31	8	1.0000	HIGH	NONE	ALLELE_STATE
SAMN16801843	SRR13089486	HPL00106	PRIMARY_TECHNICAL	HPL00106_G27	NONE	YES	.	56	8	1.0000	HIGH	NONE	ALLELE_STATE
SAMN16801843	SRR13089486	HPL00107	PRIMARY_TECHNICAL	HPL00107_J99	NONE	YES	.	37	8	1.0000	HIGH	NONE	ALLELE_STATE
SAMN16801843	SRR13089486	HPL00108	PRIMARY_TECHNICAL	HPL00108_J99	NONE	YES	.	44	8	1.0000	HIGH	NONE	ALLELE_STATE
SAMN16801843	SRR13089486	HPL00109	PRIMARY_TECHNICAL	HPL00109_Shi470	NONE	YES	.	38	8	1.0000	HIGH	NONE	ALLELE_STATE
SAMN16801843	SRR13089486	HPL00111	PRIMARY_TECHNICAL	HPL00111_26695	NONE	YES	.	54	8	1.0000	HIGH	NONE	ALLELE_STATE
SAMN16801843	SRR13089486	HPL00112	PRIMARY_TECHNICAL	HPL00112_P12	NONE	YES	.	34	9	0.9412	HIGH	NONE	ALLELE_STATE
SAMN16801843	SRR13089486	HPL00113	PRIMARY_TECHNICAL	HPL00113_26695	NONE	YES	.	39	8	1.0000	HIGH	NONE	ALLELE_STATE
SAMN16801843	SRR13089486	HPL00116	PRIMARY_TECHNICAL	HPL00116_26695	NONE	YES	.	33	8	1.0000	HIGH	NONE	ALLELE_STATE
SAMN16801843	SRR13089486	HPL00117	PRIMARY_TECHNICAL	HPL00117_P12	NONE	YES	.	39	9	1.0000	HIGH	NONE	AMBIGUOUS
SAMN16801843	SRR13089486	HPL00119	PRIMARY_TECHNICAL	HPL00119_Shi470	NONE	YES	.	30	8	1.0000	HIGH	NONE	ALLELE_STATE
SAMN16801843	SRR13089486	HPL00120	PRIMARY_TECHNICAL	HPL00120_Shi470	NONE	YES	.	40	8	1.0000	HIGH	NONE	ALLELE_STATE
SAMN16801843	SRR13089486	HPL00121	PRIMARY_TECHNICAL	HPL00121_J99	NONE	YES	.	33	8	1.0000	HIGH	NONE	ALLELE_STATE
SAMN16801843	SRR13089486	HPL00123	PRIMARY_TECHNICAL	HPL00123_HPAG1	NONE	YES	.	38	8	1.0000	HIGH	NONE	ALLELE_STATE
SAMN16801843	SRR13089486	HPL00125	PRIMARY_TECHNICAL	HPL00125_26695	NONE	YES	.	63	8	1.0000	HIGH	NONE	ALLELE_STATE
SAMN16801843	SRR13089486	HPL00126	PRIMARY_TECHNICAL	HPL00126_HPAG1	NONE	YES	.	47	8	1.0000	HIGH	NONE	ALLELE_STATE
SAMN16801843	SRR13089486	HPL00127	PRIMARY_TECHNICAL	HPL00127_B8	NONE	YES	.	42	9	1.0000	HIGH	NONE	ALLELE_STATE
SAMN16801843	SRR13089486	HPL00134	PRIMARY_TECHNICAL	HPL00134_26695	NONE	NO	NO_SPANNING_READS	0			NA	NA	UNCALLABLE
SAMN16801843	SRR13089486	HPL00138	PRIMARY_TECHNICAL	HPL00138_26695	NONE	YES	.	42	8	1.0000	HIGH	NONE	ALLELE_STATE
SAMN16801843	SRR13089486	HPL00139	PRIMARY_TECHNICAL	HPL00139_26695	NONE	YES	.	44	8	1.0000	HIGH	NONE	ALLELE_STATE
SAMN16801843	SRR13089486	HPL00141	PRIMARY_TECHNICAL	HPL00141_HPAG1	NONE	YES	.	52	8	1.0000	HIGH	NONE	ALLELE_STATE
SAMN16801843	SRR13089486	HPL00143	PRIMARY_TECHNICAL	HPL00143_26695	NONE	YES	.	39	8	1.0000	HIGH	NONE	ALLELE_STATE
SAMN16801843	SRR13089486	HPL00145	PRIMARY_TECHNICAL	HPL00145_26695	NONE	NO	NO_SPANNING_READS	0			NA	NA	UNCALLABLE
SAMN16801843	SRR13089486	HPL00150	PRIMARY_TECHNICAL	HPL00150_P12	NONE	YES	.	47	9	1.0000	HIGH	NONE	ALLELE_STATE
SAMN16801843	SRR13089486	HPL00151	PROVISIONAL_TECHNICAL	HPL00151_HPAG1	NONE	YES	.	33	7	0.8182	HIGH	MIXTURE_CANDIDATE	ALLELE_STATE
SAMN16801843	SRR13089486	HPL00154	PRIMARY_TECHNICAL	HPL00154_Shi470	NONE	YES	.	47	8	1.0000	HIGH	NONE	ALLELE_STATE
SAMN16801843	SRR13089486	HPL00155	PRIMARY_TECHNICAL	HPL00155_Shi470	NONE	YES	.	42	9	1.0000	HIGH	NONE	ALLELE_STATE
SAMN16801843	SRR13089486	HPL00156	PRIMARY_TECHNICAL	HPL00156_26695	NONE	YES	.	38	8	1.0000	HIGH	NONE	ALLELE_STATE
SAMN16801843	SRR13089486	HPL00157	PRIMARY_TECHNICAL	HPL00157_P12	NONE	YES	.	60	8	1.0000	HIGH	NONE	ALLELE_STATE
SAMN16801843	SRR13089486	HPL00158	PRIMARY_TECHNICAL	HPL00158_26695	NONE	YES	.	48	7	1.0000	HIGH	NONE	ALLELE_STATE
SAMN16801843	SRR13089486	HPL00162	PRIMARY_TECHNICAL	HPL00162_26695	NONE	YES	.	15	8	1.0000	MEDIUM	NONE	ALLELE_STATE
SAMN16801843	SRR13089486	HPL00163	PRIMARY_TECHNICAL	HPL00163_G27	NONE	YES	.	39	8	1.0000	HIGH	NONE	ALLELE_STATE
SAMN16801843	SRR13089486	HPL00165	PRIMARY_TECHNICAL	HPL00165_26695	NONE	YES	.	48	8	1.0000	HIGH	NONE	ALLELE_STATE
SAMN16801843	SRR13089486	HPL00166	PRIMARY_TECHNICAL	HPL00166_P12	NONE	YES	.	30	8	1.0000	HIGH	NONE	ALLELE_STATE
SAMN16801843	SRR13089486	HPL00169	PRIMARY_TECHNICAL	HPL00169_J99	NONE	YES	.	35	8	1.0000	HIGH	NONE	ALLELE_STATE
SAMN16801843	SRR13089486	HPL00170	PRIMARY_TECHNICAL	HPL00170_26695	NONE	NO	NOT_CALLER_ELIGIBLE:NO:not_uniquely_anchorable				NA	NA	NOT_APPLICABLE
SAMN16801843	SRR13089486	HPL00172	PRIMARY_TECHNICAL	HPL00172_B8	NONE	YES	.	41	8	1.0000	HIGH	NONE	ALLELE_STATE
SAMN16801843	SRR13089486	HPL00174	PRIMARY_TECHNICAL	HPL00174_26695	NONE	YES	.	39	8	1.0000	HIGH	NONE	ALLELE_STATE
SAMN16801843	SRR13089486	HPL00177	PRIMARY_TECHNICAL	HPL00177_G27	NONE	YES	.	30	10	0.9667	HIGH	NONE	AMBIGUOUS
SAMN16801843	SRR13089486	HPL00178	PRIMARY_TECHNICAL	HPL00178_P12	NONE	YES	.	30	8	0.9667	HIGH	NONE	ALLELE_STATE
SAMN16801843	SRR13089486	HPL00181	PRIMARY_TECHNICAL	HPL00181_26695	NONE	YES	.	42	8	1.0000	HIGH	NONE	ALLELE_STATE
SAMN16801843	SRR13089486	HPL00183	PRIMARY_TECHNICAL	HPL00183_J99	NONE	YES	.	19	8	1.0000	MEDIUM	NONE	ALLELE_STATE
SAMN16801843	SRR13089486	HPL00187	PRIMARY_TECHNICAL	HPL00187_J99	NONE	YES	.	36	9	0.9722	HIGH	NONE	ALLELE_STATE
SAMN16801843	SRR13089486	HPL00189	PRIMARY_TECHNICAL	HPL00189_HPAG1	NONE	YES	.	24	8	1.0000	HIGH	NONE	ALLELE_STATE
SAMN16801843	SRR13089486	HPL00191	PRIMARY_TECHNICAL	HPL00191_26695	NONE	YES	.	51	8	1.0000	HIGH	NONE	ALLELE_STATE
SAMN16801843	SRR13089486	HPL00193	PRIMARY_TECHNICAL	HPL00193_26695	NONE	NO	NO_SPANNING_READS	0			NA	NA	UNCALLABLE
SAMN16801843	SRR13089486	HPL00194	PRIMARY_TECHNICAL	HPL00194_India7	NONE	YES	.	26	9	1.0000	HIGH	NONE	ALLELE_STATE
SAMN16801843	SRR13089486	HPL00197	PROVISIONAL_TECHNICAL	HPL00197_B8	NONE	YES	.	36	8	1.0000	HIGH	NONE	ALLELE_STATE
SAMN16801843	SRR13089486	HPL00198	PRIMARY_TECHNICAL	HPL00198_26695	NONE	YES	.	32	8	1.0000	HIGH	NONE	ALLELE_STATE
SAMN16801843	SRR13089486	HPL00199	PRIMARY_TECHNICAL	HPL00199_HPAG1	NONE	YES	.	35	8	1.0000	HIGH	NONE	ALLELE_STATE
SAMN16801843	SRR13089486	HPL00202	PRIMARY_TECHNICAL	HPL00202_Shi470	NONE	YES	.	27	9	1.0000	HIGH	NONE	AMBIGUOUS
SAMN16801843	SRR13089486	HPL00204	PRIMARY_TECHNICAL	HPL00204_26695	NONE	YES	.	48	8	0.9792	HIGH	NONE	ALLELE_STATE
SAMN16801843	SRR13089486	HPL00206	PRIMARY_TECHNICAL	HPL00206_26695	NONE	YES	.	34	8	1.0000	HIGH	NONE	ALLELE_STATE
SAMN16801843	SRR13089486	HPL00209	PRIMARY_TECHNICAL	HPL00209_Shi470	NONE	YES	.	55	8	1.0000	HIGH	NONE	ALLELE_STATE
SAMN16801843	SRR13089486	HPL00210	PRIMARY_TECHNICAL	HPL00210_26695	NONE	YES	.	30	8	1.0000	HIGH	NONE	ALLELE_STATE
SAMN16801843	SRR13089486	HPL00214	PRIMARY_TECHNICAL	HPL00214_J99	NONE	YES	.	31	8	1.0000	HIGH	NONE	ALLELE_STATE
SAMN16801843	SRR13089486	HPL00222	PRIMARY_TECHNICAL	HPL00222_Shi470	NONE	YES	.	49	8	1.0000	HIGH	NONE	ALLELE_STATE
SAMN16801843	SRR13089486	HPL00223	PRIMARY_TECHNICAL	HPL00223_HPAG1	NONE	YES	.	34	8	1.0000	HIGH	NONE	ALLELE_STATE
SAMN16801843	SRR13089486	HPL00224	PRIMARY_TECHNICAL	HPL00224_26695	NONE	YES	.	36	8	1.0000	HIGH	NONE	ALLELE_STATE
SAMN16801843	SRR13089486	HPL00225	PRIMARY_TECHNICAL	HPL00225_26695	NONE	YES	.	36	8	0.9722	HIGH	NONE	ALLELE_STATE
SAMN16801843	SRR13089486	HPL00229	PRIMARY_TECHNICAL	HPL00229_Shi470	NONE	YES	.	26	8	1.0000	HIGH	NONE	ALLELE_STATE
SAMN16801843	SRR13089486	HPL00230	PROVISIONAL_TECHNICAL	HPL00230_26695	NONE	YES	.	44	12	1.0000	HIGH	NONE	ALLELE_STATE
SAMN16801843	SRR13089486	HPL00231	PRIMARY_TECHNICAL	HPL00231_26695	NONE	YES	.	59	8	1.0000	HIGH	NONE	ALLELE_STATE
SAMN16801843	SRR13089486	HPL00232	PRIMARY_TECHNICAL	HPL00232_Shi470	NONE	YES	.	33	8	0.9394	HIGH	NONE	ALLELE_STATE
SAMN16801843	SRR13089486	HPL00234	PRIMARY_TECHNICAL	HPL00234_26695	NONE	YES	.	54	8	1.0000	HIGH	NONE	ALLELE_STATE
SAMN16801843	SRR13089486	HPL00239	PRIMARY_TECHNICAL	HPL00239_Shi470	NONE	YES	.	48	8	1.0000	HIGH	NONE	ALLELE_STATE
SAMN16801843	SRR13089486	HPL00241	PRIMARY_TECHNICAL	HPL00241_26695	NONE	YES	.	16	8	1.0000	MEDIUM	NONE	ALLELE_STATE
SAMN16801843	SRR13089486	HPL00242	PRIMARY_TECHNICAL	HPL00242_P12	NONE	YES	.	40	8	1.0000	HIGH	NONE	ALLELE_STATE
SAMN16801843	SRR13089486	HPL00243	PRIMARY_TECHNICAL	HPL00243_HPAG1	NONE	YES	.	44	8	1.0000	HIGH	NONE	ALLELE_STATE
SAMN16801843	SRR13089486	HPL00244	PRIMARY_TECHNICAL	HPL00244_Shi470	NONE	YES	.	23	8	1.0000	HIGH	NONE	ALLELE_STATE
SAMN16801843	SRR13089486	HPL00245	PRIMARY_TECHNICAL	HPL00245_26695	NONE	NO	NO_SPANNING_READS	0			NA	NA	UNCALLABLE
SAMN16801843	SRR13089486	HPL00246	PRIMARY_TECHNICAL	HPL00246_P12	NONE	YES	.	24	8	1.0000	HIGH	NONE	ALLELE_STATE
SAMN16801843	SRR13089486	HPL00247	PRIMARY_TECHNICAL	HPL00247_J99	NONE	YES	.	33	8	1.0000	HIGH	NONE	ALLELE_STATE
SAMN16801843	SRR13089486	HPL00251	PRIMARY_TECHNICAL	HPL00251_HPAG1	NONE	YES	.	45	8	0.9778	HIGH	NONE	ALLELE_STATE
SAMN16801843	SRR13089486	HPL00259	PRIMARY_TECHNICAL	HPL00259_26695	NONE	YES	.	46	8	1.0000	HIGH	NONE	ALLELE_STATE
SAMN16801843	SRR13089486	HPL00261	PRIMARY_TECHNICAL	HPL00261_HPAG1	NONE	YES	.	20	8	1.0000	HIGH	NONE	ALLELE_STATE
SAMN16801843	SRR13089486	HPL00262	PRIMARY_TECHNICAL	HPL00262_India7	NONE	YES	.	45	8	1.0000	HIGH	NONE	ALLELE_STATE
SAMN16801843	SRR13089486	HPL00264	PRIMARY_TECHNICAL	HPL00264_B8	NONE	YES	.	29	8	1.0000	HIGH	NONE	ALLELE_STATE
SAMN16801843	SRR13089486	HPL00267	PRIMARY_TECHNICAL	HPL00267_26695	NONE	YES	.	35	8	1.0000	HIGH	NONE	ALLELE_STATE
SAMN16801843	SRR13089486	HPL00270	PRIMARY_TECHNICAL	HPL00270_HPAG1	NONE	YES	.	36	8	1.0000	HIGH	NONE	ALLELE_STATE
SAMN16801843	SRR13089486	HPL00273	PRIMARY_TECHNICAL	HPL00273_G27	NONE	YES	.	32	8	1.0000	HIGH	NONE	ALLELE_STATE
SAMN16801843	SRR13089486	HPL00274	PRIMARY_TECHNICAL	HPL00274_India7	NONE	YES	.	30	8	1.0000	HIGH	NONE	ALLELE_STATE
SAMN16801843	SRR13089486	HPL00275	PRIMARY_TECHNICAL	HPL00275_J99	NONE	YES	.	51	8	1.0000	HIGH	NONE	ALLELE_STATE
SAMN16801843	SRR13089486	HPL00276	PRIMARY_TECHNICAL	HPL00276_26695	NONE	YES	.	43	8	1.0000	HIGH	NONE	ALLELE_STATE
SAMN16801843	SRR13089486	HPL00277	PRIMARY_TECHNICAL	HPL00277_26695	NONE	YES	.	47	8	1.0000	HIGH	NONE	ALLELE_STATE
SAMN16801843	SRR13089486	HPL00288	PRIMARY_TECHNICAL	HPL00288_P12	NONE	YES	.	16	8	1.0000	MEDIUM	NONE	ALLELE_STATE
SAMN16801843	SRR13089486	HPL00289	PRIMARY_TECHNICAL	HPL00289_Shi470	NONE	YES	.	17	9	0.9412	MEDIUM	NONE	ALLELE_STATE
SAMN16801843	SRR13089486	HPL00290	PRIMARY_TECHNICAL	HPL00290_Shi470	NONE	YES	.	17	8	1.0000	MEDIUM	NONE	ALLELE_STATE
SAMN16801843	SRR13089486	HPL00291	PROVISIONAL_TECHNICAL	HPL00291_26695	NONE	YES	.	54	8	1.0000	HIGH	NONE	ALLELE_STATE
SAMN16801843	SRR13089486	HPL00292	PRIMARY_TECHNICAL	HPL00292_26695	NONE	NO	NO_SPANNING_READS	0			NA	NA	UNCALLABLE
SAMN16801843	SRR13089486	HPL00293	PRIMARY_TECHNICAL	HPL00293_G27	NONE	YES	.	33	8	1.0000	HIGH	NONE	ALLELE_STATE
SAMN16801843	SRR13089486	HPL00297	PRIMARY_TECHNICAL	HPL00297_Shi470	NONE	YES	.	44	8	1.0000	HIGH	NONE	ALLELE_STATE
SAMN16801843	SRR13089486	HPL00299	PROVISIONAL_TECHNICAL	HPL00299_26695	NONE	YES	.	35	12	1.0000	HIGH	NONE	ALLELE_STATE
SAMN16801843	SRR13089486	HPL00301	PRIMARY_TECHNICAL	HPL00301_Shi470	NONE	YES	.	32	8	1.0000	HIGH	NONE	ALLELE_STATE
SAMN16801843	SRR13089486	HPL00303	PRIMARY_TECHNICAL	HPL00303_26695	NONE	YES	.	40	8	1.0000	HIGH	NONE	ALLELE_STATE
SAMN16801843	SRR13089486	HPL00304	PRIMARY_TECHNICAL	HPL00304_26695	NONE	YES	.	32	8	1.0000	HIGH	NONE	ALLELE_STATE
SAMN16801843	SRR13089486	HPL00305	PRIMARY_TECHNICAL	HPL00305_26695	NONE	YES	.	27	8	1.0000	HIGH	NONE	ALLELE_STATE
SAMN16801843	SRR13089486	HPL00306	PRIMARY_TECHNICAL	HPL00306_26695	NONE	YES	.	56	8	1.0000	HIGH	NONE	ALLELE_STATE
SAMN16801843	SRR13089486	HPL00311	PRIMARY_TECHNICAL	HPL00311_B8	NONE	YES	.	39	8	0.9744	HIGH	NONE	ALLELE_STATE
SAMN16801843	SRR13089486	HPL00312	PROVISIONAL_TECHNICAL	HPL00312_P12	NONE	YES	.	36	13	1.0000	HIGH	NONE	ALLELE_STATE
SAMN16801843	SRR13089486	HPL00313	PRIMARY_TECHNICAL	HPL00313_26695	NONE	YES	.	53	8	1.0000	HIGH	NONE	ALLELE_STATE
SAMN16801843	SRR13089486	HPL00314	PRIMARY_TECHNICAL	HPL00314_26695	NONE	YES	.	41	8	1.0000	HIGH	NONE	ALLELE_STATE
SAMN16801843	SRR13089486	HPL00316	PRIMARY_TECHNICAL	HPL00316_Shi470	NONE	NO	INSUFFICIENT_SPANNING_READS(1<8)	1			NA	NA	UNCALLABLE
SAMN16801843	SRR13089486	HPL00318	PRIMARY_TECHNICAL	HPL00318_26695	NONE	NO	NO_SPANNING_READS	0			NA	NA	UNCALLABLE
SAMN16801843	SRR13089486	HPL00319	PRIMARY_TECHNICAL	HPL00319_26695	NONE	NO	NO_SPANNING_READS	0			NA	NA	UNCALLABLE
SAMN16801843	SRR13089486	HPL00321	PRIMARY_TECHNICAL	HPL00321_26695	NONE	NO	NO_SPANNING_READS	0			NA	NA	UNCALLABLE
SAMN16801843	SRR13089486	HPL00322	PRIMARY_TECHNICAL	HPL00322_G27	NONE	YES	.	63	8	1.0000	HIGH	NONE	ALLELE_STATE
SAMN16801843	SRR13089486	HPL00325	PRIMARY_TECHNICAL	HPL00325_Shi470	NONE	YES	.	42	8	1.0000	HIGH	NONE	ALLELE_STATE
SAMN16801843	SRR13089486	HPL00329	PRIMARY_TECHNICAL	HPL00329_26695	NONE	YES	.	35	8	1.0000	HIGH	NONE	ALLELE_STATE
SAMN16801843	SRR13089486	HPL00330	PROVISIONAL_TECHNICAL	HPL00330_HPAG1	NONE	YES	.	42	8	1.0000	HIGH	NONE	ALLELE_STATE
SAMN16801843	SRR13089486	HPL00332	PRIMARY_TECHNICAL	HPL00332_26695	NONE	YES	.	37	8	1.0000	HIGH	NONE	ALLELE_STATE
SAMN16801843	SRR13089486	HPL00333	PRIMARY_TECHNICAL	HPL00333_B8	NONE	YES	.	27	8	1.0000	HIGH	NONE	ALLELE_STATE
SAMN16801843	SRR13089486	HPL00337	PRIMARY_TECHNICAL	HPL00337_26695	NONE	YES	.	49	8	1.0000	HIGH	NONE	ALLELE_STATE
SAMN16801843	SRR13089486	HPL00341	PRIMARY_TECHNICAL	HPL00341_India7	NONE	YES	.	52	8	1.0000	HIGH	NONE	ALLELE_STATE
SAMN16801843	SRR13089486	HPL00342	PRIMARY_TECHNICAL	HPL00342_B8	NONE	YES	.	36	8	1.0000	HIGH	NONE	ALLELE_STATE
SAMN16801843	SRR13089486	HPL00344	PRIMARY_TECHNICAL	HPL00344_26695	NONE	YES	.	36	8	0.9444	HIGH	NONE	ALLELE_STATE
SAMN16801843	SRR13089486	HPL00345	PRIMARY_TECHNICAL	HPL00345_Shi470	NONE	YES	.	42	8	0.9762	HIGH	NONE	ALLELE_STATE
SAMN16801843	SRR13089486	HPL00347	PRIMARY_TECHNICAL	HPL00347_B8	NONE	YES	.	52	8	1.0000	HIGH	NONE	ALLELE_STATE
SAMN16801843	SRR13089486	HPL00350	PRIMARY_TECHNICAL	HPL00350_Shi470	NONE	YES	.	36	9	1.0000	HIGH	NONE	ALLELE_STATE
SAMN16801843	SRR13089486	HPL00351	PRIMARY_TECHNICAL	HPL00351_Shi470	NONE	YES	.	37	8	1.0000	HIGH	NONE	ALLELE_STATE
SAMN16801843	SRR13089486	HPL00352	PRIMARY_TECHNICAL	HPL00352_26695	NONE	NO	NO_SPANNING_READS	0			NA	NA	UNCALLABLE
SAMN16801843	SRR13089486	HPL00353	PRIMARY_TECHNICAL	HPL00353_26695	NONE	YES	.	30	8	1.0000	HIGH	NONE	ALLELE_STATE
SAMN16801843	SRR13089486	HPL00354	PRIMARY_TECHNICAL	HPL00354_26695	NONE	YES	.	52	8	1.0000	HIGH	NONE	ALLELE_STATE
SAMN16801843	SRR13089486	HPL00357	PRIMARY_TECHNICAL	HPL00357_Shi470	NONE	YES	.	50	8	1.0000	HIGH	NONE	ALLELE_STATE
SAMN16801843	SRR13089486	HPL00360	PRIMARY_TECHNICAL	HPL00360_J99	NONE	YES	.	36	8	1.0000	HIGH	NONE	ALLELE_STATE
SAMN16801843	SRR13089486	HPL00361	PRIMARY_TECHNICAL	HPL00361_26695	NONE	YES	.	37	8	1.0000	HIGH	NONE	ALLELE_STATE
SAMN16801843	SRR13089486	HPL00364	PRIMARY_TECHNICAL	HPL00364_P12	NONE	YES	.	48	8	0.9792	HIGH	NONE	ALLELE_STATE
SAMN16801843	SRR13089486	HPL00365	PRIMARY_TECHNICAL	HPL00365_26695	NONE	YES	.	51	8	1.0000	HIGH	NONE	ALLELE_STATE
SAMN16801843	SRR13089486	HPL00369	PRIMARY_TECHNICAL	HPL00369_Shi470	NONE	YES	.	41	9	1.0000	HIGH	NONE	ALLELE_STATE
SAMN16801843	SRR13089486	HPL00370	PRIMARY_TECHNICAL	HPL00370_26695	NONE	YES	.	36	8	1.0000	HIGH	NONE	ALLELE_STATE
SAMN16801843	SRR13089486	HPL00376	PRIMARY_TECHNICAL	HPL00376_26695	NONE	YES	.	52	8	1.0000	HIGH	NONE	ALLELE_STATE
SAMN16801843	SRR13089486	HPL00377	PRIMARY_TECHNICAL	HPL00377_26695	NONE	YES	.	52	8	1.0000	HIGH	NONE	ALLELE_STATE
SAMN16801843	SRR13089486	HPL00378	PRIMARY_TECHNICAL	HPL00378_J99	NONE	YES	.	31	8	1.0000	HIGH	NONE	ALLELE_STATE
SAMN16801843	SRR13089486	HPL00379	PRIMARY_TECHNICAL	HPL00379_26695	NONE	YES	.	38	8	0.9474	HIGH	NONE	ALLELE_STATE
SAMN16801843	SRR13089486	HPL00380	PRIMARY_TECHNICAL	HPL00380_Shi470	NONE	YES	.	30	8	1.0000	HIGH	NONE	ALLELE_STATE
SAMN16801843	SRR13089486	HPL00381	PROVISIONAL_TECHNICAL	HPL00381_Shi470	NONE	YES	.	36	8	1.0000	HIGH	NONE	ALLELE_STATE
SAMN16801843	SRR13089486	HPL00383	PRIMARY_TECHNICAL	HPL00383_26695	NONE	YES	.	58	8	1.0000	HIGH	NONE	ALLELE_STATE
SAMN16801843	SRR13089486	HPL00385	PROVISIONAL_TECHNICAL	HPL00385_26695	NONE	NO	NO_SPANNING_READS	0			NA	NA	UNCALLABLE
SAMN16801843	SRR13089486	HPL00386	PRIMARY_TECHNICAL	HPL00386_26695	NONE	YES	.	58	8	1.0000	HIGH	NONE	ALLELE_STATE
SAMN16801843	SRR13089486	HPL00387	PROVISIONAL_TECHNICAL	HPL00387_G27	NONE	YES	.	38	12	1.0000	HIGH	NONE	ALLELE_STATE
SAMN16801843	SRR13089486	HPL00390	PRIMARY_TECHNICAL	HPL00390_Shi470	NONE	YES	.	45	8	1.0000	HIGH	NONE	ALLELE_STATE
SAMN16801843	SRR13089486	HPL00392	PRIMARY_TECHNICAL	HPL00392_HPAG1	NONE	YES	.	32	8	1.0000	HIGH	NONE	ALLELE_STATE
SAMN16801843	SRR13089486	HPL00393	PRIMARY_TECHNICAL	HPL00393_P12	NONE	YES	.	34	8	1.0000	HIGH	NONE	ALLELE_STATE
SAMN16801843	SRR13089486	HPL00403	PRIMARY_TECHNICAL	HPL00403_J99	NONE	YES	.	33	8	1.0000	HIGH	NONE	ALLELE_STATE
SAMN16801843	SRR13089486	HPL00404	PRIMARY_TECHNICAL	HPL00404_26695	NONE	YES	.	47	8	1.0000	HIGH	NONE	ALLELE_STATE
SAMN16801843	SRR13089486	HPL00407	PRIMARY_TECHNICAL	HPL00407_B8	NONE	YES	.	46	8	1.0000	HIGH	NONE	ALLELE_STATE
SAMN16801843	SRR13089486	HPL00409	PRIMARY_TECHNICAL	HPL00409_Shi470	NONE	YES	.	45	8	1.0000	HIGH	NONE	ALLELE_STATE
SAMN16801843	SRR13089486	HPL00413	PRIMARY_TECHNICAL	HPL00413_26695	NONE	YES	.	27	8	1.0000	HIGH	NONE	ALLELE_STATE
SAMN16801843	SRR13089486	HPL00414	PRIMARY_TECHNICAL	HPL00414_Shi470	NONE	YES	.	9	8	1.0000	LOW	NONE	ALLELE_STATE
SAMN16801843	SRR13089486	HPL00415	PRIMARY_TECHNICAL	HPL00415_India7	NONE	YES	.	50	8	1.0000	HIGH	NONE	ALLELE_STATE
SAMN16801843	SRR13089486	HPL00419	PRIMARY_TECHNICAL	HPL00419_26695	NONE	YES	.	39	8	1.0000	HIGH	NONE	ALLELE_STATE
SAMN16801843	SRR13089486	HPL00421	PRIMARY_TECHNICAL	HPL00421_26695	NONE	YES	.	55	8	1.0000	HIGH	NONE	ALLELE_STATE
SAMN16801843	SRR13089486	HPL00423	PRIMARY_TECHNICAL	HPL00423_26695	NONE	YES	.	46	8	1.0000	HIGH	NONE	ALLELE_STATE
SAMN16801843	SRR13089486	HPL00424	PRIMARY_TECHNICAL	HPL00424_Shi470	NONE	YES	.	49	8	1.0000	HIGH	NONE	ALLELE_STATE
SAMN16801843	SRR13089486	HPL00426	PROVISIONAL_TECHNICAL	HPL00426_26695	MEMBER_ALLELE_CONFLICT:HPL00426_Shi470	NO	MEMBER_ALLELE_CONFLICT	12	12	0.8333	NA	NONE	UNCALLABLE
SAMN16801843	SRR13089486	HPL00429	PRIMARY_TECHNICAL	HPL00429_26695	NONE	NO	NO_SPANNING_READS	0			NA	NA	UNCALLABLE
SAMN16801843	SRR13089486	HPL00430	PRIMARY_TECHNICAL	HPL00430_26695	NONE	NO	NO_SPANNING_READS	0			NA	NA	UNCALLABLE
SAMN16801843	SRR13089486	HPL00435	PRIMARY_TECHNICAL	HPL00435_Shi470	NONE	YES	.	65	9	1.0000	HIGH	NONE	ALLELE_STATE
SAMN16801843	SRR13089486	HPL00436	PRIMARY_TECHNICAL	HPL00436_P12	NONE	YES	.	66	8	1.0000	HIGH	NONE	ALLELE_STATE
SAMN16801843	SRR13089486	HPL00439	PROVISIONAL_TECHNICAL	HPL00439_26695	NONE	YES	.	43	12	1.0000	HIGH	NONE	ALLELE_STATE
SAMN16801843	SRR13089486	HPL00442	PRIMARY_TECHNICAL	HPL00442_J99	NONE	YES	.	54	8	1.0000	HIGH	NONE	ALLELE_STATE
SAMN16801843	SRR13089486	HPL00443	PRIMARY_TECHNICAL	HPL00443_26695	NONE	YES	.	50	9	0.9800	HIGH	NONE	ALLELE_STATE
SAMN16801843	SRR13089486	HPL00447	PRIMARY_TECHNICAL	HPL00447_26695	NONE	YES	.	12	8	1.0000	MEDIUM	NONE	ALLELE_STATE
SAMN16801843	SRR13089486	HPL00450	PRIMARY_TECHNICAL	HPL00450_J99	NONE	YES	.	39	8	1.0000	HIGH	NONE	ALLELE_STATE
SAMN16801843	SRR13089486	HPL00453	PROVISIONAL_TECHNICAL	HPL00453_26695	NONE	NO	NO_SPANNING_READS	0			NA	NA	UNCALLABLE
SAMN16801843	SRR13089486	HPL00454	PROVISIONAL_TECHNICAL	HPL00454_P12	NONE	YES	.	45	12	1.0000	HIGH	NONE	ALLELE_STATE
SAMN16801843	SRR13089486	HPL00460	PRIMARY_TECHNICAL	HPL00460_26695	NONE	YES	.	57	8	1.0000	HIGH	NONE	ALLELE_STATE
SAMN16801843	SRR13089486	HPL00465	PRIMARY_TECHNICAL	HPL00465_G27	NONE	YES	.	66	8	1.0000	HIGH	NONE	ALLELE_STATE
SAMN16801843	SRR13089486	HPL00466	PRIMARY_TECHNICAL	HPL00466_26695	NONE	YES	.	59	9	0.8644	HIGH	MIXTURE_CANDIDATE	ALLELE_STATE
SAMN16801843	SRR13089486	HPL00469	PRIMARY_TECHNICAL	HPL00469_G27	NONE	YES	.	36	8	1.0000	HIGH	NONE	ALLELE_STATE
SAMN16801843	SRR13089486	HPL00479	PRIMARY_TECHNICAL	HPL00479_P12	NONE	YES	.	44	8	1.0000	HIGH	NONE	ALLELE_STATE
SAMN16801843	SRR13089486	HPL00482	PRIMARY_TECHNICAL	HPL00482_26695	NONE	YES	.	38	8	1.0000	HIGH	NONE	ALLELE_STATE
SAMN16801843	SRR13089486	HPL00483	PRIMARY_TECHNICAL	HPL00483_India7	NONE	YES	.	47	8	1.0000	HIGH	NONE	ALLELE_STATE
SAMN16801843	SRR13089486	HPL00485	PRIMARY_TECHNICAL	HPL00485_26695	NONE	NO	NO_SPANNING_READS	0			NA	NA	UNCALLABLE
SAMN16801843	SRR13089486	HPL00487	PROVISIONAL_TECHNICAL	HPL00487_26695	NONE	YES	.	55	8	1.0000	HIGH	NONE	ALLELE_STATE
SAMN16801843	SRR13089486	HPL00493	PRIMARY_TECHNICAL	HPL00493_26695	NONE	YES	.	65	8	1.0000	HIGH	NONE	ALLELE_STATE
SAMN16801843	SRR13089486	HPL00496	PRIMARY_TECHNICAL	HPL00496_Shi470	NONE	YES	.	52	8	0.9808	HIGH	NONE	ALLELE_STATE
SAMN16801843	SRR13089486	HPL00497	PRIMARY_TECHNICAL	HPL00497_B8	NONE	YES	.	38	8	1.0000	HIGH	NONE	AMBIGUOUS
SAMN16801843	SRR13089486	HPL00498	PRIMARY_TECHNICAL	HPL00498_26695	NONE	YES	.	53	8	1.0000	HIGH	NONE	ALLELE_STATE
SAMN16801843	SRR13089486	HPL00499	PROVISIONAL_TECHNICAL	HPL00499_India7	NONE	YES	.	42	8	1.0000	HIGH	NONE	ALLELE_STATE
SAMN16801843	SRR13089486	HPL00501	PRIMARY_TECHNICAL	HPL00501_26695	NONE	NO	NO_SPANNING_READS	0			NA	NA	UNCALLABLE
SAMN16801843	SRR13089486	HPL00502	PRIMARY_TECHNICAL	HPL00502_P12	NONE	YES	.	35	8	1.0000	HIGH	NONE	ALLELE_STATE
SAMN16801843	SRR13089486	HPL00503	PRIMARY_TECHNICAL	HPL00503_26695	NONE	YES	.	58	7	1.0000	HIGH	NONE	ALLELE_STATE
SAMN16801843	SRR13089486	HPL00505	PRIMARY_TECHNICAL	HPL00505_G27	MEMBER_ALLELE_CONFLICT:HPL00505_P12	NO	MEMBER_ALLELE_CONFLICT	38	8	1.0000	NA	NONE	UNCALLABLE
SAMN16801843	SRR13089486	HPL00506	PRIMARY_TECHNICAL	HPL00506_26695	NONE	YES	.	53	8	1.0000	HIGH	NONE	ALLELE_STATE
SAMN16801843	SRR13089486	HPL00510	PROVISIONAL_TECHNICAL	HPL00510_Shi470	NONE	YES	.	35	13	1.0000	HIGH	NONE	ALLELE_STATE
SAMN16801843	SRR13089486	HPL00514	PRIMARY_TECHNICAL	HPL00514_J99	NONE	YES	.	46	8	1.0000	HIGH	NONE	ALLELE_STATE
SAMN16801843	SRR13089486	HPL00518	PROVISIONAL_TECHNICAL	HPL00518_India7	NONE	YES	.	47	8	1.0000	HIGH	NONE	ALLELE_STATE
SAMN16801843	SRR13089486	HPL00521	PRIMARY_TECHNICAL	HPL00521_India7	NONE	YES	.	42	8	1.0000	HIGH	NONE	ALLELE_STATE
SAMN16801843	SRR13089486	HPL00524	PRIMARY_TECHNICAL	HPL00524_G27	NONE	YES	.	52	8	1.0000	HIGH	NONE	ALLELE_STATE
SAMN16801843	SRR13089486	HPL00529	PRIMARY_TECHNICAL	HPL00529_B8	NONE	YES	.	33	8	1.0000	HIGH	NONE	ALLELE_STATE
SAMN16801843	SRR13089486	HPL00530	PRIMARY_TECHNICAL	HPL00530_G27	NONE	YES	.	42	8	1.0000	HIGH	NONE	ALLELE_STATE
SAMN16801843	SRR13089486	HPL00531	PRIMARY_TECHNICAL	HPL00531_G27	NONE	YES	.	38	8	1.0000	HIGH	NONE	ALLELE_STATE
SAMN16801843	SRR13089486	HPL00533	PROVISIONAL_TECHNICAL	HPL00533_P12	NONE	YES	.	63	8	1.0000	HIGH	NONE	ALLELE_STATE
SAMN16801843	SRR13089486	HPL00540	PRIMARY_TECHNICAL	HPL00540_HPAG1	NONE	YES	.	22	9	1.0000	HIGH	NONE	ALLELE_STATE
SAMN16801843	SRR13089486	HPL00544	PRIMARY_TECHNICAL	HPL00544_J99	NONE	YES	.	49	9	1.0000	HIGH	NONE	ALLELE_STATE
SAMN16801843	SRR13089486	HPL00548	PRIMARY_TECHNICAL	HPL00548_J99	NONE	NO	NO_SPANNING_READS	0			NA	NA	UNCALLABLE
SAMN16801843	SRR13089486	HPL00549	PROVISIONAL_TECHNICAL	HPL00549_P12	NONE	YES	.	51	10	1.0000	HIGH	NONE	ALLELE_STATE
SAMN16801843	SRR13089486	HPL00571	PRIMARY_TECHNICAL	HPL00571_B8	NONE	YES	.	34	8	1.0000	HIGH	NONE	ALLELE_STATE
SAMN16801843	SRR13089486	HPL00573	PRIMARY_TECHNICAL	HPL00573_Shi470	NONE	YES	.	41	9	0.9756	HIGH	NONE	ALLELE_STATE
SAMN16801843	SRR13089486	HPL00576	PRIMARY_TECHNICAL	HPL00576_B8	NONE	YES	.	28	8	1.0000	HIGH	NONE	ALLELE_STATE
SAMN16801843	SRR13089486	HPL00582	PRIMARY_TECHNICAL	HPL00582_B8	NONE	YES	.	27	8	1.0000	HIGH	NONE	ALLELE_STATE
SAMN16801843	SRR13089486	HPL00601	PRIMARY_TECHNICAL	HPL00601_J99	NONE	NO	NO_SPANNING_READS	0			NA	NA	UNCALLABLE
SAMN16801843	SRR13089486	HPL00603	PRIMARY_TECHNICAL	HPL00603_J99	NONE	NO	NO_SPANNING_READS	0			NA	NA	UNCALLABLE
SAMN16801843	SRR13089486	HPL00604	PRIMARY_TECHNICAL	HPL00604_G27	NONE	YES	.	33	8	1.0000	HIGH	NONE	AMBIGUOUS
SAMN16801843	SRR13089486	HPL00608	PROVISIONAL_TECHNICAL	HPL00608_J99	NONE	NO	NO_SPANNING_READS	0			NA	NA	UNCALLABLE
SAMN16801843	SRR13089486	HPL00609	PRIMARY_TECHNICAL	HPL00609_India7	NONE	YES	.	40	8	1.0000	HIGH	NONE	ALLELE_STATE
SAMN16801843	SRR13089486	HPL00613	PRIMARY_TECHNICAL	HPL00613_J99	NONE	NO	NO_SPANNING_READS	0			NA	NA	UNCALLABLE
SAMN16801843	SRR13089486	HPL00622	PROVISIONAL_TECHNICAL	HPL00622_India7	NONE	YES	.	44	8	1.0000	HIGH	NONE	ALLELE_STATE
SAMN16801843	SRR13089486	HPL00628	PROVISIONAL_TECHNICAL	HPL00628_J99	NONE	NO	NO_SPANNING_READS	0			NA	NA	UNCALLABLE
SAMN16801843	SRR13089486	HPL00640	PRIMARY_TECHNICAL	HPL00640_B8	NONE	YES	.	52	8	1.0000	HIGH	NONE	ALLELE_STATE
SAMN16801843	SRR13089486	HPL00645	PRIMARY_TECHNICAL	HPL00645_P12	NONE	YES	.	53	8	1.0000	HIGH	NONE	ALLELE_STATE
SAMN16801843	SRR13089486	HPL00679	PRIMARY_TECHNICAL	HPL00679_J99	NONE	NO	NO_SPANNING_READS	0			NA	NA	UNCALLABLE
SAMN16801843	SRR13089486	HPL00682	PRIMARY_TECHNICAL	HPL00682_J99	NONE	NO	NO_SPANNING_READS	0			NA	NA	UNCALLABLE
SAMN16801843	SRR13089486	HPL00685	PROVISIONAL_TECHNICAL	HPL00685_J99	NONE	YES	.	15	8	1.0000	MEDIUM	NONE	AMBIGUOUS
SAMN16801843	SRR13089486	HPL00699	PRIMARY_TECHNICAL	HPL00699_P12	NONE	YES	.	45	8	1.0000	HIGH	NONE	ALLELE_STATE
SAMN16801843	SRR13089486	HPL00702	PRIMARY_TECHNICAL	HPL00702_G27	NONE	YES	.	32	8	1.0000	HIGH	NONE	ALLELE_STATE
SAMN16801843	SRR13089486	HPL00709	PRIMARY_TECHNICAL	HPL00709_HPAG1	NONE	NO	NO_SPANNING_READS	0			NA	NA	UNCALLABLE
SAMN16801843	SRR13089486	HPL00743	PROVISIONAL_TECHNICAL	HPL00743_India7	NONE	YES	.	29	12	1.0000	HIGH	NONE	ALLELE_STATE
SAMN16801843	SRR13089486	HPL00750	PRIMARY_TECHNICAL	HPL00750_HPAG1	NONE	YES	.	30	8	1.0000	HIGH	NONE	ALLELE_STATE
SAMN16801843	SRR13089486	HPL00751	PRIMARY_TECHNICAL	HPL00751_HPAG1	NONE	YES	.	44	8	1.0000	HIGH	NONE	ALLELE_STATE
SAMN16801843	SRR13089486	HPL00752	PRIMARY_TECHNICAL	HPL00752_Shi470	NONE	YES	.	29	8	1.0000	HIGH	NONE	ALLELE_STATE
SAMN16801843	SRR13089486	HPL00761	PRIMARY_TECHNICAL	HPL00761_Shi470	NONE	YES	.	31	8	1.0000	HIGH	NONE	ALLELE_STATE
SAMN16801843	SRR13089486	HPL00780	PRIMARY_TECHNICAL	HPL00780_HPAG1	NONE	YES	.	37	8	1.0000	HIGH	NONE	ALLELE_STATE
SAMN16801843	SRR13089486	HPL00782	PRIMARY_TECHNICAL	HPL00782_India7	NONE	YES	.	41	8	1.0000	HIGH	NONE	ALLELE_STATE
SAMN16801843	SRR13089486	HPL00804	PRIMARY_TECHNICAL	HPL00804_HPAG1	NONE	YES	.	44	8	1.0000	HIGH	NONE	ALLELE_STATE
SAMN16801843	SRR13089486	HPL00809	PRIMARY_TECHNICAL	HPL00809_HPAG1	NONE	NO	NOT_CALLER_ELIGIBLE:NO:not_uniquely_anchorable				NA	NA	NOT_APPLICABLE
SAMN16801843	SRR13089486	HPL00811	PRIMARY_TECHNICAL	HPL00811_HPAG1	NONE	YES	.	49	8	1.0000	HIGH	NONE	ALLELE_STATE
SAMN16801843	SRR13089486	HPL00816	PRIMARY_TECHNICAL	HPL00816_HPAG1	NONE	NO	NO_SPANNING_READS	0			NA	NA	UNCALLABLE
SAMN16801843	SRR13089486	HPL00817	PRIMARY_TECHNICAL	HPL00817_HPAG1	NONE	YES	.	33	8	1.0000	HIGH	NONE	ALLELE_STATE
SAMN16801843	SRR13089486	HPL00818	PRIMARY_TECHNICAL	HPL00818_HPAG1	NONE	NO	NO_SPANNING_READS	0			NA	NA	UNCALLABLE
SAMN16801843	SRR13089486	HPL00835	PRIMARY_TECHNICAL	HPL00835_India7	NONE	YES	.	8	8	1.0000	LOW	NONE	ALLELE_STATE
SAMN16801843	SRR13089486	HPL00838	PRIMARY_TECHNICAL	HPL00838_G27	NONE	NO	NO_SPANNING_READS	0			NA	NA	UNCALLABLE
SAMN16801843	SRR13089486	HPL00839	PRIMARY_TECHNICAL	HPL00839_B8	NONE	YES	.	20	8	1.0000	HIGH	NONE	ALLELE_STATE
SAMN16801843	SRR13089486	HPL00840	PRIMARY_TECHNICAL	HPL00840_G27	NONE	NO	NO_SPANNING_READS	0			NA	NA	UNCALLABLE
SAMN16801843	SRR13089486	HPL00841	PRIMARY_TECHNICAL	HPL00841_G27	NONE	YES	.	9	8	1.0000	LOW	NONE	ALLELE_STATE
SAMN16801843	SRR13089486	HPL00849	PRIMARY_TECHNICAL	HPL00849_G27	NONE	YES	.	29	8	1.0000	HIGH	NONE	ALLELE_STATE
SAMN16801843	SRR13089486	HPL00884	PRIMARY_TECHNICAL	HPL00884_Shi470	NONE	YES	.	37	8	1.0000	HIGH	NONE	ALLELE_STATE
SAMN16801843	SRR13089486	HPL00934	PRIMARY_TECHNICAL	HPL00934_G27	NONE	NO	NO_SPANNING_READS	0			NA	NA	UNCALLABLE
SAMN16801843	SRR13089486	HPL00977	PRIMARY_TECHNICAL	HPL00977_India7	NONE	YES	.	27	8	1.0000	HIGH	NONE	ALLELE_STATE
SAMN16801843	SRR13089486	HPL01050	PRIMARY_TECHNICAL	HPL01050_B8	NONE	YES	.	26	8	1.0000	HIGH	NONE	ALLELE_STATE
SAMN16801843	SRR13089486	HPL01053	PRIMARY_TECHNICAL	HPL01053_P12	NONE	NO	NO_SPANNING_READS	0			NA	NA	UNCALLABLE
SAMN16801843	SRR13089486	HPL01081	PRIMARY_TECHNICAL	HPL01081_B8	NONE	NO	NO_SPANNING_READS	0			NA	NA	UNCALLABLE
SAMN16801843	SRR13089486	HPL01098	PROVISIONAL_TECHNICAL	HPL01098_B8	NONE	YES	.	38	12	1.0000	HIGH	NONE	ALLELE_STATE
SAMN16801843	SRR13089486	HPL01110	PRIMARY_TECHNICAL	HPL01110_B8	NONE	YES	.	37	8	1.0000	HIGH	NONE	ALLELE_STATE
SAMN16801843	SRR13089486	HPL01140	PRIMARY_TECHNICAL	HPL01140_B8	NONE	NO	NO_SPANNING_READS	0			NA	NA	UNCALLABLE
SAMN16801844	SRR13089485	HPL00001	PRIMARY_TECHNICAL	HPL00001_26695	NONE	YES	.	46	8	1.0000	HIGH	NONE	ALLELE_STATE
SAMN16801844	SRR13089485	HPL00002	PRIMARY_TECHNICAL	HPL00002_P12	NONE	YES	.	44	8	1.0000	HIGH	NONE	ALLELE_STATE
SAMN16801844	SRR13089485	HPL00007	PRIMARY_TECHNICAL	HPL00007_26695	NONE	YES	.	55	8	1.0000	HIGH	NONE	ALLELE_STATE
SAMN16801844	SRR13089485	HPL00008	PRIMARY_TECHNICAL	HPL00008_B8	NONE	YES	.	49	8	1.0000	HIGH	NONE	ALLELE_STATE
SAMN16801844	SRR13089485	HPL00010	PRIMARY_TECHNICAL	HPL00010_India7	NONE	YES	.	46	12	0.9130	HIGH	NONE	ALLELE_STATE
SAMN16801844	SRR13089485	HPL00013	PRIMARY_TECHNICAL	HPL00013_Shi470	NONE	YES	.	33	8	1.0000	HIGH	NONE	ALLELE_STATE
SAMN16801844	SRR13089485	HPL00014	PRIMARY_TECHNICAL	HPL00014_J99	NONE	YES	.	43	8	1.0000	HIGH	NONE	ALLELE_STATE
SAMN16801844	SRR13089485	HPL00018	PROVISIONAL_TECHNICAL	HPL00018_26695	NONE	NO	NO_SPANNING_READS	0			NA	NA	UNCALLABLE
SAMN16801844	SRR13089485	HPL00019	PRIMARY_TECHNICAL	HPL00019_26695	NONE	YES	.	20	8	1.0000	HIGH	NONE	ALLELE_STATE
SAMN16801844	SRR13089485	HPL00022	PROVISIONAL_TECHNICAL	HPL00022_P12	NONE	YES	.	37	14	1.0000	HIGH	NONE	ALLELE_STATE
SAMN16801844	SRR13089485	HPL00024	PRIMARY_TECHNICAL	HPL00024_26695	NONE	YES	.	62	8	1.0000	HIGH	NONE	ALLELE_STATE
SAMN16801844	SRR13089485	HPL00025	PRIMARY_TECHNICAL	HPL00025_26695	NONE	YES	.	50	8	1.0000	HIGH	NONE	ALLELE_STATE
SAMN16801844	SRR13089485	HPL00030	PROVISIONAL_TECHNICAL	HPL00030_26695	NONE	YES	.	25	12	1.0000	HIGH	NONE	ALLELE_STATE
SAMN16801844	SRR13089485	HPL00031	PROVISIONAL_TECHNICAL	HPL00031_India7	NONE	YES	.	32	12	1.0000	HIGH	NONE	ALLELE_STATE
SAMN16801844	SRR13089485	HPL00033	PROVISIONAL_TECHNICAL	HPL00033_B8	NONE	YES	.	57	11	0.9649	HIGH	NONE	ALLELE_STATE
SAMN16801844	SRR13089485	HPL00037	PRIMARY_TECHNICAL	HPL00037_26695	NONE	YES	.	51	8	1.0000	HIGH	NONE	ALLELE_STATE
SAMN16801844	SRR13089485	HPL00038	PRIMARY_TECHNICAL	HPL00038_B8	NONE	YES	.	56	8	1.0000	HIGH	NONE	ALLELE_STATE
SAMN16801844	SRR13089485	HPL00040	PRIMARY_TECHNICAL	HPL00040_J99	NONE	YES	.	41	8	1.0000	HIGH	NONE	ALLELE_STATE
SAMN16801844	SRR13089485	HPL00042	PRIMARY_TECHNICAL	HPL00042_Shi470	NONE	YES	.	39	8	1.0000	HIGH	NONE	ALLELE_STATE
SAMN16801844	SRR13089485	HPL00043	PRIMARY_TECHNICAL	HPL00043_26695	NONE	YES	.	24	8	0.9583	HIGH	NONE	ALLELE_STATE
SAMN16801844	SRR13089485	HPL00044	PRIMARY_TECHNICAL	HPL00044_26695	MEMBER_ALLELE_CONFLICT:HPL00044_Shi470	NO	MEMBER_ALLELE_CONFLICT	51	8	1.0000	NA	NONE	UNCALLABLE
SAMN16801844	SRR13089485	HPL00045	PROVISIONAL_TECHNICAL	HPL00045_G27	NONE	YES	.	15	16	1.0000	MEDIUM	NONE	AMBIGUOUS
SAMN16801844	SRR13089485	HPL00046	PROVISIONAL_TECHNICAL	HPL00046_26695	NONE	YES	.	32	12	1.0000	HIGH	NONE	ALLELE_STATE
SAMN16801844	SRR13089485	HPL00047	PRIMARY_TECHNICAL	HPL00047_G27	NONE	YES	.	30	8	1.0000	HIGH	NONE	ALLELE_STATE
SAMN16801844	SRR13089485	HPL00049	PRIMARY_TECHNICAL	HPL00049_Shi470	NONE	YES	.	45	8	1.0000	HIGH	NONE	ALLELE_STATE
SAMN16801844	SRR13089485	HPL00050	PRIMARY_TECHNICAL	HPL00050_26695	NONE	YES	.	46	8	1.0000	HIGH	NONE	ALLELE_STATE
SAMN16801844	SRR13089485	HPL00051	PRIMARY_TECHNICAL	HPL00051_Shi470	NONE	YES	.	40	8	1.0000	HIGH	NONE	ALLELE_STATE
SAMN16801844	SRR13089485	HPL00053	PRIMARY_TECHNICAL	HPL00053_26695	NONE	YES	.	35	8	1.0000	HIGH	NONE	ALLELE_STATE
SAMN16801844	SRR13089485	HPL00055	PRIMARY_TECHNICAL	HPL00055_Shi470	NONE	YES	.	46	8	1.0000	HIGH	NONE	ALLELE_STATE
SAMN16801844	SRR13089485	HPL00060	PROVISIONAL_TECHNICAL	HPL00060_26695	NONE	NO	NO_SPANNING_READS	0			NA	NA	UNCALLABLE
SAMN16801844	SRR13089485	HPL00061	PROVISIONAL_TECHNICAL	HPL00061_26695	NONE	YES	.	20	10	1.0000	HIGH	NONE	OFF
SAMN16801844	SRR13089485	HPL00063	PROVISIONAL_TECHNICAL	HPL00063_26695	NONE	YES	.	47	12	1.0000	HIGH	NONE	ALLELE_STATE
SAMN16801844	SRR13089485	HPL00064	PRIMARY_TECHNICAL	HPL00064_26695	NONE	YES	.	60	8	1.0000	HIGH	NONE	ALLELE_STATE
SAMN16801844	SRR13089485	HPL00065	PROVISIONAL_TECHNICAL	HPL00065_26695	NONE	YES	.	36	12	1.0000	HIGH	NONE	ALLELE_STATE
SAMN16801844	SRR13089485	HPL00068	PRIMARY_TECHNICAL	HPL00068_Shi470	NONE	YES	.	33	9	1.0000	HIGH	NONE	ALLELE_STATE
SAMN16801844	SRR13089485	HPL00070	PROVISIONAL_TECHNICAL	HPL00070_J99	NONE	YES	.	26	12	1.0000	HIGH	NONE	ALLELE_STATE
SAMN16801844	SRR13089485	HPL00071	PRIMARY_TECHNICAL	HPL00071_26695	NONE	YES	.	49	8	1.0000	HIGH	NONE	ALLELE_STATE
SAMN16801844	SRR13089485	HPL00072	PRIMARY_TECHNICAL	HPL00072_26695	NONE	YES	.	39	8	1.0000	HIGH	NONE	ALLELE_STATE
SAMN16801844	SRR13089485	HPL00073	PRIMARY_TECHNICAL	HPL00073_J99	NONE	YES	.	29	8	1.0000	HIGH	NONE	ALLELE_STATE
SAMN16801844	SRR13089485	HPL00074	PRIMARY_TECHNICAL	HPL00074_HPAG1	NONE	YES	.	42	8	1.0000	HIGH	NONE	ALLELE_STATE
SAMN16801844	SRR13089485	HPL00075	PRIMARY_TECHNICAL	HPL00075_J99	NONE	YES	.	42	8	1.0000	HIGH	NONE	ALLELE_STATE
SAMN16801844	SRR13089485	HPL00076	PRIMARY_TECHNICAL	HPL00076_Shi470	NONE	YES	.	44	8	1.0000	HIGH	NONE	ALLELE_STATE
SAMN16801844	SRR13089485	HPL00077	PRIMARY_TECHNICAL	HPL00077_26695	NONE	YES	.	56	8	1.0000	HIGH	NONE	ALLELE_STATE
SAMN16801844	SRR13089485	HPL00079	PRIMARY_TECHNICAL	HPL00079_HPAG1	NONE	YES	.	41	8	1.0000	HIGH	NONE	ALLELE_STATE
SAMN16801844	SRR13089485	HPL00080	PRIMARY_TECHNICAL	HPL00080_B8	NONE	YES	.	16	8	1.0000	MEDIUM	NONE	ALLELE_STATE
SAMN16801844	SRR13089485	HPL00083	PROVISIONAL_TECHNICAL	HPL00083_26695	NONE	YES	.	44	13	0.9773	HIGH	NONE	ALLELE_STATE
SAMN16801844	SRR13089485	HPL00084	PRIMARY_TECHNICAL	HPL00084_Shi470	NONE	YES	.	55	8	1.0000	HIGH	NONE	ALLELE_STATE
SAMN16801844	SRR13089485	HPL00085	PRIMARY_TECHNICAL	HPL00085_26695	NONE	YES	.	39	8	1.0000	HIGH	NONE	ALLELE_STATE
SAMN16801844	SRR13089485	HPL00087	PRIMARY_TECHNICAL	HPL00087_Shi470	NONE	YES	.	45	9	0.9778	HIGH	NONE	AMBIGUOUS
SAMN16801844	SRR13089485	HPL00089	PRIMARY_TECHNICAL	HPL00089_Shi470	NONE	YES	.	37	8	1.0000	HIGH	NONE	ALLELE_STATE
SAMN16801844	SRR13089485	HPL00090	PRIMARY_TECHNICAL	HPL00090_India7	NONE	YES	.	54	8	0.9815	HIGH	NONE	ALLELE_STATE
SAMN16801844	SRR13089485	HPL00099	PRIMARY_TECHNICAL	HPL00099_HPAG1	NONE	YES	.	43	8	1.0000	HIGH	NONE	ALLELE_STATE
SAMN16801844	SRR13089485	HPL00103	PRIMARY_TECHNICAL	HPL00103_B8	NONE	YES	.	52	14	0.8654	HIGH	NONE	ALLELE_STATE
SAMN16801844	SRR13089485	HPL00104	PRIMARY_TECHNICAL	HPL00104_26695	NONE	NO	NO_SPANNING_READS	0			NA	NA	UNCALLABLE
SAMN16801844	SRR13089485	HPL00105	PRIMARY_TECHNICAL	HPL00105_HPAG1	NONE	YES	.	40	8	1.0000	HIGH	NONE	ALLELE_STATE
SAMN16801844	SRR13089485	HPL00106	PRIMARY_TECHNICAL	HPL00106_G27	NONE	YES	.	52	8	0.9808	HIGH	NONE	ALLELE_STATE
SAMN16801844	SRR13089485	HPL00107	PRIMARY_TECHNICAL	HPL00107_HPAG1	NONE	YES	.	44	8	1.0000	HIGH	NONE	ALLELE_STATE
SAMN16801844	SRR13089485	HPL00108	PRIMARY_TECHNICAL	HPL00108_Shi470	NONE	YES	.	56	8	1.0000	HIGH	NONE	ALLELE_STATE
SAMN16801844	SRR13089485	HPL00109	PRIMARY_TECHNICAL	HPL00109_Shi470	NONE	YES	.	37	8	1.0000	HIGH	NONE	ALLELE_STATE
SAMN16801844	SRR13089485	HPL00111	PRIMARY_TECHNICAL	HPL00111_26695	NONE	YES	.	41	8	1.0000	HIGH	NONE	ALLELE_STATE
SAMN16801844	SRR13089485	HPL00112	PRIMARY_TECHNICAL	HPL00112_P12	NONE	YES	.	25	9	1.0000	HIGH	NONE	ALLELE_STATE
SAMN16801844	SRR13089485	HPL00113	PRIMARY_TECHNICAL	HPL00113_P12	NONE	YES	.	37	8	0.9730	HIGH	NONE	ALLELE_STATE
SAMN16801844	SRR13089485	HPL00116	PRIMARY_TECHNICAL	HPL00116_26695	NONE	YES	.	30	8	1.0000	HIGH	NONE	ALLELE_STATE
SAMN16801844	SRR13089485	HPL00117	PRIMARY_TECHNICAL	HPL00117_P12	NONE	YES	.	37	9	1.0000	HIGH	NONE	AMBIGUOUS
SAMN16801844	SRR13089485	HPL00119	PRIMARY_TECHNICAL	HPL00119_India7	NONE	YES	.	65	8	1.0000	HIGH	NONE	ALLELE_STATE
SAMN16801844	SRR13089485	HPL00120	PRIMARY_TECHNICAL	HPL00120_Shi470	NONE	YES	.	39	8	1.0000	HIGH	NONE	ALLELE_STATE
SAMN16801844	SRR13089485	HPL00121	PRIMARY_TECHNICAL	HPL00121_J99	NONE	YES	.	40	8	1.0000	HIGH	NONE	ALLELE_STATE
SAMN16801844	SRR13089485	HPL00123	PRIMARY_TECHNICAL	HPL00123_HPAG1	NONE	YES	.	51	8	1.0000	HIGH	NONE	ALLELE_STATE
SAMN16801844	SRR13089485	HPL00125	PRIMARY_TECHNICAL	HPL00125_26695	NONE	NO	NO_SPANNING_READS	0			NA	NA	UNCALLABLE
SAMN16801844	SRR13089485	HPL00126	PRIMARY_TECHNICAL	HPL00126_HPAG1	NONE	YES	.	37	8	1.0000	HIGH	NONE	ALLELE_STATE
SAMN16801844	SRR13089485	HPL00127	PRIMARY_TECHNICAL	HPL00127_B8	NONE	YES	.	45	9	1.0000	HIGH	NONE	ALLELE_STATE
SAMN16801844	SRR13089485	HPL00134	PRIMARY_TECHNICAL	HPL00134_26695	NONE	NO	NO_SPANNING_READS	0			NA	NA	UNCALLABLE
SAMN16801844	SRR13089485	HPL00138	PRIMARY_TECHNICAL	HPL00138_J99	NONE	YES	.	42	8	1.0000	HIGH	NONE	ALLELE_STATE
SAMN16801844	SRR13089485	HPL00139	PRIMARY_TECHNICAL	HPL00139_26695	NONE	YES	.	34	8	1.0000	HIGH	NONE	ALLELE_STATE
SAMN16801844	SRR13089485	HPL00141	PRIMARY_TECHNICAL	HPL00141_Shi470	NONE	YES	.	16	7	1.0000	MEDIUM	NONE	ALLELE_STATE
SAMN16801844	SRR13089485	HPL00143	PRIMARY_TECHNICAL	HPL00143_26695	NONE	YES	.	30	8	1.0000	HIGH	NONE	ALLELE_STATE
SAMN16801844	SRR13089485	HPL00145	PRIMARY_TECHNICAL	HPL00145_India7	NONE	YES	.	31	8	1.0000	HIGH	NONE	ALLELE_STATE
SAMN16801844	SRR13089485	HPL00150	PRIMARY_TECHNICAL	HPL00150_J99	NONE	YES	.	43	9	0.9767	HIGH	NONE	ALLELE_STATE
SAMN16801844	SRR13089485	HPL00151	PROVISIONAL_TECHNICAL	HPL00151_HPAG1	NONE	YES	.	26	8	0.5385	HIGH	MIXED	ALLELE_STATE
SAMN16801844	SRR13089485	HPL00154	PRIMARY_TECHNICAL	HPL00154_P12	NONE	YES	.	40	8	1.0000	HIGH	NONE	ALLELE_STATE
SAMN16801844	SRR13089485	HPL00155	PRIMARY_TECHNICAL	HPL00155_26695	NONE	YES	.	39	9	0.9744	HIGH	NONE	ALLELE_STATE
SAMN16801844	SRR13089485	HPL00156	PRIMARY_TECHNICAL	HPL00156_26695	NONE	YES	.	35	8	0.9714	HIGH	NONE	ALLELE_STATE
SAMN16801844	SRR13089485	HPL00157	PRIMARY_TECHNICAL	HPL00157_P12	NONE	YES	.	51	8	1.0000	HIGH	NONE	ALLELE_STATE
SAMN16801844	SRR13089485	HPL00158	PRIMARY_TECHNICAL	HPL00158_26695	NONE	YES	.	34	7	1.0000	HIGH	NONE	ALLELE_STATE
SAMN16801844	SRR13089485	HPL00162	PRIMARY_TECHNICAL	HPL00162_26695	NONE	YES	.	39	8	1.0000	HIGH	NONE	ALLELE_STATE
SAMN16801844	SRR13089485	HPL00163	PRIMARY_TECHNICAL	HPL00163_G27	NONE	YES	.	46	8	1.0000	HIGH	NONE	ALLELE_STATE
SAMN16801844	SRR13089485	HPL00165	PRIMARY_TECHNICAL	HPL00165_HPAG1	NONE	YES	.	39	8	0.9744	HIGH	NONE	ALLELE_STATE
SAMN16801844	SRR13089485	HPL00166	PRIMARY_TECHNICAL	HPL00166_P12	NONE	YES	.	24	8	1.0000	HIGH	NONE	ALLELE_STATE
SAMN16801844	SRR13089485	HPL00169	PRIMARY_TECHNICAL	HPL00169_J99	NONE	YES	.	33	8	1.0000	HIGH	NONE	ALLELE_STATE
SAMN16801844	SRR13089485	HPL00170	PRIMARY_TECHNICAL	HPL00170_26695	NONE	NO	NOT_CALLER_ELIGIBLE:NO:not_uniquely_anchorable				NA	NA	NOT_APPLICABLE
SAMN16801844	SRR13089485	HPL00172	PRIMARY_TECHNICAL	HPL00172_HPAG1	NONE	YES	.	39	8	1.0000	HIGH	NONE	ALLELE_STATE
SAMN16801844	SRR13089485	HPL00174	PRIMARY_TECHNICAL	HPL00174_J99	NONE	YES	.	38	8	1.0000	HIGH	NONE	ALLELE_STATE
SAMN16801844	SRR13089485	HPL00177	PRIMARY_TECHNICAL	HPL00177_India7	NONE	YES	.	28	10	1.0000	HIGH	NONE	AMBIGUOUS
SAMN16801844	SRR13089485	HPL00178	PRIMARY_TECHNICAL	HPL00178_P12	NONE	YES	.	8	8	1.0000	LOW	NONE	ALLELE_STATE
SAMN16801844	SRR13089485	HPL00181	PRIMARY_TECHNICAL	HPL00181_26695	NONE	YES	.	33	8	1.0000	HIGH	NONE	ALLELE_STATE
SAMN16801844	SRR13089485	HPL00183	PRIMARY_TECHNICAL	HPL00183_Shi470	NONE	YES	.	44	8	1.0000	HIGH	NONE	ALLELE_STATE
SAMN16801844	SRR13089485	HPL00187	PRIMARY_TECHNICAL	HPL00187_HPAG1	NONE	YES	.	47	9	1.0000	HIGH	NONE	ALLELE_STATE
SAMN16801844	SRR13089485	HPL00189	PRIMARY_TECHNICAL	HPL00189_Shi470	NONE	YES	.	44	8	1.0000	HIGH	NONE	ALLELE_STATE
SAMN16801844	SRR13089485	HPL00191	PRIMARY_TECHNICAL	HPL00191_India7	NONE	YES	.	50	8	1.0000	HIGH	NONE	ALLELE_STATE
SAMN16801844	SRR13089485	HPL00193	PRIMARY_TECHNICAL	HPL00193_26695	NONE	NO	NO_SPANNING_READS	0			NA	NA	UNCALLABLE
SAMN16801844	SRR13089485	HPL00194	PRIMARY_TECHNICAL	HPL00194_India7	NONE	YES	.	44	9	0.9545	HIGH	NONE	ALLELE_STATE
SAMN16801844	SRR13089485	HPL00197	PROVISIONAL_TECHNICAL	HPL00197_G27	NONE	YES	.	47	8	1.0000	HIGH	NONE	ALLELE_STATE
SAMN16801844	SRR13089485	HPL00198	PRIMARY_TECHNICAL	HPL00198_India7	NONE	YES	.	36	8	0.9722	HIGH	NONE	ALLELE_STATE
SAMN16801844	SRR13089485	HPL00199	PRIMARY_TECHNICAL	HPL00199_26695	NONE	YES	.	48	8	0.9792	HIGH	NONE	ALLELE_STATE
SAMN16801844	SRR13089485	HPL00202	PRIMARY_TECHNICAL	HPL00202_India7	NONE	YES	.	33	9	1.0000	HIGH	NONE	AMBIGUOUS
SAMN16801844	SRR13089485	HPL00204	PRIMARY_TECHNICAL	HPL00204_B8	NONE	YES	.	56	8	1.0000	HIGH	NONE	ALLELE_STATE
SAMN16801844	SRR13089485	HPL00206	PRIMARY_TECHNICAL	HPL00206_26695	NONE	YES	.	46	8	1.0000	HIGH	NONE	ALLELE_STATE
SAMN16801844	SRR13089485	HPL00209	PRIMARY_TECHNICAL	HPL00209_26695	NONE	YES	.	52	8	1.0000	HIGH	NONE	ALLELE_STATE
SAMN16801844	SRR13089485	HPL00210	PRIMARY_TECHNICAL	HPL00210_26695	NONE	YES	.	41	8	1.0000	HIGH	NONE	ALLELE_STATE
SAMN16801844	SRR13089485	HPL00214	PRIMARY_TECHNICAL	HPL00214_J99	NONE	YES	.	48	8	1.0000	HIGH	NONE	ALLELE_STATE
SAMN16801844	SRR13089485	HPL00222	PRIMARY_TECHNICAL	HPL00222_Shi470	NONE	YES	.	9	8	1.0000	LOW	NONE	ALLELE_STATE
SAMN16801844	SRR13089485	HPL00223	PRIMARY_TECHNICAL	HPL00223_G27	NONE	YES	.	34	8	1.0000	HIGH	NONE	ALLELE_STATE
SAMN16801844	SRR13089485	HPL00224	PRIMARY_TECHNICAL	HPL00224_26695	NONE	YES	.	66	8	1.0000	HIGH	NONE	ALLELE_STATE
SAMN16801844	SRR13089485	HPL00225	PRIMARY_TECHNICAL	HPL00225_26695	NONE	YES	.	37	8	1.0000	HIGH	NONE	ALLELE_STATE
SAMN16801844	SRR13089485	HPL00229	PRIMARY_TECHNICAL	HPL00229_Shi470	NONE	YES	.	24	8	1.0000	HIGH	NONE	ALLELE_STATE
SAMN16801844	SRR13089485	HPL00230	PROVISIONAL_TECHNICAL	HPL00230_26695	NONE	YES	.	31	12	1.0000	HIGH	NONE	ALLELE_STATE
SAMN16801844	SRR13089485	HPL00231	PRIMARY_TECHNICAL	HPL00231_G27	NONE	YES	.	32	8	1.0000	HIGH	NONE	ALLELE_STATE
SAMN16801844	SRR13089485	HPL00232	PRIMARY_TECHNICAL	HPL00232_P12	NONE	YES	.	42	8	1.0000	HIGH	NONE	ALLELE_STATE
SAMN16801844	SRR13089485	HPL00234	PRIMARY_TECHNICAL	HPL00234_26695	NONE	YES	.	49	8	0.9796	HIGH	NONE	ALLELE_STATE
SAMN16801844	SRR13089485	HPL00239	PRIMARY_TECHNICAL	HPL00239_Shi470	NONE	YES	.	41	8	1.0000	HIGH	NONE	ALLELE_STATE
SAMN16801844	SRR13089485	HPL00241	PRIMARY_TECHNICAL	HPL00241_26695	NONE	YES	.	49	8	1.0000	HIGH	NONE	ALLELE_STATE
SAMN16801844	SRR13089485	HPL00242	PRIMARY_TECHNICAL	HPL00242_HPAG1	NONE	YES	.	33	8	1.0000	HIGH	NONE	ALLELE_STATE
SAMN16801844	SRR13089485	HPL00243	PRIMARY_TECHNICAL	HPL00243_HPAG1	NONE	YES	.	35	8	1.0000	HIGH	NONE	ALLELE_STATE
SAMN16801844	SRR13089485	HPL00244	PRIMARY_TECHNICAL	HPL00244_26695	NONE	YES	.	34	8	1.0000	HIGH	NONE	ALLELE_STATE
SAMN16801844	SRR13089485	HPL00245	PRIMARY_TECHNICAL	HPL00245_26695	NONE	YES	.	21	8	1.0000	HIGH	NONE	ALLELE_STATE
SAMN16801844	SRR13089485	HPL00246	PRIMARY_TECHNICAL	HPL00246_26695	NONE	YES	.	13	8	1.0000	MEDIUM	NONE	ALLELE_STATE
SAMN16801844	SRR13089485	HPL00247	PRIMARY_TECHNICAL	HPL00247_26695	NONE	YES	.	45	8	1.0000	HIGH	NONE	ALLELE_STATE
SAMN16801844	SRR13089485	HPL00251	PRIMARY_TECHNICAL	HPL00251_HPAG1	NONE	YES	.	32	8	0.9688	HIGH	NONE	ALLELE_STATE
SAMN16801844	SRR13089485	HPL00259	PRIMARY_TECHNICAL	HPL00259_26695	NONE	YES	.	53	8	1.0000	HIGH	NONE	ALLELE_STATE
SAMN16801844	SRR13089485	HPL00261	PRIMARY_TECHNICAL	HPL00261_26695	NONE	NO	NO_SPANNING_READS	0			NA	NA	UNCALLABLE
SAMN16801844	SRR13089485	HPL00262	PRIMARY_TECHNICAL	HPL00262_India7	NONE	YES	.	42	8	1.0000	HIGH	NONE	ALLELE_STATE
SAMN16801844	SRR13089485	HPL00264	PRIMARY_TECHNICAL	HPL00264_B8	NONE	YES	.	27	8	1.0000	HIGH	NONE	ALLELE_STATE
SAMN16801844	SRR13089485	HPL00267	PRIMARY_TECHNICAL	HPL00267_26695	NONE	YES	.	34	8	0.9706	HIGH	NONE	ALLELE_STATE
SAMN16801844	SRR13089485	HPL00270	PRIMARY_TECHNICAL	HPL00270_HPAG1	NONE	YES	.	33	8	1.0000	HIGH	NONE	ALLELE_STATE
SAMN16801844	SRR13089485	HPL00273	PRIMARY_TECHNICAL	HPL00273_G27	NONE	YES	.	44	8	1.0000	HIGH	NONE	ALLELE_STATE
SAMN16801844	SRR13089485	HPL00274	PRIMARY_TECHNICAL	HPL00274_India7	NONE	YES	.	37	8	1.0000	HIGH	NONE	ALLELE_STATE
SAMN16801844	SRR13089485	HPL00275	PRIMARY_TECHNICAL	HPL00275_26695	NONE	YES	.	24	8	1.0000	HIGH	NONE	ALLELE_STATE
SAMN16801844	SRR13089485	HPL00276	PRIMARY_TECHNICAL	HPL00276_26695	NONE	YES	.	45	8	1.0000	HIGH	NONE	ALLELE_STATE
SAMN16801844	SRR13089485	HPL00277	PRIMARY_TECHNICAL	HPL00277_26695	NONE	YES	.	51	8	1.0000	HIGH	NONE	ALLELE_STATE
SAMN16801844	SRR13089485	HPL00288	PRIMARY_TECHNICAL	HPL00288_B8	NONE	YES	.	30	8	1.0000	HIGH	NONE	ALLELE_STATE
SAMN16801844	SRR13089485	HPL00289	PRIMARY_TECHNICAL	HPL00289_Shi470	NONE	YES	.	27	9	0.9630	HIGH	NONE	ALLELE_STATE
SAMN16801844	SRR13089485	HPL00290	PRIMARY_TECHNICAL	HPL00290_Shi470	NONE	YES	.	23	8	1.0000	HIGH	NONE	ALLELE_STATE
SAMN16801844	SRR13089485	HPL00291	PROVISIONAL_TECHNICAL	HPL00291_26695	NONE	YES	.	47	8	1.0000	HIGH	NONE	ALLELE_STATE
SAMN16801844	SRR13089485	HPL00292	PRIMARY_TECHNICAL	HPL00292_26695	NONE	NO	NO_SPANNING_READS	0			NA	NA	UNCALLABLE
SAMN16801844	SRR13089485	HPL00293	PRIMARY_TECHNICAL	HPL00293_G27	NONE	YES	.	36	8	1.0000	HIGH	NONE	ALLELE_STATE
SAMN16801844	SRR13089485	HPL00297	PRIMARY_TECHNICAL	HPL00297_Shi470	NONE	YES	.	44	8	1.0000	HIGH	NONE	ALLELE_STATE
SAMN16801844	SRR13089485	HPL00299	PROVISIONAL_TECHNICAL	HPL00299_B8	NONE	YES	.	36	12	1.0000	HIGH	NONE	ALLELE_STATE
SAMN16801844	SRR13089485	HPL00301	PRIMARY_TECHNICAL	HPL00301_Shi470	NONE	YES	.	40	8	1.0000	HIGH	NONE	ALLELE_STATE
SAMN16801844	SRR13089485	HPL00303	PRIMARY_TECHNICAL	HPL00303_26695	NONE	YES	.	32	8	1.0000	HIGH	NONE	ALLELE_STATE
SAMN16801844	SRR13089485	HPL00304	PRIMARY_TECHNICAL	HPL00304_HPAG1	NONE	YES	.	25	8	1.0000	HIGH	NONE	ALLELE_STATE
SAMN16801844	SRR13089485	HPL00305	PRIMARY_TECHNICAL	HPL00305_26695	NONE	YES	.	35	8	1.0000	HIGH	NONE	ALLELE_STATE
SAMN16801844	SRR13089485	HPL00306	PRIMARY_TECHNICAL	HPL00306_26695	NONE	YES	.	33	8	0.9697	HIGH	NONE	ALLELE_STATE
SAMN16801844	SRR13089485	HPL00311	PRIMARY_TECHNICAL	HPL00311_India7	NONE	YES	.	44	8	0.9773	HIGH	NONE	ALLELE_STATE
SAMN16801844	SRR13089485	HPL00312	PROVISIONAL_TECHNICAL	HPL00312_G27	NONE	YES	.	32	13	1.0000	HIGH	NONE	ALLELE_STATE
SAMN16801844	SRR13089485	HPL00313	PRIMARY_TECHNICAL	HPL00313_J99	NONE	YES	.	47	8	1.0000	HIGH	NONE	ALLELE_STATE
SAMN16801844	SRR13089485	HPL00314	PRIMARY_TECHNICAL	HPL00314_26695	NONE	YES	.	60	8	1.0000	HIGH	NONE	ALLELE_STATE
SAMN16801844	SRR13089485	HPL00316	PRIMARY_TECHNICAL	HPL00316_26695	NONE	NO	NO_SPANNING_READS	0			NA	NA	UNCALLABLE
SAMN16801844	SRR13089485	HPL00318	PRIMARY_TECHNICAL	HPL00318_26695	NONE	NO	NO_SPANNING_READS	0			NA	NA	UNCALLABLE
SAMN16801844	SRR13089485	HPL00319	PRIMARY_TECHNICAL	HPL00319_26695	NONE	NO	NO_SPANNING_READS	0			NA	NA	UNCALLABLE
SAMN16801844	SRR13089485	HPL00321	PRIMARY_TECHNICAL	HPL00321_26695	NONE	NO	NO_SPANNING_READS	0			NA	NA	UNCALLABLE
SAMN16801844	SRR13089485	HPL00322	PRIMARY_TECHNICAL	HPL00322_26695	NONE	NO	NO_SPANNING_READS	0			NA	NA	UNCALLABLE
SAMN16801844	SRR13089485	HPL00325	PRIMARY_TECHNICAL	HPL00325_Shi470	NONE	YES	.	28	8	1.0000	HIGH	NONE	ALLELE_STATE
SAMN16801844	SRR13089485	HPL00329	PRIMARY_TECHNICAL	HPL00329_26695	NONE	YES	.	34	8	1.0000	HIGH	NONE	ALLELE_STATE
SAMN16801844	SRR13089485	HPL00330	PROVISIONAL_TECHNICAL	HPL00330_P12	NONE	YES	.	46	8	1.0000	HIGH	NONE	ALLELE_STATE
SAMN16801844	SRR13089485	HPL00332	PRIMARY_TECHNICAL	HPL00332_26695	NONE	YES	.	41	8	1.0000	HIGH	NONE	ALLELE_STATE
SAMN16801844	SRR13089485	HPL00333	PRIMARY_TECHNICAL	HPL00333_26695	NONE	YES	.	35	8	0.9429	HIGH	NONE	ALLELE_STATE
SAMN16801844	SRR13089485	HPL00337	PRIMARY_TECHNICAL	HPL00337_26695	NONE	YES	.	53	8	1.0000	HIGH	NONE	ALLELE_STATE
SAMN16801844	SRR13089485	HPL00341	PRIMARY_TECHNICAL	HPL00341_India7	NONE	YES	.	53	8	1.0000	HIGH	NONE	ALLELE_STATE
SAMN16801844	SRR13089485	HPL00342	PRIMARY_TECHNICAL	HPL00342_B8	NONE	YES	.	45	8	1.0000	HIGH	NONE	ALLELE_STATE
SAMN16801844	SRR13089485	HPL00344	PRIMARY_TECHNICAL	HPL00344_26695	NONE	YES	.	60	8	1.0000	HIGH	NONE	ALLELE_STATE
SAMN16801844	SRR13089485	HPL00345	PRIMARY_TECHNICAL	HPL00345_Shi470	NONE	YES	.	50	8	1.0000	HIGH	NONE	ALLELE_STATE
SAMN16801844	SRR13089485	HPL00347	PRIMARY_TECHNICAL	HPL00347_B8	NONE	YES	.	50	8	1.0000	HIGH	NONE	ALLELE_STATE
SAMN16801844	SRR13089485	HPL00350	PRIMARY_TECHNICAL	HPL00350_Shi470	NONE	YES	.	14	9	1.0000	MEDIUM	NONE	ALLELE_STATE
SAMN16801844	SRR13089485	HPL00351	PRIMARY_TECHNICAL	HPL00351_Shi470	NONE	YES	.	39	8	1.0000	HIGH	NONE	ALLELE_STATE
SAMN16801844	SRR13089485	HPL00352	PRIMARY_TECHNICAL	HPL00352_26695	NONE	NO	NO_SPANNING_READS	0			NA	NA	UNCALLABLE
SAMN16801844	SRR13089485	HPL00353	PRIMARY_TECHNICAL	HPL00353_26695	NONE	YES	.	34	8	1.0000	HIGH	NONE	ALLELE_STATE
SAMN16801844	SRR13089485	HPL00354	PRIMARY_TECHNICAL	HPL00354_B8	NONE	YES	.	43	8	1.0000	HIGH	NONE	ALLELE_STATE
SAMN16801844	SRR13089485	HPL00357	PRIMARY_TECHNICAL	HPL00357_India7	NONE	YES	.	37	8	1.0000	HIGH	NONE	ALLELE_STATE
SAMN16801844	SRR13089485	HPL00360	PRIMARY_TECHNICAL	HPL00360_J99	NONE	YES	.	31	8	1.0000	HIGH	NONE	ALLELE_STATE
SAMN16801844	SRR13089485	HPL00361	PRIMARY_TECHNICAL	HPL00361_B8	NONE	YES	.	46	8	1.0000	HIGH	NONE	ALLELE_STATE
SAMN16801844	SRR13089485	HPL00364	PRIMARY_TECHNICAL	HPL00364_Shi470	NONE	YES	.	36	8	1.0000	HIGH	NONE	ALLELE_STATE
SAMN16801844	SRR13089485	HPL00365	PRIMARY_TECHNICAL	HPL00365_B8	NONE	YES	.	46	8	1.0000	HIGH	NONE	ALLELE_STATE
SAMN16801844	SRR13089485	HPL00369	PRIMARY_TECHNICAL	HPL00369_P12	NONE	YES	.	40	9	1.0000	HIGH	NONE	ALLELE_STATE
SAMN16801844	SRR13089485	HPL00370	PRIMARY_TECHNICAL	HPL00370_Shi470	NONE	YES	.	43	8	1.0000	HIGH	NONE	ALLELE_STATE
SAMN16801844	SRR13089485	HPL00376	PRIMARY_TECHNICAL	HPL00376_26695	NONE	YES	.	42	8	1.0000	HIGH	NONE	ALLELE_STATE
SAMN16801844	SRR13089485	HPL00377	PRIMARY_TECHNICAL	HPL00377_26695	NONE	YES	.	39	8	1.0000	HIGH	NONE	ALLELE_STATE
SAMN16801844	SRR13089485	HPL00378	PRIMARY_TECHNICAL	HPL00378_J99	NONE	YES	.	38	8	0.9737	HIGH	NONE	ALLELE_STATE
SAMN16801844	SRR13089485	HPL00379	PRIMARY_TECHNICAL	HPL00379_26695	NONE	YES	.	46	8	1.0000	HIGH	NONE	ALLELE_STATE
SAMN16801844	SRR13089485	HPL00380	PRIMARY_TECHNICAL	HPL00380_26695	NONE	YES	.	41	8	1.0000	HIGH	NONE	ALLELE_STATE
SAMN16801844	SRR13089485	HPL00381	PROVISIONAL_TECHNICAL	HPL00381_Shi470	NONE	YES	.	43	8	1.0000	HIGH	NONE	ALLELE_STATE
SAMN16801844	SRR13089485	HPL00383	PRIMARY_TECHNICAL	HPL00383_26695	NONE	YES	.	46	8	1.0000	HIGH	NONE	ALLELE_STATE
SAMN16801844	SRR13089485	HPL00385	PROVISIONAL_TECHNICAL	HPL00385_26695	NONE	NO	NO_SPANNING_READS	0			NA	NA	UNCALLABLE
SAMN16801844	SRR13089485	HPL00386	PRIMARY_TECHNICAL	HPL00386_26695	NONE	YES	.	44	8	1.0000	HIGH	NONE	ALLELE_STATE
SAMN16801844	SRR13089485	HPL00387	PROVISIONAL_TECHNICAL	HPL00387_26695	NONE	NO	NO_SPANNING_READS	0			NA	NA	UNCALLABLE
SAMN16801844	SRR13089485	HPL00390	PRIMARY_TECHNICAL	HPL00390_26695	NONE	YES	.	52	8	1.0000	HIGH	NONE	ALLELE_STATE
SAMN16801844	SRR13089485	HPL00392	PRIMARY_TECHNICAL	HPL00392_Shi470	NONE	YES	.	57	8	1.0000	HIGH	NONE	ALLELE_STATE
SAMN16801844	SRR13089485	HPL00393	PRIMARY_TECHNICAL	HPL00393_26695	NONE	YES	.	29	6	1.0000	HIGH	NONE	ALLELE_STATE
SAMN16801844	SRR13089485	HPL00403	PRIMARY_TECHNICAL	HPL00403_Shi470	NONE	YES	.	28	8	1.0000	HIGH	NONE	ALLELE_STATE
SAMN16801844	SRR13089485	HPL00404	PRIMARY_TECHNICAL	HPL00404_Shi470	NONE	YES	.	54	8	1.0000	HIGH	NONE	ALLELE_STATE
SAMN16801844	SRR13089485	HPL00407	PRIMARY_TECHNICAL	HPL00407_26695	NONE	YES	.	45	8	1.0000	HIGH	NONE	ALLELE_STATE
SAMN16801844	SRR13089485	HPL00409	PRIMARY_TECHNICAL	HPL00409_HPAG1	NONE	YES	.	44	8	1.0000	HIGH	NONE	ALLELE_STATE
SAMN16801844	SRR13089485	HPL00413	PRIMARY_TECHNICAL	HPL00413_26695	NONE	YES	.	42	8	1.0000	HIGH	NONE	ALLELE_STATE
SAMN16801844	SRR13089485	HPL00414	PRIMARY_TECHNICAL	HPL00414_Shi470	NONE	YES	.	42	8	1.0000	HIGH	NONE	ALLELE_STATE
SAMN16801844	SRR13089485	HPL00415	PRIMARY_TECHNICAL	HPL00415_P12	NONE	YES	.	58	8	1.0000	HIGH	NONE	ALLELE_STATE
SAMN16801844	SRR13089485	HPL00419	PRIMARY_TECHNICAL	HPL00419_26695	NONE	YES	.	54	8	1.0000	HIGH	NONE	ALLELE_STATE
SAMN16801844	SRR13089485	HPL00421	PRIMARY_TECHNICAL	HPL00421_HPAG1	NONE	YES	.	36	8	1.0000	HIGH	NONE	ALLELE_STATE
SAMN16801844	SRR13089485	HPL00423	PRIMARY_TECHNICAL	HPL00423_26695	NONE	YES	.	37	8	1.0000	HIGH	NONE	ALLELE_STATE
SAMN16801844	SRR13089485	HPL00424	PRIMARY_TECHNICAL	HPL00424_Shi470	NONE	YES	.	40	8	0.9250	HIGH	NONE	ALLELE_STATE
SAMN16801844	SRR13089485	HPL00426	PROVISIONAL_TECHNICAL	HPL00426_26695	MEMBER_ALLELE_CONFLICT:HPL00426_Shi470	NO	MEMBER_ALLELE_CONFLICT	10	15	0.6000	NA	MIXTURE_CANDIDATE	UNCALLABLE
SAMN16801844	SRR13089485	HPL00429	PRIMARY_TECHNICAL	HPL00429_26695	NONE	YES	.	25	8	1.0000	HIGH	NONE	ALLELE_STATE
SAMN16801844	SRR13089485	HPL00430	PRIMARY_TECHNICAL	HPL00430_26695	NONE	NO	NO_SPANNING_READS	0			NA	NA	UNCALLABLE
SAMN16801844	SRR13089485	HPL00435	PRIMARY_TECHNICAL	HPL00435_Shi470	NONE	YES	.	50	9	1.0000	HIGH	NONE	ALLELE_STATE
SAMN16801844	SRR13089485	HPL00436	PRIMARY_TECHNICAL	HPL00436_26695	NONE	NO	NO_SPANNING_READS	0			NA	NA	UNCALLABLE
SAMN16801844	SRR13089485	HPL00439	PROVISIONAL_TECHNICAL	HPL00439_26695	NONE	YES	.	60	12	1.0000	HIGH	NONE	ALLELE_STATE
SAMN16801844	SRR13089485	HPL00442	PRIMARY_TECHNICAL	HPL00442_G27	NONE	YES	.	43	8	1.0000	HIGH	NONE	ALLELE_STATE
SAMN16801844	SRR13089485	HPL00443	PRIMARY_TECHNICAL	HPL00443_B8	NONE	YES	.	54	9	0.9815	HIGH	NONE	ALLELE_STATE
SAMN16801844	SRR13089485	HPL00447	PRIMARY_TECHNICAL	HPL00447_B8	NONE	YES	.	49	8	1.0000	HIGH	NONE	ALLELE_STATE
SAMN16801844	SRR13089485	HPL00450	PRIMARY_TECHNICAL	HPL00450_India7	NONE	YES	.	60	8	0.9833	HIGH	NONE	ALLELE_STATE
SAMN16801844	SRR13089485	HPL00453	PROVISIONAL_TECHNICAL	HPL00453_26695	NONE	YES	.	39	15	1.0000	HIGH	NONE	ON
SAMN16801844	SRR13089485	HPL00454	PROVISIONAL_TECHNICAL	HPL00454_P12	NONE	YES	.	24	12	1.0000	HIGH	NONE	ALLELE_STATE
SAMN16801844	SRR13089485	HPL00460	PRIMARY_TECHNICAL	HPL00460_26695	NONE	YES	.	62	8	1.0000	HIGH	NONE	ALLELE_STATE
SAMN16801844	SRR13089485	HPL00465	PRIMARY_TECHNICAL	HPL00465_26695	NONE	YES	.	58	8	0.9655	HIGH	NONE	ALLELE_STATE
SAMN16801844	SRR13089485	HPL00466	PRIMARY_TECHNICAL	HPL00466_Shi470	NONE	YES	.	40	9	0.9750	HIGH	NONE	ALLELE_STATE
SAMN16801844	SRR13089485	HPL00469	PRIMARY_TECHNICAL	HPL00469_G27	NONE	YES	.	31	8	1.0000	HIGH	NONE	ALLELE_STATE
SAMN16801844	SRR13089485	HPL00479	PRIMARY_TECHNICAL	HPL00479_Shi470	NONE	YES	.	40	8	1.0000	HIGH	NONE	ALLELE_STATE
SAMN16801844	SRR13089485	HPL00482	PRIMARY_TECHNICAL	HPL00482_26695	NONE	YES	.	32	8	1.0000	HIGH	NONE	ALLELE_STATE
SAMN16801844	SRR13089485	HPL00483	PRIMARY_TECHNICAL	HPL00483_P12	NONE	YES	.	41	8	1.0000	HIGH	NONE	ALLELE_STATE
SAMN16801844	SRR13089485	HPL00485	PRIMARY_TECHNICAL	HPL00485_26695	NONE	NO	NO_SPANNING_READS	0			NA	NA	UNCALLABLE
SAMN16801844	SRR13089485	HPL00487	PROVISIONAL_TECHNICAL	HPL00487_HPAG1	NONE	YES	.	49	8	1.0000	HIGH	NONE	ALLELE_STATE
SAMN16801844	SRR13089485	HPL00493	PRIMARY_TECHNICAL	HPL00493_26695	NONE	YES	.	55	8	1.0000	HIGH	NONE	ALLELE_STATE
SAMN16801844	SRR13089485	HPL00496	PRIMARY_TECHNICAL	HPL00496_Shi470	NONE	YES	.	46	8	1.0000	HIGH	NONE	ALLELE_STATE
SAMN16801844	SRR13089485	HPL00497	PRIMARY_TECHNICAL	HPL00497_26695	NONE	NO	NO_SPANNING_READS	0			NA	NA	UNCALLABLE
SAMN16801844	SRR13089485	HPL00498	PRIMARY_TECHNICAL	HPL00498_J99	NONE	YES	.	43	8	1.0000	HIGH	NONE	ALLELE_STATE
SAMN16801844	SRR13089485	HPL00499	PROVISIONAL_TECHNICAL	HPL00499_India7	NONE	YES	.	47	8	0.9787	HIGH	NONE	ALLELE_STATE
SAMN16801844	SRR13089485	HPL00501	PRIMARY_TECHNICAL	HPL00501_26695	NONE	YES	.	52	8	1.0000	HIGH	NONE	ALLELE_STATE
SAMN16801844	SRR13089485	HPL00502	PRIMARY_TECHNICAL	HPL00502_HPAG1	NONE	YES	.	20	8	1.0000	HIGH	NONE	ALLELE_STATE
SAMN16801844	SRR13089485	HPL00503	PRIMARY_TECHNICAL	HPL00503_26695	NONE	YES	.	40	7	1.0000	HIGH	NONE	ALLELE_STATE
SAMN16801844	SRR13089485	HPL00505	PRIMARY_TECHNICAL	HPL00505_J99	MEMBER_ALLELE_CONFLICT:HPL00505_P12	NO	MEMBER_ALLELE_CONFLICT	51	8	1.0000	NA	NONE	UNCALLABLE
SAMN16801844	SRR13089485	HPL00506	PRIMARY_TECHNICAL	HPL00506_26695	NONE	YES	.	45	8	0.9778	HIGH	NONE	ALLELE_STATE
SAMN16801844	SRR13089485	HPL00510	PROVISIONAL_TECHNICAL	HPL00510_J99	NONE	NO	NO_SPANNING_READS	0			NA	NA	UNCALLABLE
SAMN16801844	SRR13089485	HPL00514	PRIMARY_TECHNICAL	HPL00514_B8	NONE	YES	.	38	8	1.0000	HIGH	NONE	ALLELE_STATE
SAMN16801844	SRR13089485	HPL00518	PROVISIONAL_TECHNICAL	HPL00518_India7	NONE	YES	.	46	7	1.0000	HIGH	NONE	ALLELE_STATE
SAMN16801844	SRR13089485	HPL00521	PRIMARY_TECHNICAL	HPL00521_J99	NONE	NO	NO_SPANNING_READS	0			NA	NA	UNCALLABLE
SAMN16801844	SRR13089485	HPL00524	PRIMARY_TECHNICAL	HPL00524_G27	NONE	YES	.	55	8	1.0000	HIGH	NONE	ALLELE_STATE
SAMN16801844	SRR13089485	HPL00529	PRIMARY_TECHNICAL	HPL00529_B8	NONE	YES	.	73	8	1.0000	HIGH	NONE	ALLELE_STATE
SAMN16801844	SRR13089485	HPL00530	PRIMARY_TECHNICAL	HPL00530_Shi470	NONE	YES	.	33	8	1.0000	HIGH	NONE	ALLELE_STATE
SAMN16801844	SRR13089485	HPL00531	PRIMARY_TECHNICAL	HPL00531_J99	NONE	YES	.	42	8	1.0000	HIGH	NONE	ALLELE_STATE
SAMN16801844	SRR13089485	HPL00533	PROVISIONAL_TECHNICAL	HPL00533_P12	NONE	YES	.	51	8	1.0000	HIGH	NONE	ALLELE_STATE
SAMN16801844	SRR13089485	HPL00540	PRIMARY_TECHNICAL	HPL00540_HPAG1	NONE	YES	.	10	9	1.0000	MEDIUM	NONE	ALLELE_STATE
SAMN16801844	SRR13089485	HPL00544	PRIMARY_TECHNICAL	HPL00544_J99	NONE	NO	NO_SPANNING_READS	0			NA	NA	UNCALLABLE
SAMN16801844	SRR13089485	HPL00548	PRIMARY_TECHNICAL	HPL00548_J99	NONE	NO	NO_SPANNING_READS	0			NA	NA	UNCALLABLE
SAMN16801844	SRR13089485	HPL00549	PROVISIONAL_TECHNICAL	HPL00549_J99	NONE	NO	NO_SPANNING_READS	0			NA	NA	UNCALLABLE
SAMN16801844	SRR13089485	HPL00571	PRIMARY_TECHNICAL	HPL00571_B8	NONE	YES	.	12	8	1.0000	MEDIUM	NONE	ALLELE_STATE
SAMN16801844	SRR13089485	HPL00573	PRIMARY_TECHNICAL	HPL00573_Shi470	NONE	YES	.	43	9	1.0000	HIGH	NONE	ALLELE_STATE
SAMN16801844	SRR13089485	HPL00576	PRIMARY_TECHNICAL	HPL00576_J99	NONE	NO	NO_SPANNING_READS	0			NA	NA	UNCALLABLE
SAMN16801844	SRR13089485	HPL00582	PRIMARY_TECHNICAL	HPL00582_B8	NONE	YES	.	30	8	1.0000	HIGH	NONE	ALLELE_STATE
SAMN16801844	SRR13089485	HPL00601	PRIMARY_TECHNICAL	HPL00601_J99	NONE	YES	.	29	7	1.0000	HIGH	NONE	ALLELE_STATE
SAMN16801844	SRR13089485	HPL00603	PRIMARY_TECHNICAL	HPL00603_J99	NONE	NO	NO_SPANNING_READS	0			NA	NA	UNCALLABLE
SAMN16801844	SRR13089485	HPL00604	PRIMARY_TECHNICAL	HPL00604_J99	MEMBER_ALLELE_CONFLICT:HPL00604_G27,HPL00604_India7	NO	MEMBER_ALLELE_CONFLICT	49	9	0.9592	NA	NONE	UNCALLABLE
SAMN16801844	SRR13089485	HPL00608	PROVISIONAL_TECHNICAL	HPL00608_India7	NONE	YES	.	30	8	1.0000	HIGH	NONE	ALLELE_STATE
SAMN16801844	SRR13089485	HPL00609	PRIMARY_TECHNICAL	HPL00609_B8	NONE	YES	.	38	8	1.0000	HIGH	NONE	ALLELE_STATE
SAMN16801844	SRR13089485	HPL00613	PRIMARY_TECHNICAL	HPL00613_G27	NONE	YES	.	17	8	1.0000	MEDIUM	NONE	ALLELE_STATE
SAMN16801844	SRR13089485	HPL00622	PROVISIONAL_TECHNICAL	HPL00622_J99	NONE	NO	NO_SPANNING_READS	0			NA	NA	UNCALLABLE
SAMN16801844	SRR13089485	HPL00628	PROVISIONAL_TECHNICAL	HPL00628_India7	NONE	NO	INSUFFICIENT_SPANNING_READS(2<8)	2			NA	NA	UNCALLABLE
SAMN16801844	SRR13089485	HPL00640	PRIMARY_TECHNICAL	HPL00640_J99	NONE	YES	.	44	8	1.0000	HIGH	NONE	ALLELE_STATE
SAMN16801844	SRR13089485	HPL00645	PRIMARY_TECHNICAL	HPL00645_HPAG1	NONE	YES	.	56	8	1.0000	HIGH	NONE	ALLELE_STATE
SAMN16801844	SRR13089485	HPL00679	PRIMARY_TECHNICAL	HPL00679_J99	NONE	NO	NO_SPANNING_READS	0			NA	NA	UNCALLABLE
SAMN16801844	SRR13089485	HPL00682	PRIMARY_TECHNICAL	HPL00682_J99	NONE	NO	NO_SPANNING_READS	0			NA	NA	UNCALLABLE
SAMN16801844	SRR13089485	HPL00685	PROVISIONAL_TECHNICAL	HPL00685_J99	NONE	NO	NO_SPANNING_READS	0			NA	NA	UNCALLABLE
SAMN16801844	SRR13089485	HPL00699	PRIMARY_TECHNICAL	HPL00699_HPAG1	NONE	YES	.	55	8	1.0000	HIGH	NONE	ALLELE_STATE
SAMN16801844	SRR13089485	HPL00702	PRIMARY_TECHNICAL	HPL00702_G27	NONE	YES	.	36	8	1.0000	HIGH	NONE	ALLELE_STATE
SAMN16801844	SRR13089485	HPL00709	PRIMARY_TECHNICAL	HPL00709_HPAG1	NONE	YES	.	48	6	1.0000	HIGH	NONE	ALLELE_STATE
SAMN16801844	SRR13089485	HPL00743	PROVISIONAL_TECHNICAL	HPL00743_India7	NONE	YES	.	34	12	1.0000	HIGH	NONE	ALLELE_STATE
SAMN16801844	SRR13089485	HPL00750	PRIMARY_TECHNICAL	HPL00750_HPAG1	NONE	NO	NO_SPANNING_READS	0			NA	NA	UNCALLABLE
SAMN16801844	SRR13089485	HPL00751	PRIMARY_TECHNICAL	HPL00751_HPAG1	NONE	YES	.	41	8	1.0000	HIGH	NONE	ALLELE_STATE
SAMN16801844	SRR13089485	HPL00752	PRIMARY_TECHNICAL	HPL00752_G27	NONE	YES	.	41	8	1.0000	HIGH	NONE	ALLELE_STATE
SAMN16801844	SRR13089485	HPL00761	PRIMARY_TECHNICAL	HPL00761_B8	NONE	YES	.	23	8	1.0000	HIGH	NONE	ALLELE_STATE
SAMN16801844	SRR13089485	HPL00780	PRIMARY_TECHNICAL	HPL00780_HPAG1	NONE	YES	.	40	8	1.0000	HIGH	NONE	ALLELE_STATE
SAMN16801844	SRR13089485	HPL00782	PRIMARY_TECHNICAL	HPL00782_P12	NONE	YES	.	26	8	0.9615	HIGH	NONE	ALLELE_STATE
SAMN16801844	SRR13089485	HPL00804	PRIMARY_TECHNICAL	HPL00804_HPAG1	NONE	YES	.	43	8	1.0000	HIGH	NONE	ALLELE_STATE
SAMN16801844	SRR13089485	HPL00809	PRIMARY_TECHNICAL	HPL00809_HPAG1	NONE	NO	NOT_CALLER_ELIGIBLE:NO:not_uniquely_anchorable				NA	NA	NOT_APPLICABLE
SAMN16801844	SRR13089485	HPL00811	PRIMARY_TECHNICAL	HPL00811_HPAG1	NONE	YES	.	36	8	0.9722	HIGH	NONE	ALLELE_STATE
SAMN16801844	SRR13089485	HPL00816	PRIMARY_TECHNICAL	HPL00816_G27	NONE	YES	.	29	8	1.0000	HIGH	NONE	ALLELE_STATE
SAMN16801844	SRR13089485	HPL00817	PRIMARY_TECHNICAL	HPL00817_Shi470	NONE	YES	.	45	8	1.0000	HIGH	NONE	ALLELE_STATE
SAMN16801844	SRR13089485	HPL00818	PRIMARY_TECHNICAL	HPL00818_HPAG1	NONE	NO	NO_SPANNING_READS	0			NA	NA	UNCALLABLE
SAMN16801844	SRR13089485	HPL00835	PRIMARY_TECHNICAL	HPL00835_G27	NONE	YES	.	9	8	1.0000	LOW	NONE	ALLELE_STATE
SAMN16801844	SRR13089485	HPL00838	PRIMARY_TECHNICAL	HPL00838_G27	NONE	NO	NO_SPANNING_READS	0			NA	NA	UNCALLABLE
SAMN16801844	SRR13089485	HPL00839	PRIMARY_TECHNICAL	HPL00839_B8	NONE	YES	.	26	8	1.0000	HIGH	NONE	ALLELE_STATE
SAMN16801844	SRR13089485	HPL00840	PRIMARY_TECHNICAL	HPL00840_G27	NONE	NO	NO_SPANNING_READS	0			NA	NA	UNCALLABLE
SAMN16801844	SRR13089485	HPL00841	PRIMARY_TECHNICAL	HPL00841_G27	NONE	YES	.	22	8	1.0000	HIGH	NONE	ALLELE_STATE
SAMN16801844	SRR13089485	HPL00849	PRIMARY_TECHNICAL	HPL00849_G27	NONE	NO	NO_SPANNING_READS	0			NA	NA	UNCALLABLE
SAMN16801844	SRR13089485	HPL00884	PRIMARY_TECHNICAL	HPL00884_G27	NONE	YES	.	47	8	1.0000	HIGH	NONE	ALLELE_STATE
SAMN16801844	SRR13089485	HPL00934	PRIMARY_TECHNICAL	HPL00934_G27	NONE	NO	NO_SPANNING_READS	0			NA	NA	UNCALLABLE
SAMN16801844	SRR13089485	HPL00977	PRIMARY_TECHNICAL	HPL00977_India7	NONE	YES	.	43	8	1.0000	HIGH	NONE	ALLELE_STATE
SAMN16801844	SRR13089485	HPL01050	PRIMARY_TECHNICAL	HPL01050_P12	NONE	YES	.	39	8	1.0000	HIGH	NONE	ALLELE_STATE
SAMN16801844	SRR13089485	HPL01053	PRIMARY_TECHNICAL	HPL01053_P12	NONE	YES	.	40	8	1.0000	HIGH	NONE	ALLELE_STATE
SAMN16801844	SRR13089485	HPL01081	PRIMARY_TECHNICAL	HPL01081_Shi470	NONE	YES	.	49	8	1.0000	HIGH	NONE	ALLELE_STATE
SAMN16801844	SRR13089485	HPL01098	PROVISIONAL_TECHNICAL	HPL01098_B8	NONE	YES	.	50	12	1.0000	HIGH	NONE	ALLELE_STATE
SAMN16801844	SRR13089485	HPL01110	PRIMARY_TECHNICAL	HPL01110_B8	NONE	NO	NO_SPANNING_READS	0			NA	NA	UNCALLABLE
SAMN16801844	SRR13089485	HPL01140	PRIMARY_TECHNICAL	HPL01140_B8	NONE	NO	NO_SPANNING_READS	0			NA	NA	UNCALLABLE
SAMN16801845	SRR13089484	HPL00001	PRIMARY_TECHNICAL	HPL00001_26695	NONE	YES	.	29	8	1.0000	HIGH	NONE	ALLELE_STATE
SAMN16801845	SRR13089484	HPL00002	PRIMARY_TECHNICAL	HPL00002_26695	NONE	NO	NO_SPANNING_READS	0			NA	NA	UNCALLABLE
SAMN16801845	SRR13089484	HPL00007	PRIMARY_TECHNICAL	HPL00007_26695	NONE	YES	.	59	8	1.0000	HIGH	NONE	ALLELE_STATE
SAMN16801845	SRR13089484	HPL00008	PRIMARY_TECHNICAL	HPL00008_26695	NONE	YES	.	57	8	1.0000	HIGH	NONE	ALLELE_STATE
SAMN16801845	SRR13089484	HPL00010	PRIMARY_TECHNICAL	HPL00010_India7	NONE	YES	.	27	18	0.6667	HIGH	MIXTURE_CANDIDATE	ALLELE_STATE
SAMN16801845	SRR13089484	HPL00013	PRIMARY_TECHNICAL	HPL00013_Shi470	NONE	YES	.	54	8	1.0000	HIGH	NONE	ALLELE_STATE
SAMN16801845	SRR13089484	HPL00014	PRIMARY_TECHNICAL	HPL00014_J99	NONE	YES	.	30	8	1.0000	HIGH	NONE	ALLELE_STATE
SAMN16801845	SRR13089484	HPL00018	PROVISIONAL_TECHNICAL	HPL00018_26695	NONE	NO	NO_SPANNING_READS	0			NA	NA	UNCALLABLE
SAMN16801845	SRR13089484	HPL00019	PRIMARY_TECHNICAL	HPL00019_26695	NONE	NO	NO_SPANNING_READS	0			NA	NA	UNCALLABLE
SAMN16801845	SRR13089484	HPL00022	PROVISIONAL_TECHNICAL	HPL00022_P12	NONE	YES	.	30	14	1.0000	HIGH	NONE	ALLELE_STATE
SAMN16801845	SRR13089484	HPL00024	PRIMARY_TECHNICAL	HPL00024_26695	NONE	YES	.	44	8	1.0000	HIGH	NONE	ALLELE_STATE
SAMN16801845	SRR13089484	HPL00025	PRIMARY_TECHNICAL	HPL00025_26695	NONE	YES	.	41	8	1.0000	HIGH	NONE	ALLELE_STATE
SAMN16801845	SRR13089484	HPL00030	PROVISIONAL_TECHNICAL	HPL00030_HPAG1	NONE	YES	.	31	12	1.0000	HIGH	NONE	ALLELE_STATE
SAMN16801845	SRR13089484	HPL00031	PROVISIONAL_TECHNICAL	HPL00031_26695	NONE	YES	.	54	12	1.0000	HIGH	NONE	ALLELE_STATE
SAMN16801845	SRR13089484	HPL00033	PROVISIONAL_TECHNICAL	HPL00033_26695	NONE	YES	.	35	11	1.0000	HIGH	NONE	ALLELE_STATE
SAMN16801845	SRR13089484	HPL00037	PRIMARY_TECHNICAL	HPL00037_B8	NONE	YES	.	44	8	1.0000	HIGH	NONE	ALLELE_STATE
SAMN16801845	SRR13089484	HPL00038	PRIMARY_TECHNICAL	HPL00038_26695	NONE	YES	.	49	8	1.0000	HIGH	NONE	ALLELE_STATE
SAMN16801845	SRR13089484	HPL00040	PRIMARY_TECHNICAL	HPL00040_India7	NONE	YES	.	40	8	1.0000	HIGH	NONE	ALLELE_STATE
SAMN16801845	SRR13089484	HPL00042	PRIMARY_TECHNICAL	HPL00042_Shi470	NONE	YES	.	41	8	1.0000	HIGH	NONE	ALLELE_STATE
SAMN16801845	SRR13089484	HPL00043	PRIMARY_TECHNICAL	HPL00043_26695	NONE	YES	.	36	8	1.0000	HIGH	NONE	ALLELE_STATE
SAMN16801845	SRR13089484	HPL00044	PRIMARY_TECHNICAL	HPL00044_26695	MEMBER_ALLELE_CONFLICT:HPL00044_Shi470	NO	MEMBER_ALLELE_CONFLICT	39	8	1.0000	NA	NONE	UNCALLABLE
SAMN16801845	SRR13089484	HPL00045	PROVISIONAL_TECHNICAL	HPL00045_P12	NONE	NO	INSUFFICIENT_SPANNING_READS(4<8)	4			NA	NA	UNCALLABLE
SAMN16801845	SRR13089484	HPL00046	PROVISIONAL_TECHNICAL	HPL00046_HPAG1	NONE	YES	.	38	12	1.0000	HIGH	NONE	ALLELE_STATE
SAMN16801845	SRR13089484	HPL00047	PRIMARY_TECHNICAL	HPL00047_Shi470	NONE	YES	.	18	8	1.0000	MEDIUM	NONE	ALLELE_STATE
SAMN16801845	SRR13089484	HPL00049	PRIMARY_TECHNICAL	HPL00049_Shi470	NONE	YES	.	36	8	1.0000	HIGH	NONE	ALLELE_STATE
SAMN16801845	SRR13089484	HPL00050	PRIMARY_TECHNICAL	HPL00050_26695	NONE	YES	.	29	8	1.0000	HIGH	NONE	ALLELE_STATE
SAMN16801845	SRR13089484	HPL00051	PRIMARY_TECHNICAL	HPL00051_G27	NONE	YES	.	53	8	1.0000	HIGH	NONE	ALLELE_STATE
SAMN16801845	SRR13089484	HPL00053	PRIMARY_TECHNICAL	HPL00053_26695	NONE	YES	.	21	8	1.0000	HIGH	NONE	ALLELE_STATE
SAMN16801845	SRR13089484	HPL00055	PRIMARY_TECHNICAL	HPL00055_Shi470	NONE	YES	.	40	8	1.0000	HIGH	NONE	ALLELE_STATE
SAMN16801845	SRR13089484	HPL00060	PROVISIONAL_TECHNICAL	HPL00060_26695	NONE	NO	NO_SPANNING_READS	0			NA	NA	UNCALLABLE
SAMN16801845	SRR13089484	HPL00061	PROVISIONAL_TECHNICAL	HPL00061_26695	NONE	YES	.	21	11	0.9048	HIGH	NONE	OFF
SAMN16801845	SRR13089484	HPL00063	PROVISIONAL_TECHNICAL	HPL00063_26695	NONE	YES	.	45	12	1.0000	HIGH	NONE	ALLELE_STATE
SAMN16801845	SRR13089484	HPL00064	PRIMARY_TECHNICAL	HPL00064_26695	NONE	YES	.	43	8	1.0000	HIGH	NONE	ALLELE_STATE
SAMN16801845	SRR13089484	HPL00065	PROVISIONAL_TECHNICAL	HPL00065_26695	NONE	YES	.	33	12	1.0000	HIGH	NONE	ALLELE_STATE
SAMN16801845	SRR13089484	HPL00068	PRIMARY_TECHNICAL	HPL00068_Shi470	NONE	YES	.	38	9	1.0000	HIGH	NONE	ALLELE_STATE
SAMN16801845	SRR13089484	HPL00070	PROVISIONAL_TECHNICAL	HPL00070_26695	NONE	YES	.	34	12	1.0000	HIGH	NONE	ALLELE_STATE
SAMN16801845	SRR13089484	HPL00071	PRIMARY_TECHNICAL	HPL00071_26695	NONE	YES	.	44	8	1.0000	HIGH	NONE	ALLELE_STATE
SAMN16801845	SRR13089484	HPL00072	PRIMARY_TECHNICAL	HPL00072_26695	NONE	YES	.	48	8	1.0000	HIGH	NONE	ALLELE_STATE
SAMN16801845	SRR13089484	HPL00073	PRIMARY_TECHNICAL	HPL00073_J99	NONE	YES	.	49	8	0.9796	HIGH	NONE	ALLELE_STATE
SAMN16801845	SRR13089484	HPL00074	PRIMARY_TECHNICAL	HPL00074_26695	NONE	YES	.	39	8	1.0000	HIGH	NONE	ALLELE_STATE
SAMN16801845	SRR13089484	HPL00075	PRIMARY_TECHNICAL	HPL00075_HPAG1	NONE	YES	.	52	8	1.0000	HIGH	NONE	ALLELE_STATE
SAMN16801845	SRR13089484	HPL00076	PRIMARY_TECHNICAL	HPL00076_Shi470	NONE	YES	.	26	8	1.0000	HIGH	NONE	ALLELE_STATE
SAMN16801845	SRR13089484	HPL00077	PRIMARY_TECHNICAL	HPL00077_26695	NONE	YES	.	49	8	1.0000	HIGH	NONE	ALLELE_STATE
SAMN16801845	SRR13089484	HPL00079	PRIMARY_TECHNICAL	HPL00079_HPAG1	NONE	YES	.	45	8	1.0000	HIGH	NONE	ALLELE_STATE
SAMN16801845	SRR13089484	HPL00080	PRIMARY_TECHNICAL	HPL00080_26695	NONE	YES	.	36	8	1.0000	HIGH	NONE	ALLELE_STATE
SAMN16801845	SRR13089484	HPL00083	PROVISIONAL_TECHNICAL	HPL00083_26695	NONE	YES	.	39	13	1.0000	HIGH	NONE	ALLELE_STATE
SAMN16801845	SRR13089484	HPL00084	PRIMARY_TECHNICAL	HPL00084_Shi470	NONE	YES	.	57	8	1.0000	HIGH	NONE	ALLELE_STATE
SAMN16801845	SRR13089484	HPL00085	PRIMARY_TECHNICAL	HPL00085_26695	NONE	YES	.	40	8	1.0000	HIGH	NONE	ALLELE_STATE
SAMN16801845	SRR13089484	HPL00087	PRIMARY_TECHNICAL	HPL00087_Shi470	NONE	YES	.	16	9	1.0000	MEDIUM	NONE	AMBIGUOUS
SAMN16801845	SRR13089484	HPL00089	PRIMARY_TECHNICAL	HPL00089_Shi470	NONE	YES	.	23	8	1.0000	HIGH	NONE	ALLELE_STATE
SAMN16801845	SRR13089484	HPL00090	PRIMARY_TECHNICAL	HPL00090_B8	NONE	YES	.	42	8	1.0000	HIGH	NONE	ALLELE_STATE
SAMN16801845	SRR13089484	HPL00099	PRIMARY_TECHNICAL	HPL00099_HPAG1	NONE	YES	.	40	8	0.9750	HIGH	NONE	ALLELE_STATE
SAMN16801845	SRR13089484	HPL00103	PRIMARY_TECHNICAL	HPL00103_B8	NONE	YES	.	39	14	0.7692	HIGH	MIXTURE_CANDIDATE	ALLELE_STATE
SAMN16801845	SRR13089484	HPL00104	PRIMARY_TECHNICAL	HPL00104_Shi470	NONE	YES	.	46	8	1.0000	HIGH	NONE	ALLELE_STATE
SAMN16801845	SRR13089484	HPL00105	PRIMARY_TECHNICAL	HPL00105_HPAG1	NONE	YES	.	22	8	1.0000	HIGH	NONE	ALLELE_STATE
SAMN16801845	SRR13089484	HPL00106	PRIMARY_TECHNICAL	HPL00106_G27	NONE	YES	.	41	8	0.9756	HIGH	NONE	ALLELE_STATE
SAMN16801845	SRR13089484	HPL00107	PRIMARY_TECHNICAL	HPL00107_HPAG1	NONE	YES	.	33	8	1.0000	HIGH	NONE	ALLELE_STATE
SAMN16801845	SRR13089484	HPL00108	PRIMARY_TECHNICAL	HPL00108_26695	NONE	YES	.	36	8	1.0000	HIGH	NONE	ALLELE_STATE
SAMN16801845	SRR13089484	HPL00109	PRIMARY_TECHNICAL	HPL00109_Shi470	NONE	YES	.	49	8	1.0000	HIGH	NONE	ALLELE_STATE
SAMN16801845	SRR13089484	HPL00111	PRIMARY_TECHNICAL	HPL00111_26695	NONE	YES	.	52	8	1.0000	HIGH	NONE	ALLELE_STATE
SAMN16801845	SRR13089484	HPL00112	PRIMARY_TECHNICAL	HPL00112_Shi470	NONE	YES	.	30	9	0.9667	HIGH	NONE	ALLELE_STATE
SAMN16801845	SRR13089484	HPL00113	PRIMARY_TECHNICAL	HPL00113_P12	NONE	YES	.	33	8	1.0000	HIGH	NONE	ALLELE_STATE
SAMN16801845	SRR13089484	HPL00116	PRIMARY_TECHNICAL	HPL00116_26695	NONE	YES	.	32	8	1.0000	HIGH	NONE	ALLELE_STATE
SAMN16801845	SRR13089484	HPL00117	PRIMARY_TECHNICAL	HPL00117_P12	NONE	YES	.	46	9	0.9565	HIGH	NONE	AMBIGUOUS
SAMN16801845	SRR13089484	HPL00119	PRIMARY_TECHNICAL	HPL00119_Shi470	NONE	YES	.	36	8	1.0000	HIGH	NONE	ALLELE_STATE
SAMN16801845	SRR13089484	HPL00120	PRIMARY_TECHNICAL	HPL00120_Shi470	NONE	YES	.	26	8	1.0000	HIGH	NONE	ALLELE_STATE
SAMN16801845	SRR13089484	HPL00121	PRIMARY_TECHNICAL	HPL00121_J99	NONE	YES	.	35	8	1.0000	HIGH	NONE	ALLELE_STATE
SAMN16801845	SRR13089484	HPL00123	PRIMARY_TECHNICAL	HPL00123_26695	NONE	YES	.	33	8	1.0000	HIGH	NONE	ALLELE_STATE
SAMN16801845	SRR13089484	HPL00125	PRIMARY_TECHNICAL	HPL00125_B8	NONE	YES	.	38	8	1.0000	HIGH	NONE	ALLELE_STATE
SAMN16801845	SRR13089484	HPL00126	PRIMARY_TECHNICAL	HPL00126_HPAG1	NONE	YES	.	47	8	1.0000	HIGH	NONE	ALLELE_STATE
SAMN16801845	SRR13089484	HPL00127	PRIMARY_TECHNICAL	HPL00127_Shi470	NONE	YES	.	50	9	1.0000	HIGH	NONE	ALLELE_STATE
SAMN16801845	SRR13089484	HPL00134	PRIMARY_TECHNICAL	HPL00134_B8	NONE	YES	.	25	8	1.0000	HIGH	NONE	ALLELE_STATE
SAMN16801845	SRR13089484	HPL00138	PRIMARY_TECHNICAL	HPL00138_26695	NONE	YES	.	37	8	1.0000	HIGH	NONE	ALLELE_STATE
SAMN16801845	SRR13089484	HPL00139	PRIMARY_TECHNICAL	HPL00139_26695	NONE	YES	.	35	8	1.0000	HIGH	NONE	ALLELE_STATE
SAMN16801845	SRR13089484	HPL00141	PRIMARY_TECHNICAL	HPL00141_J99	NONE	YES	.	32	6	1.0000	HIGH	NONE	ALLELE_STATE
SAMN16801845	SRR13089484	HPL00143	PRIMARY_TECHNICAL	HPL00143_26695	NONE	YES	.	37	8	1.0000	HIGH	NONE	ALLELE_STATE
SAMN16801845	SRR13089484	HPL00145	PRIMARY_TECHNICAL	HPL00145_India7	NONE	YES	.	44	8	1.0000	HIGH	NONE	ALLELE_STATE
SAMN16801845	SRR13089484	HPL00150	PRIMARY_TECHNICAL	HPL00150_P12	NONE	YES	.	44	9	1.0000	HIGH	NONE	ALLELE_STATE
SAMN16801845	SRR13089484	HPL00151	PROVISIONAL_TECHNICAL	HPL00151_B8	NONE	YES	.	30	9	0.5667	HIGH	MIXED	ALLELE_STATE
SAMN16801845	SRR13089484	HPL00154	PRIMARY_TECHNICAL	HPL00154_Shi470	NONE	YES	.	32	8	1.0000	HIGH	NONE	ALLELE_STATE
SAMN16801845	SRR13089484	HPL00155	PRIMARY_TECHNICAL	HPL00155_HPAG1	NONE	YES	.	39	9	1.0000	HIGH	NONE	ALLELE_STATE
SAMN16801845	SRR13089484	HPL00156	PRIMARY_TECHNICAL	HPL00156_J99	NONE	YES	.	55	8	1.0000	HIGH	NONE	ALLELE_STATE
SAMN16801845	SRR13089484	HPL00157	PRIMARY_TECHNICAL	HPL00157_G27	NONE	YES	.	60	8	1.0000	HIGH	NONE	ALLELE_STATE
SAMN16801845	SRR13089484	HPL00158	PRIMARY_TECHNICAL	HPL00158_26695	NONE	NO	NO_SPANNING_READS	0			NA	NA	UNCALLABLE
SAMN16801845	SRR13089484	HPL00162	PRIMARY_TECHNICAL	HPL00162_26695	NONE	YES	.	40	8	0.9750	HIGH	NONE	ALLELE_STATE
SAMN16801845	SRR13089484	HPL00163	PRIMARY_TECHNICAL	HPL00163_Shi470	NONE	YES	.	30	8	1.0000	HIGH	NONE	ALLELE_STATE
SAMN16801845	SRR13089484	HPL00165	PRIMARY_TECHNICAL	HPL00165_HPAG1	NONE	YES	.	52	8	1.0000	HIGH	NONE	ALLELE_STATE
SAMN16801845	SRR13089484	HPL00166	PRIMARY_TECHNICAL	HPL00166_Shi470	NONE	YES	.	49	8	1.0000	HIGH	NONE	ALLELE_STATE
SAMN16801845	SRR13089484	HPL00169	PRIMARY_TECHNICAL	HPL00169_J99	NONE	YES	.	47	8	1.0000	HIGH	NONE	ALLELE_STATE
SAMN16801845	SRR13089484	HPL00170	PRIMARY_TECHNICAL	HPL00170_26695	NONE	NO	NOT_CALLER_ELIGIBLE:NO:not_uniquely_anchorable				NA	NA	NOT_APPLICABLE
SAMN16801845	SRR13089484	HPL00172	PRIMARY_TECHNICAL	HPL00172_B8	NONE	YES	.	38	8	1.0000	HIGH	NONE	ALLELE_STATE
SAMN16801845	SRR13089484	HPL00174	PRIMARY_TECHNICAL	HPL00174_26695	NONE	YES	.	42	8	1.0000	HIGH	NONE	ALLELE_STATE
SAMN16801845	SRR13089484	HPL00177	PRIMARY_TECHNICAL	HPL00177_Shi470	NONE	YES	.	33	10	1.0000	HIGH	NONE	AMBIGUOUS
SAMN16801845	SRR13089484	HPL00178	PRIMARY_TECHNICAL	HPL00178_P12	NONE	YES	.	42	8	1.0000	HIGH	NONE	ALLELE_STATE
SAMN16801845	SRR13089484	HPL00181	PRIMARY_TECHNICAL	HPL00181_G27	NONE	YES	.	31	8	1.0000	HIGH	NONE	ALLELE_STATE
SAMN16801845	SRR13089484	HPL00183	PRIMARY_TECHNICAL	HPL00183_J99	NONE	YES	.	37	8	1.0000	HIGH	NONE	ALLELE_STATE
SAMN16801845	SRR13089484	HPL00187	PRIMARY_TECHNICAL	HPL00187_Shi470	NONE	YES	.	32	9	1.0000	HIGH	NONE	ALLELE_STATE
SAMN16801845	SRR13089484	HPL00189	PRIMARY_TECHNICAL	HPL00189_Shi470	NONE	YES	.	28	8	1.0000	HIGH	NONE	ALLELE_STATE
SAMN16801845	SRR13089484	HPL00191	PRIMARY_TECHNICAL	HPL00191_Shi470	NONE	YES	.	52	8	1.0000	HIGH	NONE	ALLELE_STATE
SAMN16801845	SRR13089484	HPL00193	PRIMARY_TECHNICAL	HPL00193_26695	NONE	NO	NO_SPANNING_READS	0			NA	NA	UNCALLABLE
SAMN16801845	SRR13089484	HPL00194	PRIMARY_TECHNICAL	HPL00194_Shi470	NONE	YES	.	36	9	0.9722	HIGH	NONE	ALLELE_STATE
SAMN16801845	SRR13089484	HPL00197	PROVISIONAL_TECHNICAL	HPL00197_India7	NONE	YES	.	39	8	1.0000	HIGH	NONE	ALLELE_STATE
SAMN16801845	SRR13089484	HPL00198	PRIMARY_TECHNICAL	HPL00198_26695	NONE	YES	.	36	8	1.0000	HIGH	NONE	ALLELE_STATE
SAMN16801845	SRR13089484	HPL00199	PRIMARY_TECHNICAL	HPL00199_HPAG1	NONE	YES	.	41	8	1.0000	HIGH	NONE	ALLELE_STATE
SAMN16801845	SRR13089484	HPL00202	PRIMARY_TECHNICAL	HPL00202_Shi470	NONE	YES	.	18	9	1.0000	MEDIUM	NONE	AMBIGUOUS
SAMN16801845	SRR13089484	HPL00204	PRIMARY_TECHNICAL	HPL00204_26695	NONE	YES	.	44	8	1.0000	HIGH	NONE	ALLELE_STATE
SAMN16801845	SRR13089484	HPL00206	PRIMARY_TECHNICAL	HPL00206_26695	NONE	YES	.	23	8	1.0000	HIGH	NONE	ALLELE_STATE
SAMN16801845	SRR13089484	HPL00209	PRIMARY_TECHNICAL	HPL00209_26695	NONE	YES	.	48	8	1.0000	HIGH	NONE	ALLELE_STATE
SAMN16801845	SRR13089484	HPL00210	PRIMARY_TECHNICAL	HPL00210_26695	NONE	YES	.	47	8	1.0000	HIGH	NONE	ALLELE_STATE
SAMN16801845	SRR13089484	HPL00214	PRIMARY_TECHNICAL	HPL00214_26695	NONE	YES	.	46	8	1.0000	HIGH	NONE	ALLELE_STATE
SAMN16801845	SRR13089484	HPL00222	PRIMARY_TECHNICAL	HPL00222_26695	NONE	YES	.	31	8	1.0000	HIGH	NONE	ALLELE_STATE
SAMN16801845	SRR13089484	HPL00223	PRIMARY_TECHNICAL	HPL00223_Shi470	NONE	YES	.	27	8	1.0000	HIGH	NONE	ALLELE_STATE
SAMN16801845	SRR13089484	HPL00224	PRIMARY_TECHNICAL	HPL00224_P12	NONE	YES	.	31	8	1.0000	HIGH	NONE	ALLELE_STATE
SAMN16801845	SRR13089484	HPL00225	PRIMARY_TECHNICAL	HPL00225_26695	NONE	NO	NO_SPANNING_READS	0			NA	NA	UNCALLABLE
SAMN16801845	SRR13089484	HPL00229	PRIMARY_TECHNICAL	HPL00229_HPAG1	NONE	YES	.	25	8	1.0000	HIGH	NONE	ALLELE_STATE
SAMN16801845	SRR13089484	HPL00230	PROVISIONAL_TECHNICAL	HPL00230_26695	NONE	YES	.	48	12	1.0000	HIGH	NONE	ALLELE_STATE
SAMN16801845	SRR13089484	HPL00231	PRIMARY_TECHNICAL	HPL00231_Shi470	NONE	YES	.	37	8	1.0000	HIGH	NONE	ALLELE_STATE
SAMN16801845	SRR13089484	HPL00232	PRIMARY_TECHNICAL	HPL00232_P12	NONE	YES	.	38	8	1.0000	HIGH	NONE	ALLELE_STATE
SAMN16801845	SRR13089484	HPL00234	PRIMARY_TECHNICAL	HPL00234_26695	NONE	YES	.	36	8	1.0000	HIGH	NONE	ALLELE_STATE
SAMN16801845	SRR13089484	HPL00239	PRIMARY_TECHNICAL	HPL00239_Shi470	NONE	YES	.	18	8	1.0000	MEDIUM	NONE	ALLELE_STATE
SAMN16801845	SRR13089484	HPL00241	PRIMARY_TECHNICAL	HPL00241_26695	NONE	YES	.	50	8	1.0000	HIGH	NONE	ALLELE_STATE
SAMN16801845	SRR13089484	HPL00242	PRIMARY_TECHNICAL	HPL00242_India7	NONE	YES	.	44	8	1.0000	HIGH	NONE	ALLELE_STATE
SAMN16801845	SRR13089484	HPL00243	PRIMARY_TECHNICAL	HPL00243_HPAG1	NONE	YES	.	48	8	1.0000	HIGH	NONE	ALLELE_STATE
SAMN16801845	SRR13089484	HPL00244	PRIMARY_TECHNICAL	HPL00244_Shi470	NONE	YES	.	20	8	1.0000	HIGH	NONE	ALLELE_STATE
SAMN16801845	SRR13089484	HPL00245	PRIMARY_TECHNICAL	HPL00245_HPAG1	NONE	YES	.	25	8	1.0000	HIGH	NONE	ALLELE_STATE
SAMN16801845	SRR13089484	HPL00246	PRIMARY_TECHNICAL	HPL00246_26695	NONE	NO	NO_SPANNING_READS	0			NA	NA	UNCALLABLE
SAMN16801845	SRR13089484	HPL00247	PRIMARY_TECHNICAL	HPL00247_J99	NONE	YES	.	49	8	1.0000	HIGH	NONE	ALLELE_STATE
SAMN16801845	SRR13089484	HPL00251	PRIMARY_TECHNICAL	HPL00251_26695	NONE	YES	.	29	8	1.0000	HIGH	NONE	ALLELE_STATE
SAMN16801845	SRR13089484	HPL00259	PRIMARY_TECHNICAL	HPL00259_26695	NONE	YES	.	45	8	1.0000	HIGH	NONE	ALLELE_STATE
SAMN16801845	SRR13089484	HPL00261	PRIMARY_TECHNICAL	HPL00261_26695	NONE	YES	.	35	8	1.0000	HIGH	NONE	ALLELE_STATE
SAMN16801845	SRR13089484	HPL00262	PRIMARY_TECHNICAL	HPL00262_India7	NONE	YES	.	36	8	1.0000	HIGH	NONE	ALLELE_STATE
SAMN16801845	SRR13089484	HPL00264	PRIMARY_TECHNICAL	HPL00264_B8	NONE	YES	.	32	8	1.0000	HIGH	NONE	ALLELE_STATE
SAMN16801845	SRR13089484	HPL00267	PRIMARY_TECHNICAL	HPL00267_26695	NONE	YES	.	35	8	1.0000	HIGH	NONE	ALLELE_STATE
SAMN16801845	SRR13089484	HPL00270	PRIMARY_TECHNICAL	HPL00270_HPAG1	NONE	YES	.	21	8	1.0000	HIGH	NONE	ALLELE_STATE
SAMN16801845	SRR13089484	HPL00273	PRIMARY_TECHNICAL	HPL00273_G27	NONE	YES	.	25	8	1.0000	HIGH	NONE	ALLELE_STATE
SAMN16801845	SRR13089484	HPL00274	PRIMARY_TECHNICAL	HPL00274_26695	NONE	NO	NO_SPANNING_READS	0			NA	NA	UNCALLABLE
SAMN16801845	SRR13089484	HPL00275	PRIMARY_TECHNICAL	HPL00275_26695	NONE	YES	.	35	8	1.0000	HIGH	NONE	ALLELE_STATE
SAMN16801845	SRR13089484	HPL00276	PRIMARY_TECHNICAL	HPL00276_26695	NONE	YES	.	33	8	0.9697	HIGH	NONE	ALLELE_STATE
SAMN16801845	SRR13089484	HPL00277	PRIMARY_TECHNICAL	HPL00277_26695	NONE	YES	.	39	8	1.0000	HIGH	NONE	ALLELE_STATE
SAMN16801845	SRR13089484	HPL00288	PRIMARY_TECHNICAL	HPL00288_26695	NONE	NO	NO_SPANNING_READS	0			NA	NA	UNCALLABLE
SAMN16801845	SRR13089484	HPL00289	PRIMARY_TECHNICAL	HPL00289_Shi470	NONE	YES	.	29	9	1.0000	HIGH	NONE	ALLELE_STATE
SAMN16801845	SRR13089484	HPL00290	PRIMARY_TECHNICAL	HPL00290_Shi470	NONE	YES	.	41	8	0.9756	HIGH	NONE	ALLELE_STATE
SAMN16801845	SRR13089484	HPL00291	PROVISIONAL_TECHNICAL	HPL00291_26695	NONE	YES	.	43	8	1.0000	HIGH	NONE	ALLELE_STATE
SAMN16801845	SRR13089484	HPL00292	PRIMARY_TECHNICAL	HPL00292_26695	NONE	NO	NO_SPANNING_READS	0			NA	NA	UNCALLABLE
SAMN16801845	SRR13089484	HPL00293	PRIMARY_TECHNICAL	HPL00293_Shi470	NONE	YES	.	36	8	1.0000	HIGH	NONE	ALLELE_STATE
SAMN16801845	SRR13089484	HPL00297	PRIMARY_TECHNICAL	HPL00297_P12	NONE	YES	.	41	8	1.0000	HIGH	NONE	ALLELE_STATE
SAMN16801845	SRR13089484	HPL00299	PROVISIONAL_TECHNICAL	HPL00299_J99	NONE	YES	.	42	12	1.0000	HIGH	NONE	ALLELE_STATE
SAMN16801845	SRR13089484	HPL00301	PRIMARY_TECHNICAL	HPL00301_26695	NONE	YES	.	33	8	1.0000	HIGH	NONE	ALLELE_STATE
SAMN16801845	SRR13089484	HPL00303	PRIMARY_TECHNICAL	HPL00303_J99	NONE	YES	.	31	8	1.0000	HIGH	NONE	ALLELE_STATE
SAMN16801845	SRR13089484	HPL00304	PRIMARY_TECHNICAL	HPL00304_HPAG1	NONE	YES	.	41	8	1.0000	HIGH	NONE	ALLELE_STATE
SAMN16801845	SRR13089484	HPL00305	PRIMARY_TECHNICAL	HPL00305_26695	NONE	YES	.	30	8	1.0000	HIGH	NONE	ALLELE_STATE
SAMN16801845	SRR13089484	HPL00306	PRIMARY_TECHNICAL	HPL00306_26695	NONE	YES	.	45	8	1.0000	HIGH	NONE	ALLELE_STATE
SAMN16801845	SRR13089484	HPL00311	PRIMARY_TECHNICAL	HPL00311_J99	NONE	YES	.	51	8	1.0000	HIGH	NONE	ALLELE_STATE
SAMN16801845	SRR13089484	HPL00312	PROVISIONAL_TECHNICAL	HPL00312_26695	NONE	YES	.	37	13	1.0000	HIGH	NONE	ALLELE_STATE
SAMN16801845	SRR13089484	HPL00313	PRIMARY_TECHNICAL	HPL00313_Shi470	NONE	YES	.	48	8	1.0000	HIGH	NONE	ALLELE_STATE
SAMN16801845	SRR13089484	HPL00314	PRIMARY_TECHNICAL	HPL00314_26695	NONE	YES	.	48	8	1.0000	HIGH	NONE	ALLELE_STATE
SAMN16801845	SRR13089484	HPL00316	PRIMARY_TECHNICAL	HPL00316_Shi470	NONE	YES	.	57	9	1.0000	HIGH	NONE	ALLELE_STATE
SAMN16801845	SRR13089484	HPL00318	PRIMARY_TECHNICAL	HPL00318_26695	NONE	NO	NO_SPANNING_READS	0			NA	NA	UNCALLABLE
SAMN16801845	SRR13089484	HPL00319	PRIMARY_TECHNICAL	HPL00319_26695	NONE	NO	NO_SPANNING_READS	0			NA	NA	UNCALLABLE
SAMN16801845	SRR13089484	HPL00321	PRIMARY_TECHNICAL	HPL00321_26695	NONE	NO	NO_SPANNING_READS	0			NA	NA	UNCALLABLE
SAMN16801845	SRR13089484	HPL00322	PRIMARY_TECHNICAL	HPL00322_G27	NONE	YES	.	40	8	1.0000	HIGH	NONE	ALLELE_STATE
SAMN16801845	SRR13089484	HPL00325	PRIMARY_TECHNICAL	HPL00325_26695	NONE	YES	.	48	8	1.0000	HIGH	NONE	ALLELE_STATE
SAMN16801845	SRR13089484	HPL00329	PRIMARY_TECHNICAL	HPL00329_HPAG1	NONE	YES	.	32	8	1.0000	HIGH	NONE	ALLELE_STATE
SAMN16801845	SRR13089484	HPL00330	PROVISIONAL_TECHNICAL	HPL00330_26695	NONE	YES	.	53	8	0.9811	HIGH	NONE	ALLELE_STATE
SAMN16801845	SRR13089484	HPL00332	PRIMARY_TECHNICAL	HPL00332_B8	NONE	YES	.	47	8	0.9787	HIGH	NONE	ALLELE_STATE
SAMN16801845	SRR13089484	HPL00333	PRIMARY_TECHNICAL	HPL00333_B8	NONE	YES	.	33	8	1.0000	HIGH	NONE	ALLELE_STATE
SAMN16801845	SRR13089484	HPL00337	PRIMARY_TECHNICAL	HPL00337_26695	NONE	YES	.	35	8	1.0000	HIGH	NONE	ALLELE_STATE
SAMN16801845	SRR13089484	HPL00341	PRIMARY_TECHNICAL	HPL00341_26695	NONE	YES	.	42	8	0.9762	HIGH	NONE	ALLELE_STATE
SAMN16801845	SRR13089484	HPL00342	PRIMARY_TECHNICAL	HPL00342_26695	NONE	YES	.	42	8	1.0000	HIGH	NONE	ALLELE_STATE
SAMN16801845	SRR13089484	HPL00344	PRIMARY_TECHNICAL	HPL00344_J99	NONE	YES	.	32	8	1.0000	HIGH	NONE	ALLELE_STATE
SAMN16801845	SRR13089484	HPL00345	PRIMARY_TECHNICAL	HPL00345_Shi470	NONE	YES	.	40	8	1.0000	HIGH	NONE	ALLELE_STATE
SAMN16801845	SRR13089484	HPL00347	PRIMARY_TECHNICAL	HPL00347_B8	NONE	YES	.	41	8	0.9756	HIGH	NONE	ALLELE_STATE
SAMN16801845	SRR13089484	HPL00350	PRIMARY_TECHNICAL	HPL00350_Shi470	NONE	YES	.	43	9	1.0000	HIGH	NONE	ALLELE_STATE
SAMN16801845	SRR13089484	HPL00351	PRIMARY_TECHNICAL	HPL00351_Shi470	NONE	YES	.	36	8	1.0000	HIGH	NONE	ALLELE_STATE
SAMN16801845	SRR13089484	HPL00352	PRIMARY_TECHNICAL	HPL00352_26695	NONE	NO	NO_SPANNING_READS	0			NA	NA	UNCALLABLE
SAMN16801845	SRR13089484	HPL00353	PRIMARY_TECHNICAL	HPL00353_26695	NONE	YES	.	43	8	1.0000	HIGH	NONE	ALLELE_STATE
SAMN16801845	SRR13089484	HPL00354	PRIMARY_TECHNICAL	HPL00354_26695	NONE	YES	.	37	8	1.0000	HIGH	NONE	ALLELE_STATE
SAMN16801845	SRR13089484	HPL00357	PRIMARY_TECHNICAL	HPL00357_B8	NONE	YES	.	40	8	0.9750	HIGH	NONE	ALLELE_STATE
SAMN16801845	SRR13089484	HPL00360	PRIMARY_TECHNICAL	HPL00360_J99	NONE	YES	.	26	8	1.0000	HIGH	NONE	ALLELE_STATE
SAMN16801845	SRR13089484	HPL00361	PRIMARY_TECHNICAL	HPL00361_B8	NONE	YES	.	48	8	1.0000	HIGH	NONE	ALLELE_STATE
SAMN16801845	SRR13089484	HPL00364	PRIMARY_TECHNICAL	HPL00364_P12	NONE	YES	.	39	8	1.0000	HIGH	NONE	ALLELE_STATE
SAMN16801845	SRR13089484	HPL00365	PRIMARY_TECHNICAL	HPL00365_26695	NONE	YES	.	35	8	1.0000	HIGH	NONE	ALLELE_STATE
SAMN16801845	SRR13089484	HPL00369	PRIMARY_TECHNICAL	HPL00369_Shi470	NONE	YES	.	24	9	1.0000	HIGH	NONE	ALLELE_STATE
SAMN16801845	SRR13089484	HPL00370	PRIMARY_TECHNICAL	HPL00370_G27	NONE	YES	.	30	8	1.0000	HIGH	NONE	ALLELE_STATE
SAMN16801845	SRR13089484	HPL00376	PRIMARY_TECHNICAL	HPL00376_26695	NONE	YES	.	44	8	1.0000	HIGH	NONE	ALLELE_STATE
SAMN16801845	SRR13089484	HPL00377	PRIMARY_TECHNICAL	HPL00377_26695	NONE	YES	.	53	8	1.0000	HIGH	NONE	ALLELE_STATE
SAMN16801845	SRR13089484	HPL00378	PRIMARY_TECHNICAL	HPL00378_J99	NONE	YES	.	21	8	1.0000	HIGH	NONE	ALLELE_STATE
SAMN16801845	SRR13089484	HPL00379	PRIMARY_TECHNICAL	HPL00379_26695	NONE	YES	.	37	8	1.0000	HIGH	NONE	ALLELE_STATE
SAMN16801845	SRR13089484	HPL00380	PRIMARY_TECHNICAL	HPL00380_Shi470	NONE	YES	.	30	8	1.0000	HIGH	NONE	ALLELE_STATE
SAMN16801845	SRR13089484	HPL00381	PROVISIONAL_TECHNICAL	HPL00381_Shi470	NONE	YES	.	37	8	1.0000	HIGH	NONE	ALLELE_STATE
SAMN16801845	SRR13089484	HPL00383	PRIMARY_TECHNICAL	HPL00383_26695	NONE	YES	.	48	8	1.0000	HIGH	NONE	ALLELE_STATE
SAMN16801845	SRR13089484	HPL00385	PROVISIONAL_TECHNICAL	HPL00385_26695	NONE	NO	NO_SPANNING_READS	0			NA	NA	UNCALLABLE
SAMN16801845	SRR13089484	HPL00386	PRIMARY_TECHNICAL	HPL00386_26695	NONE	YES	.	45	8	1.0000	HIGH	NONE	ALLELE_STATE
SAMN16801845	SRR13089484	HPL00387	PROVISIONAL_TECHNICAL	HPL00387_G27	NONE	YES	.	50	12	1.0000	HIGH	NONE	ALLELE_STATE
SAMN16801845	SRR13089484	HPL00390	PRIMARY_TECHNICAL	HPL00390_26695	NONE	YES	.	49	8	1.0000	HIGH	NONE	ALLELE_STATE
SAMN16801845	SRR13089484	HPL00392	PRIMARY_TECHNICAL	HPL00392_J99	NONE	YES	.	31	8	1.0000	HIGH	NONE	ALLELE_STATE
SAMN16801845	SRR13089484	HPL00393	PRIMARY_TECHNICAL	HPL00393_26695	NONE	YES	.	22	6	1.0000	HIGH	NONE	ALLELE_STATE
SAMN16801845	SRR13089484	HPL00403	PRIMARY_TECHNICAL	HPL00403_J99	NONE	YES	.	45	8	0.9556	HIGH	NONE	ALLELE_STATE
SAMN16801845	SRR13089484	HPL00404	PRIMARY_TECHNICAL	HPL00404_Shi470	NONE	YES	.	36	8	1.0000	HIGH	NONE	ALLELE_STATE
SAMN16801845	SRR13089484	HPL00407	PRIMARY_TECHNICAL	HPL00407_26695	NONE	YES	.	41	8	1.0000	HIGH	NONE	ALLELE_STATE
SAMN16801845	SRR13089484	HPL00409	PRIMARY_TECHNICAL	HPL00409_26695	NONE	YES	.	29	8	1.0000	HIGH	NONE	ALLELE_STATE
SAMN16801845	SRR13089484	HPL00413	PRIMARY_TECHNICAL	HPL00413_26695	NONE	YES	.	29	8	1.0000	HIGH	NONE	ALLELE_STATE
SAMN16801845	SRR13089484	HPL00414	PRIMARY_TECHNICAL	HPL00414_Shi470	NONE	YES	.	44	8	1.0000	HIGH	NONE	ALLELE_STATE
SAMN16801845	SRR13089484	HPL00415	PRIMARY_TECHNICAL	HPL00415_India7	NONE	YES	.	58	8	1.0000	HIGH	NONE	ALLELE_STATE
SAMN16801845	SRR13089484	HPL00419	PRIMARY_TECHNICAL	HPL00419_26695	NONE	YES	.	44	8	1.0000	HIGH	NONE	ALLELE_STATE
SAMN16801845	SRR13089484	HPL00421	PRIMARY_TECHNICAL	HPL00421_26695	NONE	YES	.	27	8	1.0000	HIGH	NONE	ALLELE_STATE
SAMN16801845	SRR13089484	HPL00423	PRIMARY_TECHNICAL	HPL00423_J99	NONE	YES	.	39	8	1.0000	HIGH	NONE	ALLELE_STATE
SAMN16801845	SRR13089484	HPL00424	PRIMARY_TECHNICAL	HPL00424_Shi470	NONE	YES	.	40	8	1.0000	HIGH	NONE	ALLELE_STATE
SAMN16801845	SRR13089484	HPL00426	PROVISIONAL_TECHNICAL	HPL00426_26695	MEMBER_ALLELE_CONFLICT:HPL00426_Shi470	NO	MEMBER_ALLELE_CONFLICT	43	8	0.9767	NA	NONE	UNCALLABLE
SAMN16801845	SRR13089484	HPL00429	PRIMARY_TECHNICAL	HPL00429_26695	NONE	YES	.	27	8	1.0000	HIGH	NONE	ALLELE_STATE
SAMN16801845	SRR13089484	HPL00430	PRIMARY_TECHNICAL	HPL00430_26695	NONE	NO	NO_SPANNING_READS	0			NA	NA	UNCALLABLE
SAMN16801845	SRR13089484	HPL00435	PRIMARY_TECHNICAL	HPL00435_Shi470	NONE	YES	.	43	9	1.0000	HIGH	NONE	ALLELE_STATE
SAMN16801845	SRR13089484	HPL00436	PRIMARY_TECHNICAL	HPL00436_P12	NONE	YES	.	33	8	1.0000	HIGH	NONE	ALLELE_STATE
SAMN16801845	SRR13089484	HPL00439	PROVISIONAL_TECHNICAL	HPL00439_J99	NONE	YES	.	47	12	1.0000	HIGH	NONE	ALLELE_STATE
SAMN16801845	SRR13089484	HPL00442	PRIMARY_TECHNICAL	HPL00442_G27	NONE	YES	.	47	8	1.0000	HIGH	NONE	ALLELE_STATE
SAMN16801845	SRR13089484	HPL00443	PRIMARY_TECHNICAL	HPL00443_B8	NONE	YES	.	57	9	0.9825	HIGH	NONE	ALLELE_STATE
SAMN16801845	SRR13089484	HPL00447	PRIMARY_TECHNICAL	HPL00447_26695	NONE	YES	.	12	8	1.0000	MEDIUM	NONE	ALLELE_STATE
SAMN16801845	SRR13089484	HPL00450	PRIMARY_TECHNICAL	HPL00450_G27	NONE	YES	.	36	8	1.0000	HIGH	NONE	ALLELE_STATE
SAMN16801845	SRR13089484	HPL00453	PROVISIONAL_TECHNICAL	HPL00453_26695	NONE	YES	.	43	11	1.0000	HIGH	NONE	ON
SAMN16801845	SRR13089484	HPL00454	PROVISIONAL_TECHNICAL	HPL00454_P12	NONE	YES	.	27	12	1.0000	HIGH	NONE	ALLELE_STATE
SAMN16801845	SRR13089484	HPL00460	PRIMARY_TECHNICAL	HPL00460_26695	NONE	YES	.	50	8	1.0000	HIGH	NONE	ALLELE_STATE
SAMN16801845	SRR13089484	HPL00465	PRIMARY_TECHNICAL	HPL00465_G27	NONE	YES	.	40	8	1.0000	HIGH	NONE	ALLELE_STATE
SAMN16801845	SRR13089484	HPL00466	PRIMARY_TECHNICAL	HPL00466_Shi470	NONE	YES	.	43	9	1.0000	HIGH	NONE	ALLELE_STATE
SAMN16801845	SRR13089484	HPL00469	PRIMARY_TECHNICAL	HPL00469_G27	NONE	YES	.	26	8	1.0000	HIGH	NONE	ALLELE_STATE
SAMN16801845	SRR13089484	HPL00479	PRIMARY_TECHNICAL	HPL00479_P12	NONE	YES	.	30	8	1.0000	HIGH	NONE	ALLELE_STATE
SAMN16801845	SRR13089484	HPL00482	PRIMARY_TECHNICAL	HPL00482_26695	NONE	YES	.	22	8	1.0000	HIGH	NONE	ALLELE_STATE
SAMN16801845	SRR13089484	HPL00483	PRIMARY_TECHNICAL	HPL00483_G27	NONE	YES	.	45	8	1.0000	HIGH	NONE	ALLELE_STATE
SAMN16801845	SRR13089484	HPL00485	PRIMARY_TECHNICAL	HPL00485_G27	NONE	YES	.	21	8	1.0000	HIGH	NONE	ALLELE_STATE
SAMN16801845	SRR13089484	HPL00487	PROVISIONAL_TECHNICAL	HPL00487_26695	NONE	NO	NO_SPANNING_READS	0			NA	NA	UNCALLABLE
SAMN16801845	SRR13089484	HPL00493	PRIMARY_TECHNICAL	HPL00493_26695	NONE	YES	.	63	8	1.0000	HIGH	NONE	ALLELE_STATE
SAMN16801845	SRR13089484	HPL00496	PRIMARY_TECHNICAL	HPL00496_Shi470	NONE	YES	.	44	8	1.0000	HIGH	NONE	ALLELE_STATE
SAMN16801845	SRR13089484	HPL00497	PRIMARY_TECHNICAL	HPL00497_India7	NONE	YES	.	51	8	1.0000	HIGH	NONE	AMBIGUOUS
SAMN16801845	SRR13089484	HPL00498	PRIMARY_TECHNICAL	HPL00498_J99	NONE	YES	.	43	8	1.0000	HIGH	NONE	ALLELE_STATE
SAMN16801845	SRR13089484	HPL00499	PROVISIONAL_TECHNICAL	HPL00499_J99	NONE	YES	.	40	8	1.0000	HIGH	NONE	ALLELE_STATE
SAMN16801845	SRR13089484	HPL00501	PRIMARY_TECHNICAL	HPL00501_B8	NONE	YES	.	61	8	1.0000	HIGH	NONE	ALLELE_STATE
SAMN16801845	SRR13089484	HPL00502	PRIMARY_TECHNICAL	HPL00502_HPAG1	NONE	YES	.	34	8	1.0000	HIGH	NONE	ALLELE_STATE
SAMN16801845	SRR13089484	HPL00503	PRIMARY_TECHNICAL	HPL00503_26695	NONE	YES	.	40	7	1.0000	HIGH	NONE	ALLELE_STATE
SAMN16801845	SRR13089484	HPL00505	PRIMARY_TECHNICAL	HPL00505_G27	MEMBER_ALLELE_CONFLICT:HPL00505_P12	NO	MEMBER_ALLELE_CONFLICT	39	8	1.0000	NA	NONE	UNCALLABLE
SAMN16801845	SRR13089484	HPL00506	PRIMARY_TECHNICAL	HPL00506_26695	NONE	YES	.	33	8	1.0000	HIGH	NONE	ALLELE_STATE
SAMN16801845	SRR13089484	HPL00510	PROVISIONAL_TECHNICAL	HPL00510_J99	NONE	NO	NO_SPANNING_READS	0			NA	NA	UNCALLABLE
SAMN16801845	SRR13089484	HPL00514	PRIMARY_TECHNICAL	HPL00514_J99	NONE	YES	.	49	8	1.0000	HIGH	NONE	ALLELE_STATE
SAMN16801845	SRR13089484	HPL00518	PROVISIONAL_TECHNICAL	HPL00518_India7	NONE	YES	.	27	9	1.0000	HIGH	NONE	ALLELE_STATE
SAMN16801845	SRR13089484	HPL00521	PRIMARY_TECHNICAL	HPL00521_J99	NONE	NO	NO_SPANNING_READS	0			NA	NA	UNCALLABLE
SAMN16801845	SRR13089484	HPL00524	PRIMARY_TECHNICAL	HPL00524_G27	NONE	YES	.	45	8	1.0000	HIGH	NONE	ALLELE_STATE
SAMN16801845	SRR13089484	HPL00529	PRIMARY_TECHNICAL	HPL00529_B8	NONE	YES	.	26	8	1.0000	HIGH	NONE	ALLELE_STATE
SAMN16801845	SRR13089484	HPL00530	PRIMARY_TECHNICAL	HPL00530_G27	NONE	YES	.	8	8	1.0000	LOW	NONE	ALLELE_STATE
SAMN16801845	SRR13089484	HPL00531	PRIMARY_TECHNICAL	HPL00531_J99	NONE	YES	.	32	8	1.0000	HIGH	NONE	ALLELE_STATE
SAMN16801845	SRR13089484	HPL00533	PROVISIONAL_TECHNICAL	HPL00533_J99	NONE	YES	.	45	8	1.0000	HIGH	NONE	ALLELE_STATE
SAMN16801845	SRR13089484	HPL00540	PRIMARY_TECHNICAL	HPL00540_HPAG1	NONE	YES	.	58	9	1.0000	HIGH	NONE	ALLELE_STATE
SAMN16801845	SRR13089484	HPL00544	PRIMARY_TECHNICAL	HPL00544_J99	NONE	YES	.	40	9	1.0000	HIGH	NONE	ALLELE_STATE
SAMN16801845	SRR13089484	HPL00548	PRIMARY_TECHNICAL	HPL00548_J99	NONE	NO	NO_SPANNING_READS	0			NA	NA	UNCALLABLE
SAMN16801845	SRR13089484	HPL00549	PROVISIONAL_TECHNICAL	HPL00549_P12	NONE	YES	.	53	10	1.0000	HIGH	NONE	ALLELE_STATE
SAMN16801845	SRR13089484	HPL00571	PRIMARY_TECHNICAL	HPL00571_Shi470	NONE	YES	.	33	8	1.0000	HIGH	NONE	ALLELE_STATE
SAMN16801845	SRR13089484	HPL00573	PRIMARY_TECHNICAL	HPL00573_J99	NONE	YES	.	45	9	1.0000	HIGH	NONE	ALLELE_STATE
SAMN16801845	SRR13089484	HPL00576	PRIMARY_TECHNICAL	HPL00576_B8	NONE	YES	.	19	8	1.0000	MEDIUM	NONE	ALLELE_STATE
SAMN16801845	SRR13089484	HPL00582	PRIMARY_TECHNICAL	HPL00582_Shi470	NONE	YES	.	24	8	0.9583	HIGH	NONE	ALLELE_STATE
SAMN16801845	SRR13089484	HPL00601	PRIMARY_TECHNICAL	HPL00601_J99	NONE	NO	NO_SPANNING_READS	0			NA	NA	UNCALLABLE
SAMN16801845	SRR13089484	HPL00603	PRIMARY_TECHNICAL	HPL00603_J99	NONE	NO	NO_SPANNING_READS	0			NA	NA	UNCALLABLE
SAMN16801845	SRR13089484	HPL00604	PRIMARY_TECHNICAL	HPL00604_P12	MEMBER_ALLELE_CONFLICT:HPL00604_G27	NO	MEMBER_ALLELE_CONFLICT	59	9	0.9831	NA	NONE	UNCALLABLE
SAMN16801845	SRR13089484	HPL00608	PROVISIONAL_TECHNICAL	HPL00608_India7	NONE	YES	.	31	8	1.0000	HIGH	NONE	ALLELE_STATE
SAMN16801845	SRR13089484	HPL00609	PRIMARY_TECHNICAL	HPL00609_India7	NONE	YES	.	29	8	1.0000	HIGH	NONE	ALLELE_STATE
SAMN16801845	SRR13089484	HPL00613	PRIMARY_TECHNICAL	HPL00613_India7	NONE	YES	.	32	8	1.0000	HIGH	NONE	ALLELE_STATE
SAMN16801845	SRR13089484	HPL00622	PROVISIONAL_TECHNICAL	HPL00622_India7	NONE	YES	.	39	8	1.0000	HIGH	NONE	ALLELE_STATE
SAMN16801845	SRR13089484	HPL00628	PROVISIONAL_TECHNICAL	HPL00628_J99	NONE	YES	.	33	12	1.0000	HIGH	NONE	ALLELE_STATE
SAMN16801845	SRR13089484	HPL00640	PRIMARY_TECHNICAL	HPL00640_J99	NONE	YES	.	65	8	1.0000	HIGH	NONE	ALLELE_STATE
SAMN16801845	SRR13089484	HPL00645	PRIMARY_TECHNICAL	HPL00645_P12	NONE	YES	.	39	9	0.9744	HIGH	NONE	ALLELE_STATE
SAMN16801845	SRR13089484	HPL00679	PRIMARY_TECHNICAL	HPL00679_J99	NONE	NO	NO_SPANNING_READS	0			NA	NA	UNCALLABLE
SAMN16801845	SRR13089484	HPL00682	PRIMARY_TECHNICAL	HPL00682_J99	NONE	NO	NO_SPANNING_READS	0			NA	NA	UNCALLABLE
SAMN16801845	SRR13089484	HPL00685	PROVISIONAL_TECHNICAL	HPL00685_J99	NONE	NO	INSUFFICIENT_SPANNING_READS(5<8)	5			NA	NA	UNCALLABLE
SAMN16801845	SRR13089484	HPL00699	PRIMARY_TECHNICAL	HPL00699_P12	NONE	YES	.	38	8	1.0000	HIGH	NONE	ALLELE_STATE
SAMN16801845	SRR13089484	HPL00702	PRIMARY_TECHNICAL	HPL00702_J99	NONE	NO	NO_SPANNING_READS	0			NA	NA	UNCALLABLE
SAMN16801845	SRR13089484	HPL00709	PRIMARY_TECHNICAL	HPL00709_HPAG1	NONE	YES	.	53	7	1.0000	HIGH	NONE	ALLELE_STATE
SAMN16801845	SRR13089484	HPL00743	PROVISIONAL_TECHNICAL	HPL00743_India7	NONE	YES	.	31	12	1.0000	HIGH	NONE	ALLELE_STATE
SAMN16801845	SRR13089484	HPL00750	PRIMARY_TECHNICAL	HPL00750_HPAG1	NONE	YES	.	21	8	1.0000	HIGH	NONE	ALLELE_STATE
SAMN16801845	SRR13089484	HPL00751	PRIMARY_TECHNICAL	HPL00751_HPAG1	NONE	YES	.	35	8	1.0000	HIGH	NONE	ALLELE_STATE
SAMN16801845	SRR13089484	HPL00752	PRIMARY_TECHNICAL	HPL00752_G27	NONE	YES	.	41	8	1.0000	HIGH	NONE	ALLELE_STATE
SAMN16801845	SRR13089484	HPL00761	PRIMARY_TECHNICAL	HPL00761_Shi470	NONE	YES	.	37	8	1.0000	HIGH	NONE	ALLELE_STATE
SAMN16801845	SRR13089484	HPL00780	PRIMARY_TECHNICAL	HPL00780_HPAG1	NONE	YES	.	23	8	1.0000	HIGH	NONE	ALLELE_STATE
SAMN16801845	SRR13089484	HPL00782	PRIMARY_TECHNICAL	HPL00782_India7	NONE	YES	.	25	8	0.8800	HIGH	MIXTURE_CANDIDATE	ALLELE_STATE
SAMN16801845	SRR13089484	HPL00804	PRIMARY_TECHNICAL	HPL00804_HPAG1	NONE	YES	.	46	8	1.0000	HIGH	NONE	ALLELE_STATE
SAMN16801845	SRR13089484	HPL00809	PRIMARY_TECHNICAL	HPL00809_HPAG1	NONE	NO	NOT_CALLER_ELIGIBLE:NO:not_uniquely_anchorable				NA	NA	NOT_APPLICABLE
SAMN16801845	SRR13089484	HPL00811	PRIMARY_TECHNICAL	HPL00811_HPAG1	NONE	YES	.	55	8	1.0000	HIGH	NONE	ALLELE_STATE
SAMN16801845	SRR13089484	HPL00816	PRIMARY_TECHNICAL	HPL00816_G27	NONE	YES	.	25	8	1.0000	HIGH	NONE	ALLELE_STATE
SAMN16801845	SRR13089484	HPL00817	PRIMARY_TECHNICAL	HPL00817_P12	NONE	YES	.	29	8	1.0000	HIGH	NONE	ALLELE_STATE
SAMN16801845	SRR13089484	HPL00818	PRIMARY_TECHNICAL	HPL00818_HPAG1	NONE	NO	NO_SPANNING_READS	0			NA	NA	UNCALLABLE
SAMN16801845	SRR13089484	HPL00835	PRIMARY_TECHNICAL	HPL00835_G27	NONE	NO	NO_SPANNING_READS	0			NA	NA	UNCALLABLE
SAMN16801845	SRR13089484	HPL00838	PRIMARY_TECHNICAL	HPL00838_G27	NONE	YES	.	37	7	0.9189	HIGH	NONE	ALLELE_STATE
SAMN16801845	SRR13089484	HPL00839	PRIMARY_TECHNICAL	HPL00839_G27	NONE	NO	NO_SPANNING_READS	0			NA	NA	UNCALLABLE
SAMN16801845	SRR13089484	HPL00840	PRIMARY_TECHNICAL	HPL00840_G27	NONE	NO	NO_SPANNING_READS	0			NA	NA	UNCALLABLE
SAMN16801845	SRR13089484	HPL00841	PRIMARY_TECHNICAL	HPL00841_G27	NONE	YES	.	30	8	1.0000	HIGH	NONE	ALLELE_STATE
SAMN16801845	SRR13089484	HPL00849	PRIMARY_TECHNICAL	HPL00849_G27	NONE	YES	.	43	8	1.0000	HIGH	NONE	ALLELE_STATE
SAMN16801845	SRR13089484	HPL00884	PRIMARY_TECHNICAL	HPL00884_G27	NONE	YES	.	38	8	1.0000	HIGH	NONE	ALLELE_STATE
SAMN16801845	SRR13089484	HPL00934	PRIMARY_TECHNICAL	HPL00934_G27	NONE	NO	NO_SPANNING_READS	0			NA	NA	UNCALLABLE
SAMN16801845	SRR13089484	HPL00977	PRIMARY_TECHNICAL	HPL00977_India7	NONE	YES	.	28	8	1.0000	HIGH	NONE	ALLELE_STATE
SAMN16801845	SRR13089484	HPL01050	PRIMARY_TECHNICAL	HPL01050_B8	NONE	YES	.	18	8	1.0000	MEDIUM	NONE	ALLELE_STATE
SAMN16801845	SRR13089484	HPL01053	PRIMARY_TECHNICAL	HPL01053_P12	NONE	YES	.	31	8	0.9677	HIGH	NONE	ALLELE_STATE
SAMN16801845	SRR13089484	HPL01081	PRIMARY_TECHNICAL	HPL01081_Shi470	NONE	YES	.	28	8	1.0000	HIGH	NONE	ALLELE_STATE
SAMN16801845	SRR13089484	HPL01098	PROVISIONAL_TECHNICAL	HPL01098_B8	NONE	YES	.	20	12	1.0000	HIGH	NONE	ALLELE_STATE
SAMN16801845	SRR13089484	HPL01110	PRIMARY_TECHNICAL	HPL01110_India7	NONE	YES	.	31	8	1.0000	HIGH	NONE	ALLELE_STATE
SAMN16801845	SRR13089484	HPL01140	PRIMARY_TECHNICAL	HPL01140_B8	NONE	NO	NO_SPANNING_READS	0			NA	NA	UNCALLABLE
SAMN16801846	SRR13089483	HPL00001	PRIMARY_TECHNICAL	HPL00001_26695	NONE	YES	.	68	8	0.9853	HIGH	NONE	ALLELE_STATE
SAMN16801846	SRR13089483	HPL00002	PRIMARY_TECHNICAL	HPL00002_P12	NONE	YES	.	41	8	1.0000	HIGH	NONE	ALLELE_STATE
SAMN16801846	SRR13089483	HPL00007	PRIMARY_TECHNICAL	HPL00007_26695	NONE	YES	.	56	8	1.0000	HIGH	NONE	ALLELE_STATE
SAMN16801846	SRR13089483	HPL00008	PRIMARY_TECHNICAL	HPL00008_26695	NONE	YES	.	46	8	0.9783	HIGH	NONE	ALLELE_STATE
SAMN16801846	SRR13089483	HPL00010	PRIMARY_TECHNICAL	HPL00010_Shi470	NONE	YES	.	23	16	0.7391	HIGH	MIXTURE_CANDIDATE	ALLELE_STATE
SAMN16801846	SRR13089483	HPL00013	PRIMARY_TECHNICAL	HPL00013_Shi470	NONE	YES	.	32	8	1.0000	HIGH	NONE	ALLELE_STATE
SAMN16801846	SRR13089483	HPL00014	PRIMARY_TECHNICAL	HPL00014_J99	NONE	YES	.	41	8	1.0000	HIGH	NONE	ALLELE_STATE
SAMN16801846	SRR13089483	HPL00018	PROVISIONAL_TECHNICAL	HPL00018_26695	NONE	NO	NO_SPANNING_READS	0			NA	NA	UNCALLABLE
SAMN16801846	SRR13089483	HPL00019	PRIMARY_TECHNICAL	HPL00019_26695	NONE	NO	NO_SPANNING_READS	0			NA	NA	UNCALLABLE
SAMN16801846	SRR13089483	HPL00022	PROVISIONAL_TECHNICAL	HPL00022_P12	NONE	YES	.	34	14	1.0000	HIGH	NONE	ALLELE_STATE
SAMN16801846	SRR13089483	HPL00024	PRIMARY_TECHNICAL	HPL00024_26695	NONE	YES	.	44	8	0.9773	HIGH	NONE	ALLELE_STATE
SAMN16801846	SRR13089483	HPL00025	PRIMARY_TECHNICAL	HPL00025_26695	NONE	YES	.	54	8	1.0000	HIGH	NONE	ALLELE_STATE
SAMN16801846	SRR13089483	HPL00030	PROVISIONAL_TECHNICAL	HPL00030_HPAG1	NONE	YES	.	35	12	1.0000	HIGH	NONE	ALLELE_STATE
SAMN16801846	SRR13089483	HPL00031	PROVISIONAL_TECHNICAL	HPL00031_26695	NONE	YES	.	39	12	1.0000	HIGH	NONE	ALLELE_STATE
SAMN16801846	SRR13089483	HPL00033	PROVISIONAL_TECHNICAL	HPL00033_26695	NONE	YES	.	37	11	1.0000	HIGH	NONE	ALLELE_STATE
SAMN16801846	SRR13089483	HPL00037	PRIMARY_TECHNICAL	HPL00037_26695	NONE	YES	.	44	8	1.0000	HIGH	NONE	ALLELE_STATE
SAMN16801846	SRR13089483	HPL00038	PRIMARY_TECHNICAL	HPL00038_26695	NONE	YES	.	48	8	1.0000	HIGH	NONE	ALLELE_STATE
SAMN16801846	SRR13089483	HPL00040	PRIMARY_TECHNICAL	HPL00040_J99	NONE	YES	.	38	8	1.0000	HIGH	NONE	ALLELE_STATE
SAMN16801846	SRR13089483	HPL00042	PRIMARY_TECHNICAL	HPL00042_Shi470	NONE	YES	.	21	8	1.0000	HIGH	NONE	ALLELE_STATE
SAMN16801846	SRR13089483	HPL00043	PRIMARY_TECHNICAL	HPL00043_26695	NONE	YES	.	38	8	1.0000	HIGH	NONE	ALLELE_STATE
SAMN16801846	SRR13089483	HPL00044	PRIMARY_TECHNICAL	HPL00044_26695	MEMBER_ALLELE_CONFLICT:HPL00044_Shi470	NO	MEMBER_ALLELE_CONFLICT	47	7	1.0000	NA	NONE	UNCALLABLE
SAMN16801846	SRR13089483	HPL00045	PROVISIONAL_TECHNICAL	HPL00045_P12	NONE	NO	INSUFFICIENT_SPANNING_READS(4<8)	4			NA	NA	UNCALLABLE
SAMN16801846	SRR13089483	HPL00046	PROVISIONAL_TECHNICAL	HPL00046_26695	NONE	YES	.	27	12	1.0000	HIGH	NONE	ALLELE_STATE
SAMN16801846	SRR13089483	HPL00047	PRIMARY_TECHNICAL	HPL00047_G27	NONE	YES	.	35	8	1.0000	HIGH	NONE	ALLELE_STATE
SAMN16801846	SRR13089483	HPL00049	PRIMARY_TECHNICAL	HPL00049_26695	NONE	YES	.	39	8	1.0000	HIGH	NONE	ALLELE_STATE
SAMN16801846	SRR13089483	HPL00050	PRIMARY_TECHNICAL	HPL00050_26695	NONE	NO	NO_SPANNING_READS	0			NA	NA	UNCALLABLE
SAMN16801846	SRR13089483	HPL00051	PRIMARY_TECHNICAL	HPL00051_India7	NONE	YES	.	55	8	1.0000	HIGH	NONE	ALLELE_STATE
SAMN16801846	SRR13089483	HPL00053	PRIMARY_TECHNICAL	HPL00053_26695	NONE	YES	.	38	8	1.0000	HIGH	NONE	ALLELE_STATE
SAMN16801846	SRR13089483	HPL00055	PRIMARY_TECHNICAL	HPL00055_26695	NONE	YES	.	30	8	1.0000	HIGH	NONE	ALLELE_STATE
SAMN16801846	SRR13089483	HPL00060	PROVISIONAL_TECHNICAL	HPL00060_26695	NONE	NO	NO_SPANNING_READS	0			NA	NA	UNCALLABLE
SAMN16801846	SRR13089483	HPL00061	PROVISIONAL_TECHNICAL	HPL00061_26695	NONE	YES	.	27	10	1.0000	HIGH	NONE	OFF
SAMN16801846	SRR13089483	HPL00063	PROVISIONAL_TECHNICAL	HPL00063_26695	NONE	YES	.	43	12	1.0000	HIGH	NONE	ALLELE_STATE
SAMN16801846	SRR13089483	HPL00064	PRIMARY_TECHNICAL	HPL00064_26695	NONE	YES	.	38	8	1.0000	HIGH	NONE	ALLELE_STATE
SAMN16801846	SRR13089483	HPL00065	PROVISIONAL_TECHNICAL	HPL00065_B8	NONE	YES	.	50	12	1.0000	HIGH	NONE	ALLELE_STATE
SAMN16801846	SRR13089483	HPL00068	PRIMARY_TECHNICAL	HPL00068_Shi470	NONE	YES	.	45	9	0.9778	HIGH	NONE	ALLELE_STATE
SAMN16801846	SRR13089483	HPL00070	PROVISIONAL_TECHNICAL	HPL00070_26695	NONE	YES	.	33	12	1.0000	HIGH	NONE	ALLELE_STATE
SAMN16801846	SRR13089483	HPL00071	PRIMARY_TECHNICAL	HPL00071_26695	NONE	YES	.	50	8	1.0000	HIGH	NONE	ALLELE_STATE
SAMN16801846	SRR13089483	HPL00072	PRIMARY_TECHNICAL	HPL00072_26695	NONE	YES	.	52	8	1.0000	HIGH	NONE	ALLELE_STATE
SAMN16801846	SRR13089483	HPL00073	PRIMARY_TECHNICAL	HPL00073_B8	NONE	YES	.	38	8	1.0000	HIGH	NONE	ALLELE_STATE
SAMN16801846	SRR13089483	HPL00074	PRIMARY_TECHNICAL	HPL00074_26695	NONE	YES	.	44	8	1.0000	HIGH	NONE	ALLELE_STATE
SAMN16801846	SRR13089483	HPL00075	PRIMARY_TECHNICAL	HPL00075_G27	NONE	YES	.	31	8	1.0000	HIGH	NONE	ALLELE_STATE
SAMN16801846	SRR13089483	HPL00076	PRIMARY_TECHNICAL	HPL00076_P12	NONE	YES	.	39	8	1.0000	HIGH	NONE	ALLELE_STATE
SAMN16801846	SRR13089483	HPL00077	PRIMARY_TECHNICAL	HPL00077_B8	NONE	YES	.	44	8	1.0000	HIGH	NONE	ALLELE_STATE
SAMN16801846	SRR13089483	HPL00079	PRIMARY_TECHNICAL	HPL00079_HPAG1	NONE	YES	.	38	8	1.0000	HIGH	NONE	ALLELE_STATE
SAMN16801846	SRR13089483	HPL00080	PRIMARY_TECHNICAL	HPL00080_26695	NONE	YES	.	35	8	1.0000	HIGH	NONE	ALLELE_STATE
SAMN16801846	SRR13089483	HPL00083	PROVISIONAL_TECHNICAL	HPL00083_Shi470	NONE	YES	.	27	13	1.0000	HIGH	NONE	ALLELE_STATE
SAMN16801846	SRR13089483	HPL00084	PRIMARY_TECHNICAL	HPL00084_Shi470	NONE	YES	.	45	8	1.0000	HIGH	NONE	ALLELE_STATE
SAMN16801846	SRR13089483	HPL00085	PRIMARY_TECHNICAL	HPL00085_26695	NONE	YES	.	40	8	1.0000	HIGH	NONE	ALLELE_STATE
SAMN16801846	SRR13089483	HPL00087	PRIMARY_TECHNICAL	HPL00087_Shi470	NONE	YES	.	43	9	0.9767	HIGH	NONE	AMBIGUOUS
SAMN16801846	SRR13089483	HPL00089	PRIMARY_TECHNICAL	HPL00089_Shi470	NONE	YES	.	40	8	1.0000	HIGH	NONE	ALLELE_STATE
SAMN16801846	SRR13089483	HPL00090	PRIMARY_TECHNICAL	HPL00090_India7	NONE	YES	.	31	8	1.0000	HIGH	NONE	ALLELE_STATE
SAMN16801846	SRR13089483	HPL00099	PRIMARY_TECHNICAL	HPL00099_G27	NONE	YES	.	24	8	1.0000	HIGH	NONE	ALLELE_STATE
SAMN16801846	SRR13089483	HPL00103	PRIMARY_TECHNICAL	HPL00103_B8	NONE	YES	.	27	18	0.7407	MEDIUM	NONE	ALLELE_STATE
SAMN16801846	SRR13089483	HPL00104	PRIMARY_TECHNICAL	HPL00104_Shi470	NONE	YES	.	42	8	0.9524	HIGH	NONE	ALLELE_STATE
SAMN16801846	SRR13089483	HPL00105	PRIMARY_TECHNICAL	HPL00105_HPAG1	NONE	YES	.	26	8	1.0000	HIGH	NONE	ALLELE_STATE
SAMN16801846	SRR13089483	HPL00106	PRIMARY_TECHNICAL	HPL00106_G27	NONE	YES	.	56	8	1.0000	HIGH	NONE	ALLELE_STATE
SAMN16801846	SRR13089483	HPL00107	PRIMARY_TECHNICAL	HPL00107_26695	NONE	YES	.	36	8	1.0000	HIGH	NONE	ALLELE_STATE
SAMN16801846	SRR13089483	HPL00108	PRIMARY_TECHNICAL	HPL00108_Shi470	NONE	YES	.	45	8	1.0000	HIGH	NONE	ALLELE_STATE
SAMN16801846	SRR13089483	HPL00109	PRIMARY_TECHNICAL	HPL00109_26695	NONE	YES	.	38	8	1.0000	HIGH	NONE	ALLELE_STATE
SAMN16801846	SRR13089483	HPL00111	PRIMARY_TECHNICAL	HPL00111_26695	NONE	YES	.	50	8	1.0000	HIGH	NONE	ALLELE_STATE
SAMN16801846	SRR13089483	HPL00112	PRIMARY_TECHNICAL	HPL00112_Shi470	NONE	YES	.	27	9	1.0000	HIGH	NONE	ALLELE_STATE
SAMN16801846	SRR13089483	HPL00113	PRIMARY_TECHNICAL	HPL00113_P12	NONE	YES	.	25	8	1.0000	HIGH	NONE	ALLELE_STATE
SAMN16801846	SRR13089483	HPL00116	PRIMARY_TECHNICAL	HPL00116_26695	NONE	YES	.	31	8	1.0000	HIGH	NONE	ALLELE_STATE
SAMN16801846	SRR13089483	HPL00117	PRIMARY_TECHNICAL	HPL00117_P12	NONE	YES	.	44	9	1.0000	HIGH	NONE	AMBIGUOUS
SAMN16801846	SRR13089483	HPL00119	PRIMARY_TECHNICAL	HPL00119_Shi470	NONE	YES	.	39	8	1.0000	HIGH	NONE	ALLELE_STATE
SAMN16801846	SRR13089483	HPL00120	PRIMARY_TECHNICAL	HPL00120_26695	NONE	NO	NO_SPANNING_READS	0			NA	NA	UNCALLABLE
SAMN16801846	SRR13089483	HPL00121	PRIMARY_TECHNICAL	HPL00121_J99	NONE	YES	.	34	7	1.0000	HIGH	NONE	ALLELE_STATE
SAMN16801846	SRR13089483	HPL00123	PRIMARY_TECHNICAL	HPL00123_HPAG1	NONE	YES	.	48	8	1.0000	HIGH	NONE	ALLELE_STATE
SAMN16801846	SRR13089483	HPL00125	PRIMARY_TECHNICAL	HPL00125_26695	NONE	YES	.	29	8	1.0000	HIGH	NONE	ALLELE_STATE
SAMN16801846	SRR13089483	HPL00126	PRIMARY_TECHNICAL	HPL00126_26695	NONE	YES	.	39	8	0.9744	HIGH	NONE	ALLELE_STATE
SAMN16801846	SRR13089483	HPL00127	PRIMARY_TECHNICAL	HPL00127_Shi470	NONE	YES	.	41	9	1.0000	HIGH	NONE	ALLELE_STATE
SAMN16801846	SRR13089483	HPL00134	PRIMARY_TECHNICAL	HPL00134_26695	NONE	NO	NO_SPANNING_READS	0			NA	NA	UNCALLABLE
SAMN16801846	SRR13089483	HPL00138	PRIMARY_TECHNICAL	HPL00138_J99	NONE	YES	.	30	8	1.0000	HIGH	NONE	ALLELE_STATE
SAMN16801846	SRR13089483	HPL00139	PRIMARY_TECHNICAL	HPL00139_26695	NONE	YES	.	40	8	1.0000	HIGH	NONE	ALLELE_STATE
SAMN16801846	SRR13089483	HPL00141	PRIMARY_TECHNICAL	HPL00141_HPAG1	NONE	YES	.	37	8	1.0000	HIGH	NONE	ALLELE_STATE
SAMN16801846	SRR13089483	HPL00143	PRIMARY_TECHNICAL	HPL00143_26695	NONE	YES	.	28	8	1.0000	HIGH	NONE	ALLELE_STATE
SAMN16801846	SRR13089483	HPL00145	PRIMARY_TECHNICAL	HPL00145_India7	NONE	YES	.	43	8	0.9767	HIGH	NONE	ALLELE_STATE
SAMN16801846	SRR13089483	HPL00150	PRIMARY_TECHNICAL	HPL00150_J99	NONE	YES	.	45	9	1.0000	HIGH	NONE	ALLELE_STATE
SAMN16801846	SRR13089483	HPL00151	PROVISIONAL_TECHNICAL	HPL00151_26695	NONE	YES	.	9	8	1.0000	LOW	NONE	ALLELE_STATE
SAMN16801846	SRR13089483	HPL00154	PRIMARY_TECHNICAL	HPL00154_Shi470	NONE	YES	.	37	8	1.0000	HIGH	NONE	ALLELE_STATE
SAMN16801846	SRR13089483	HPL00155	PRIMARY_TECHNICAL	HPL00155_26695	NONE	YES	.	35	9	1.0000	HIGH	NONE	ALLELE_STATE
SAMN16801846	SRR13089483	HPL00156	PRIMARY_TECHNICAL	HPL00156_J99	NONE	YES	.	47	8	0.9787	HIGH	NONE	ALLELE_STATE
SAMN16801846	SRR13089483	HPL00157	PRIMARY_TECHNICAL	HPL00157_P12	NONE	YES	.	45	8	1.0000	HIGH	NONE	ALLELE_STATE
SAMN16801846	SRR13089483	HPL00158	PRIMARY_TECHNICAL	HPL00158_26695	NONE	YES	.	33	7	1.0000	HIGH	NONE	ALLELE_STATE
SAMN16801846	SRR13089483	HPL00162	PRIMARY_TECHNICAL	HPL00162_26695	NONE	YES	.	45	8	0.9778	HIGH	NONE	ALLELE_STATE
SAMN16801846	SRR13089483	HPL00163	PRIMARY_TECHNICAL	HPL00163_Shi470	NONE	YES	.	56	8	1.0000	HIGH	NONE	ALLELE_STATE
SAMN16801846	SRR13089483	HPL00165	PRIMARY_TECHNICAL	HPL00165_HPAG1	NONE	YES	.	27	8	1.0000	HIGH	NONE	ALLELE_STATE
SAMN16801846	SRR13089483	HPL00166	PRIMARY_TECHNICAL	HPL00166_26695	NONE	YES	.	24	8	1.0000	HIGH	NONE	ALLELE_STATE
SAMN16801846	SRR13089483	HPL00169	PRIMARY_TECHNICAL	HPL00169_J99	NONE	YES	.	28	8	1.0000	HIGH	NONE	ALLELE_STATE
SAMN16801846	SRR13089483	HPL00170	PRIMARY_TECHNICAL	HPL00170_26695	NONE	NO	NOT_CALLER_ELIGIBLE:NO:not_uniquely_anchorable				NA	NA	NOT_APPLICABLE
SAMN16801846	SRR13089483	HPL00172	PRIMARY_TECHNICAL	HPL00172_HPAG1	NONE	YES	.	25	8	1.0000	HIGH	NONE	ALLELE_STATE
SAMN16801846	SRR13089483	HPL00174	PRIMARY_TECHNICAL	HPL00174_26695	NONE	YES	.	37	8	1.0000	HIGH	NONE	ALLELE_STATE
SAMN16801846	SRR13089483	HPL00177	PRIMARY_TECHNICAL	HPL00177_Shi470	NONE	YES	.	26	10	1.0000	HIGH	NONE	AMBIGUOUS
SAMN16801846	SRR13089483	HPL00178	PRIMARY_TECHNICAL	HPL00178_P12	NONE	YES	.	22	8	1.0000	HIGH	NONE	ALLELE_STATE
SAMN16801846	SRR13089483	HPL00181	PRIMARY_TECHNICAL	HPL00181_G27	NONE	YES	.	28	8	1.0000	HIGH	NONE	ALLELE_STATE
SAMN16801846	SRR13089483	HPL00183	PRIMARY_TECHNICAL	HPL00183_J99	NONE	YES	.	26	8	1.0000	HIGH	NONE	ALLELE_STATE
SAMN16801846	SRR13089483	HPL00187	PRIMARY_TECHNICAL	HPL00187_Shi470	NONE	YES	.	19	9	1.0000	MEDIUM	NONE	ALLELE_STATE
SAMN16801846	SRR13089483	HPL00189	PRIMARY_TECHNICAL	HPL00189_Shi470	NONE	YES	.	22	8	1.0000	HIGH	NONE	ALLELE_STATE
SAMN16801846	SRR13089483	HPL00191	PRIMARY_TECHNICAL	HPL00191_India7	NONE	YES	.	43	8	1.0000	HIGH	NONE	ALLELE_STATE
SAMN16801846	SRR13089483	HPL00193	PRIMARY_TECHNICAL	HPL00193_26695	NONE	NO	NO_SPANNING_READS	0			NA	NA	UNCALLABLE
SAMN16801846	SRR13089483	HPL00194	PRIMARY_TECHNICAL	HPL00194_26695	NONE	NO	NO_SPANNING_READS	0			NA	NA	UNCALLABLE
SAMN16801846	SRR13089483	HPL00197	PROVISIONAL_TECHNICAL	HPL00197_India7	NONE	YES	.	42	8	1.0000	HIGH	NONE	ALLELE_STATE
SAMN16801846	SRR13089483	HPL00198	PRIMARY_TECHNICAL	HPL00198_26695	NONE	YES	.	28	8	1.0000	HIGH	NONE	ALLELE_STATE
SAMN16801846	SRR13089483	HPL00199	PRIMARY_TECHNICAL	HPL00199_Shi470	NONE	YES	.	42	8	1.0000	HIGH	NONE	ALLELE_STATE
SAMN16801846	SRR13089483	HPL00202	PRIMARY_TECHNICAL	HPL00202_India7	NONE	YES	.	31	9	1.0000	HIGH	NONE	AMBIGUOUS
SAMN16801846	SRR13089483	HPL00204	PRIMARY_TECHNICAL	HPL00204_26695	NONE	YES	.	45	8	1.0000	HIGH	NONE	ALLELE_STATE
SAMN16801846	SRR13089483	HPL00206	PRIMARY_TECHNICAL	HPL00206_26695	NONE	YES	.	41	8	1.0000	HIGH	NONE	ALLELE_STATE
SAMN16801846	SRR13089483	HPL00209	PRIMARY_TECHNICAL	HPL00209_26695	NONE	YES	.	47	8	1.0000	HIGH	NONE	ALLELE_STATE
SAMN16801846	SRR13089483	HPL00210	PRIMARY_TECHNICAL	HPL00210_26695	NONE	YES	.	22	8	1.0000	HIGH	NONE	ALLELE_STATE
SAMN16801846	SRR13089483	HPL00214	PRIMARY_TECHNICAL	HPL00214_J99	NONE	YES	.	44	8	1.0000	HIGH	NONE	ALLELE_STATE
SAMN16801846	SRR13089483	HPL00222	PRIMARY_TECHNICAL	HPL00222_P12	NONE	YES	.	46	8	0.9783	HIGH	NONE	ALLELE_STATE
SAMN16801846	SRR13089483	HPL00223	PRIMARY_TECHNICAL	HPL00223_HPAG1	NONE	YES	.	35	8	1.0000	HIGH	NONE	ALLELE_STATE
SAMN16801846	SRR13089483	HPL00224	PRIMARY_TECHNICAL	HPL00224_Shi470	NONE	YES	.	23	8	1.0000	HIGH	NONE	ALLELE_STATE
SAMN16801846	SRR13089483	HPL00225	PRIMARY_TECHNICAL	HPL00225_26695	NONE	NO	NO_SPANNING_READS	0			NA	NA	UNCALLABLE
SAMN16801846	SRR13089483	HPL00229	PRIMARY_TECHNICAL	HPL00229_HPAG1	NONE	YES	.	27	8	1.0000	HIGH	NONE	ALLELE_STATE
SAMN16801846	SRR13089483	HPL00230	PROVISIONAL_TECHNICAL	HPL00230_Shi470	NONE	YES	.	47	12	1.0000	HIGH	NONE	ALLELE_STATE
SAMN16801846	SRR13089483	HPL00231	PRIMARY_TECHNICAL	HPL00231_G27	NONE	YES	.	25	8	1.0000	HIGH	NONE	ALLELE_STATE
SAMN16801846	SRR13089483	HPL00232	PRIMARY_TECHNICAL	HPL00232_26695	NONE	YES	.	32	8	1.0000	HIGH	NONE	ALLELE_STATE
SAMN16801846	SRR13089483	HPL00234	PRIMARY_TECHNICAL	HPL00234_26695	NONE	YES	.	33	8	0.9697	HIGH	NONE	ALLELE_STATE
SAMN16801846	SRR13089483	HPL00239	PRIMARY_TECHNICAL	HPL00239_26695	NONE	YES	.	41	8	1.0000	HIGH	NONE	ALLELE_STATE
SAMN16801846	SRR13089483	HPL00241	PRIMARY_TECHNICAL	HPL00241_26695	NONE	YES	.	36	8	0.9722	HIGH	NONE	ALLELE_STATE
SAMN16801846	SRR13089483	HPL00242	PRIMARY_TECHNICAL	HPL00242_P12	NONE	YES	.	41	8	1.0000	HIGH	NONE	ALLELE_STATE
SAMN16801846	SRR13089483	HPL00243	PRIMARY_TECHNICAL	HPL00243_HPAG1	NONE	YES	.	39	8	1.0000	HIGH	NONE	ALLELE_STATE
SAMN16801846	SRR13089483	HPL00244	PRIMARY_TECHNICAL	HPL00244_26695	NONE	YES	.	30	8	0.9667	HIGH	NONE	ALLELE_STATE
SAMN16801846	SRR13089483	HPL00245	PRIMARY_TECHNICAL	HPL00245_P12	NONE	YES	.	28	8	1.0000	HIGH	NONE	ALLELE_STATE
SAMN16801846	SRR13089483	HPL00246	PRIMARY_TECHNICAL	HPL00246_26695	NONE	YES	.	29	8	0.9655	HIGH	NONE	ALLELE_STATE
SAMN16801846	SRR13089483	HPL00247	PRIMARY_TECHNICAL	HPL00247_26695	NONE	YES	.	43	8	1.0000	HIGH	NONE	ALLELE_STATE
SAMN16801846	SRR13089483	HPL00251	PRIMARY_TECHNICAL	HPL00251_26695	NONE	NO	NO_SPANNING_READS	0			NA	NA	UNCALLABLE
SAMN16801846	SRR13089483	HPL00259	PRIMARY_TECHNICAL	HPL00259_26695	NONE	YES	.	44	8	1.0000	HIGH	NONE	ALLELE_STATE
SAMN16801846	SRR13089483	HPL00261	PRIMARY_TECHNICAL	HPL00261_Shi470	NONE	YES	.	35	8	1.0000	HIGH	NONE	ALLELE_STATE
SAMN16801846	SRR13089483	HPL00262	PRIMARY_TECHNICAL	HPL00262_26695	NONE	YES	.	30	8	1.0000	HIGH	NONE	ALLELE_STATE
SAMN16801846	SRR13089483	HPL00264	PRIMARY_TECHNICAL	HPL00264_B8	NONE	YES	.	35	8	1.0000	HIGH	NONE	ALLELE_STATE
SAMN16801846	SRR13089483	HPL00267	PRIMARY_TECHNICAL	HPL00267_26695	NONE	YES	.	16	8	1.0000	MEDIUM	NONE	ALLELE_STATE
SAMN16801846	SRR13089483	HPL00270	PRIMARY_TECHNICAL	HPL00270_Shi470	NONE	YES	.	34	8	1.0000	HIGH	NONE	ALLELE_STATE
SAMN16801846	SRR13089483	HPL00273	PRIMARY_TECHNICAL	HPL00273_B8	NONE	YES	.	44	8	1.0000	HIGH	NONE	ALLELE_STATE
SAMN16801846	SRR13089483	HPL00274	PRIMARY_TECHNICAL	HPL00274_J99	NONE	YES	.	29	8	1.0000	HIGH	NONE	ALLELE_STATE
SAMN16801846	SRR13089483	HPL00275	PRIMARY_TECHNICAL	HPL00275_J99	NONE	YES	.	53	8	1.0000	HIGH	NONE	ALLELE_STATE
SAMN16801846	SRR13089483	HPL00276	PRIMARY_TECHNICAL	HPL00276_J99	NONE	YES	.	41	8	1.0000	HIGH	NONE	ALLELE_STATE
SAMN16801846	SRR13089483	HPL00277	PRIMARY_TECHNICAL	HPL00277_26695	NONE	YES	.	43	8	0.9767	HIGH	NONE	ALLELE_STATE
SAMN16801846	SRR13089483	HPL00288	PRIMARY_TECHNICAL	HPL00288_P12	NONE	YES	.	34	8	1.0000	HIGH	NONE	ALLELE_STATE
SAMN16801846	SRR13089483	HPL00289	PRIMARY_TECHNICAL	HPL00289_26695	NONE	NO	NO_SPANNING_READS	0			NA	NA	UNCALLABLE
SAMN16801846	SRR13089483	HPL00290	PRIMARY_TECHNICAL	HPL00290_HPAG1	NONE	NO	INSUFFICIENT_SPANNING_READS(2<8)	2			NA	NA	UNCALLABLE
SAMN16801846	SRR13089483	HPL00291	PROVISIONAL_TECHNICAL	HPL00291_26695	NONE	YES	.	42	8	1.0000	HIGH	NONE	ALLELE_STATE
SAMN16801846	SRR13089483	HPL00292	PRIMARY_TECHNICAL	HPL00292_26695	NONE	NO	NO_SPANNING_READS	0			NA	NA	UNCALLABLE
SAMN16801846	SRR13089483	HPL00293	PRIMARY_TECHNICAL	HPL00293_Shi470	NONE	YES	.	53	8	1.0000	HIGH	NONE	ALLELE_STATE
SAMN16801846	SRR13089483	HPL00297	PRIMARY_TECHNICAL	HPL00297_26695	NONE	YES	.	35	8	1.0000	HIGH	NONE	ALLELE_STATE
SAMN16801846	SRR13089483	HPL00299	PROVISIONAL_TECHNICAL	HPL00299_J99	NONE	YES	.	30	12	1.0000	HIGH	NONE	ALLELE_STATE
SAMN16801846	SRR13089483	HPL00301	PRIMARY_TECHNICAL	HPL00301_Shi470	NONE	YES	.	39	8	1.0000	HIGH	NONE	ALLELE_STATE
SAMN16801846	SRR13089483	HPL00303	PRIMARY_TECHNICAL	HPL00303_J99	NONE	YES	.	27	8	1.0000	HIGH	NONE	ALLELE_STATE
SAMN16801846	SRR13089483	HPL00304	PRIMARY_TECHNICAL	HPL00304_HPAG1	NONE	YES	.	31	8	1.0000	HIGH	NONE	ALLELE_STATE
SAMN16801846	SRR13089483	HPL00305	PRIMARY_TECHNICAL	HPL00305_26695	NONE	YES	.	47	8	1.0000	HIGH	NONE	ALLELE_STATE
SAMN16801846	SRR13089483	HPL00306	PRIMARY_TECHNICAL	HPL00306_26695	NONE	YES	.	50	8	0.9800	HIGH	NONE	ALLELE_STATE
SAMN16801846	SRR13089483	HPL00311	PRIMARY_TECHNICAL	HPL00311_J99	NONE	YES	.	51	8	1.0000	HIGH	NONE	ALLELE_STATE
SAMN16801846	SRR13089483	HPL00312	PROVISIONAL_TECHNICAL	HPL00312_26695	NONE	YES	.	33	13	1.0000	HIGH	NONE	ALLELE_STATE
SAMN16801846	SRR13089483	HPL00313	PRIMARY_TECHNICAL	HPL00313_26695	NONE	YES	.	42	8	1.0000	HIGH	NONE	ALLELE_STATE
SAMN16801846	SRR13089483	HPL00314	PRIMARY_TECHNICAL	HPL00314_26695	NONE	YES	.	34	8	1.0000	HIGH	NONE	ALLELE_STATE
SAMN16801846	SRR13089483	HPL00316	PRIMARY_TECHNICAL	HPL00316_Shi470	NONE	YES	.	38	9	1.0000	HIGH	NONE	ALLELE_STATE
SAMN16801846	SRR13089483	HPL00318	PRIMARY_TECHNICAL	HPL00318_26695	NONE	NO	NO_SPANNING_READS	0			NA	NA	UNCALLABLE
SAMN16801846	SRR13089483	HPL00319	PRIMARY_TECHNICAL	HPL00319_26695	NONE	NO	NO_SPANNING_READS	0			NA	NA	UNCALLABLE
SAMN16801846	SRR13089483	HPL00321	PRIMARY_TECHNICAL	HPL00321_26695	NONE	NO	NO_SPANNING_READS	0			NA	NA	UNCALLABLE
SAMN16801846	SRR13089483	HPL00322	PRIMARY_TECHNICAL	HPL00322_26695	NONE	NO	NO_SPANNING_READS	0			NA	NA	UNCALLABLE
SAMN16801846	SRR13089483	HPL00325	PRIMARY_TECHNICAL	HPL00325_B8	NONE	YES	.	31	8	1.0000	HIGH	NONE	ALLELE_STATE
SAMN16801846	SRR13089483	HPL00329	PRIMARY_TECHNICAL	HPL00329_26695	NONE	YES	.	39	8	0.9744	HIGH	NONE	ALLELE_STATE
SAMN16801846	SRR13089483	HPL00330	PROVISIONAL_TECHNICAL	HPL00330_HPAG1	NONE	YES	.	39	8	1.0000	HIGH	NONE	ALLELE_STATE
SAMN16801846	SRR13089483	HPL00332	PRIMARY_TECHNICAL	HPL00332_P12	NONE	YES	.	35	8	1.0000	HIGH	NONE	ALLELE_STATE
SAMN16801846	SRR13089483	HPL00333	PRIMARY_TECHNICAL	HPL00333_B8	NONE	YES	.	39	8	1.0000	HIGH	NONE	ALLELE_STATE
SAMN16801846	SRR13089483	HPL00337	PRIMARY_TECHNICAL	HPL00337_26695	NONE	YES	.	51	8	1.0000	HIGH	NONE	ALLELE_STATE
SAMN16801846	SRR13089483	HPL00341	PRIMARY_TECHNICAL	HPL00341_P12	NONE	YES	.	32	8	1.0000	HIGH	NONE	ALLELE_STATE
SAMN16801846	SRR13089483	HPL00342	PRIMARY_TECHNICAL	HPL00342_Shi470	NONE	YES	.	37	8	1.0000	HIGH	NONE	ALLELE_STATE
SAMN16801846	SRR13089483	HPL00344	PRIMARY_TECHNICAL	HPL00344_J99	NONE	YES	.	46	8	1.0000	HIGH	NONE	ALLELE_STATE
SAMN16801846	SRR13089483	HPL00345	PRIMARY_TECHNICAL	HPL00345_Shi470	NONE	YES	.	58	8	1.0000	HIGH	NONE	ALLELE_STATE
SAMN16801846	SRR13089483	HPL00347	PRIMARY_TECHNICAL	HPL00347_Shi470	NONE	YES	.	31	8	1.0000	HIGH	NONE	ALLELE_STATE
SAMN16801846	SRR13089483	HPL00350	PRIMARY_TECHNICAL	HPL00350_Shi470	NONE	YES	.	53	9	1.0000	HIGH	NONE	ALLELE_STATE
SAMN16801846	SRR13089483	HPL00351	PRIMARY_TECHNICAL	HPL00351_26695	NONE	YES	.	42	8	1.0000	HIGH	NONE	ALLELE_STATE
SAMN16801846	SRR13089483	HPL00352	PRIMARY_TECHNICAL	HPL00352_26695	NONE	NO	NO_SPANNING_READS	0			NA	NA	UNCALLABLE
SAMN16801846	SRR13089483	HPL00353	PRIMARY_TECHNICAL	HPL00353_26695	NONE	YES	.	27	8	1.0000	HIGH	NONE	ALLELE_STATE
SAMN16801846	SRR13089483	HPL00354	PRIMARY_TECHNICAL	HPL00354_26695	NONE	YES	.	36	8	1.0000	HIGH	NONE	ALLELE_STATE
SAMN16801846	SRR13089483	HPL00357	PRIMARY_TECHNICAL	HPL00357_J99	NONE	YES	.	25	8	1.0000	HIGH	NONE	ALLELE_STATE
SAMN16801846	SRR13089483	HPL00360	PRIMARY_TECHNICAL	HPL00360_J99	NONE	YES	.	37	8	1.0000	HIGH	NONE	ALLELE_STATE
SAMN16801846	SRR13089483	HPL00361	PRIMARY_TECHNICAL	HPL00361_26695	NONE	YES	.	43	8	1.0000	HIGH	NONE	ALLELE_STATE
SAMN16801846	SRR13089483	HPL00364	PRIMARY_TECHNICAL	HPL00364_P12	NONE	YES	.	46	8	1.0000	HIGH	NONE	ALLELE_STATE
SAMN16801846	SRR13089483	HPL00365	PRIMARY_TECHNICAL	HPL00365_26695	NONE	YES	.	46	8	1.0000	HIGH	NONE	ALLELE_STATE
SAMN16801846	SRR13089483	HPL00369	PRIMARY_TECHNICAL	HPL00369_P12	NONE	YES	.	30	9	1.0000	HIGH	NONE	ALLELE_STATE
SAMN16801846	SRR13089483	HPL00370	PRIMARY_TECHNICAL	HPL00370_Shi470	NONE	YES	.	32	8	1.0000	HIGH	NONE	ALLELE_STATE
SAMN16801846	SRR13089483	HPL00376	PRIMARY_TECHNICAL	HPL00376_26695	NONE	YES	.	28	8	1.0000	HIGH	NONE	ALLELE_STATE
SAMN16801846	SRR13089483	HPL00377	PRIMARY_TECHNICAL	HPL00377_26695	NONE	YES	.	26	8	1.0000	HIGH	NONE	ALLELE_STATE
SAMN16801846	SRR13089483	HPL00378	PRIMARY_TECHNICAL	HPL00378_26695	NONE	NO	NO_SPANNING_READS	0			NA	NA	UNCALLABLE
SAMN16801846	SRR13089483	HPL00379	PRIMARY_TECHNICAL	HPL00379_26695	NONE	YES	.	28	8	1.0000	HIGH	NONE	ALLELE_STATE
SAMN16801846	SRR13089483	HPL00380	PRIMARY_TECHNICAL	HPL00380_Shi470	NONE	YES	.	45	8	1.0000	HIGH	NONE	ALLELE_STATE
SAMN16801846	SRR13089483	HPL00381	PROVISIONAL_TECHNICAL	HPL00381_G27	NONE	YES	.	37	8	1.0000	HIGH	NONE	ALLELE_STATE
SAMN16801846	SRR13089483	HPL00383	PRIMARY_TECHNICAL	HPL00383_26695	NONE	YES	.	49	8	1.0000	HIGH	NONE	ALLELE_STATE
SAMN16801846	SRR13089483	HPL00385	PROVISIONAL_TECHNICAL	HPL00385_Shi470	NONE	YES	.	34	10	1.0000	HIGH	NONE	ALLELE_STATE
SAMN16801846	SRR13089483	HPL00386	PRIMARY_TECHNICAL	HPL00386_26695	NONE	YES	.	39	8	1.0000	HIGH	NONE	ALLELE_STATE
SAMN16801846	SRR13089483	HPL00387	PROVISIONAL_TECHNICAL	HPL00387_G27	NONE	YES	.	51	12	1.0000	HIGH	NONE	ALLELE_STATE
SAMN16801846	SRR13089483	HPL00390	PRIMARY_TECHNICAL	HPL00390_26695	NONE	YES	.	28	8	1.0000	HIGH	NONE	ALLELE_STATE
SAMN16801846	SRR13089483	HPL00392	PRIMARY_TECHNICAL	HPL00392_Shi470	NONE	YES	.	48	8	1.0000	HIGH	NONE	ALLELE_STATE
SAMN16801846	SRR13089483	HPL00393	PRIMARY_TECHNICAL	HPL00393_26695	NONE	YES	.	17	6	1.0000	MEDIUM	NONE	ALLELE_STATE
SAMN16801846	SRR13089483	HPL00403	PRIMARY_TECHNICAL	HPL00403_G27	NONE	YES	.	50	8	0.9800	HIGH	NONE	ALLELE_STATE
SAMN16801846	SRR13089483	HPL00404	PRIMARY_TECHNICAL	HPL00404_Shi470	NONE	YES	.	42	8	1.0000	HIGH	NONE	ALLELE_STATE
SAMN16801846	SRR13089483	HPL00407	PRIMARY_TECHNICAL	HPL00407_26695	NONE	YES	.	33	8	0.9697	HIGH	NONE	ALLELE_STATE
SAMN16801846	SRR13089483	HPL00409	PRIMARY_TECHNICAL	HPL00409_26695	NONE	YES	.	34	8	1.0000	HIGH	NONE	ALLELE_STATE
SAMN16801846	SRR13089483	HPL00413	PRIMARY_TECHNICAL	HPL00413_26695	NONE	YES	.	30	8	1.0000	HIGH	NONE	ALLELE_STATE
SAMN16801846	SRR13089483	HPL00414	PRIMARY_TECHNICAL	HPL00414_Shi470	NONE	YES	.	41	8	1.0000	HIGH	NONE	ALLELE_STATE
SAMN16801846	SRR13089483	HPL00415	PRIMARY_TECHNICAL	HPL00415_P12	NONE	YES	.	29	8	1.0000	HIGH	NONE	ALLELE_STATE
SAMN16801846	SRR13089483	HPL00419	PRIMARY_TECHNICAL	HPL00419_26695	NONE	YES	.	37	8	1.0000	HIGH	NONE	ALLELE_STATE
SAMN16801846	SRR13089483	HPL00421	PRIMARY_TECHNICAL	HPL00421_26695	NONE	YES	.	39	8	1.0000	HIGH	NONE	ALLELE_STATE
SAMN16801846	SRR13089483	HPL00423	PRIMARY_TECHNICAL	HPL00423_J99	NONE	YES	.	33	8	1.0000	HIGH	NONE	ALLELE_STATE
SAMN16801846	SRR13089483	HPL00424	PRIMARY_TECHNICAL	HPL00424_Shi470	NONE	YES	.	37	8	1.0000	HIGH	NONE	ALLELE_STATE
SAMN16801846	SRR13089483	HPL00426	PROVISIONAL_TECHNICAL	HPL00426_26695	MEMBER_ALLELE_CONFLICT:HPL00426_Shi470	NO	MEMBER_ALLELE_CONFLICT	13	12	0.8462	NA	NONE	UNCALLABLE
SAMN16801846	SRR13089483	HPL00429	PRIMARY_TECHNICAL	HPL00429_26695	NONE	YES	.	28	8	1.0000	HIGH	NONE	ALLELE_STATE
SAMN16801846	SRR13089483	HPL00430	PRIMARY_TECHNICAL	HPL00430_26695	NONE	NO	NO_SPANNING_READS	0			NA	NA	UNCALLABLE
SAMN16801846	SRR13089483	HPL00435	PRIMARY_TECHNICAL	HPL00435_Shi470	NONE	YES	.	50	9	1.0000	HIGH	NONE	ALLELE_STATE
SAMN16801846	SRR13089483	HPL00436	PRIMARY_TECHNICAL	HPL00436_P12	NONE	YES	.	39	8	0.9231	HIGH	NONE	ALLELE_STATE
SAMN16801846	SRR13089483	HPL00439	PROVISIONAL_TECHNICAL	HPL00439_26695	NONE	YES	.	43	12	1.0000	HIGH	NONE	ALLELE_STATE
SAMN16801846	SRR13089483	HPL00442	PRIMARY_TECHNICAL	HPL00442_G27	NONE	YES	.	43	8	1.0000	HIGH	NONE	ALLELE_STATE
SAMN16801846	SRR13089483	HPL00443	PRIMARY_TECHNICAL	HPL00443_B8	NONE	YES	.	57	9	0.9649	HIGH	NONE	ALLELE_STATE
SAMN16801846	SRR13089483	HPL00447	PRIMARY_TECHNICAL	HPL00447_26695	NONE	YES	.	18	8	1.0000	MEDIUM	NONE	ALLELE_STATE
SAMN16801846	SRR13089483	HPL00450	PRIMARY_TECHNICAL	HPL00450_J99	NONE	YES	.	46	8	1.0000	HIGH	NONE	ALLELE_STATE
SAMN16801846	SRR13089483	HPL00453	PROVISIONAL_TECHNICAL	HPL00453_26695	NONE	NO	NO_SPANNING_READS	0			NA	NA	UNCALLABLE
SAMN16801846	SRR13089483	HPL00454	PROVISIONAL_TECHNICAL	HPL00454_P12	NONE	YES	.	25	12	1.0000	HIGH	NONE	ALLELE_STATE
SAMN16801846	SRR13089483	HPL00460	PRIMARY_TECHNICAL	HPL00460_26695	NONE	YES	.	47	8	1.0000	HIGH	NONE	ALLELE_STATE
SAMN16801846	SRR13089483	HPL00465	PRIMARY_TECHNICAL	HPL00465_G27	NONE	YES	.	49	8	1.0000	HIGH	NONE	ALLELE_STATE
SAMN16801846	SRR13089483	HPL00466	PRIMARY_TECHNICAL	HPL00466_26695	NONE	YES	.	36	9	1.0000	HIGH	NONE	ALLELE_STATE
SAMN16801846	SRR13089483	HPL00469	PRIMARY_TECHNICAL	HPL00469_G27	NONE	YES	.	33	8	1.0000	HIGH	NONE	ALLELE_STATE
SAMN16801846	SRR13089483	HPL00479	PRIMARY_TECHNICAL	HPL00479_26695	NONE	YES	.	42	8	1.0000	HIGH	NONE	ALLELE_STATE
SAMN16801846	SRR13089483	HPL00482	PRIMARY_TECHNICAL	HPL00482_HPAG1	NONE	YES	.	24	8	1.0000	HIGH	NONE	ALLELE_STATE
SAMN16801846	SRR13089483	HPL00483	PRIMARY_TECHNICAL	HPL00483_India7	NONE	YES	.	22	8	1.0000	HIGH	NONE	ALLELE_STATE
SAMN16801846	SRR13089483	HPL00485	PRIMARY_TECHNICAL	HPL00485_Shi470	NONE	NO	INSUFFICIENT_SPANNING_READS(7<8)	7			NA	NA	UNCALLABLE
SAMN16801846	SRR13089483	HPL00487	PROVISIONAL_TECHNICAL	HPL00487_26695	NONE	YES	.	43	8	1.0000	HIGH	NONE	ALLELE_STATE
SAMN16801846	SRR13089483	HPL00493	PRIMARY_TECHNICAL	HPL00493_26695	NONE	YES	.	54	8	1.0000	HIGH	NONE	ALLELE_STATE
SAMN16801846	SRR13089483	HPL00496	PRIMARY_TECHNICAL	HPL00496_B8	NONE	YES	.	33	8	1.0000	HIGH	NONE	ALLELE_STATE
SAMN16801846	SRR13089483	HPL00497	PRIMARY_TECHNICAL	HPL00497_B8	NONE	YES	.	44	8	1.0000	HIGH	NONE	AMBIGUOUS
SAMN16801846	SRR13089483	HPL00498	PRIMARY_TECHNICAL	HPL00498_J99	NONE	YES	.	36	8	1.0000	HIGH	NONE	ALLELE_STATE
SAMN16801846	SRR13089483	HPL00499	PROVISIONAL_TECHNICAL	HPL00499_HPAG1	NONE	YES	.	49	8	1.0000	HIGH	NONE	ALLELE_STATE
SAMN16801846	SRR13089483	HPL00501	PRIMARY_TECHNICAL	HPL00501_J99	NONE	YES	.	36	8	0.9722	HIGH	NONE	ALLELE_STATE
SAMN16801846	SRR13089483	HPL00502	PRIMARY_TECHNICAL	HPL00502_B8	NONE	YES	.	30	8	1.0000	HIGH	NONE	ALLELE_STATE
SAMN16801846	SRR13089483	HPL00503	PRIMARY_TECHNICAL	HPL00503_26695	NONE	YES	.	31	7	1.0000	HIGH	NONE	ALLELE_STATE
SAMN16801846	SRR13089483	HPL00505	PRIMARY_TECHNICAL	HPL00505_J99	MEMBER_ALLELE_CONFLICT:HPL00505_P12	NO	MEMBER_ALLELE_CONFLICT	44	8	1.0000	NA	NONE	UNCALLABLE
SAMN16801846	SRR13089483	HPL00506	PRIMARY_TECHNICAL	HPL00506_26695	NONE	YES	.	33	8	0.9697	HIGH	NONE	ALLELE_STATE
SAMN16801846	SRR13089483	HPL00510	PROVISIONAL_TECHNICAL	HPL00510_J99	NONE	NO	NO_SPANNING_READS	0			NA	NA	UNCALLABLE
SAMN16801846	SRR13089483	HPL00514	PRIMARY_TECHNICAL	HPL00514_J99	NONE	YES	.	54	8	1.0000	HIGH	NONE	ALLELE_STATE
SAMN16801846	SRR13089483	HPL00518	PROVISIONAL_TECHNICAL	HPL00518_India7	NONE	NO	INSUFFICIENT_SPANNING_READS(2<8)	2			NA	NA	UNCALLABLE
SAMN16801846	SRR13089483	HPL00521	PRIMARY_TECHNICAL	HPL00521_G27	NONE	YES	.	27	9	1.0000	HIGH	NONE	ALLELE_STATE
SAMN16801846	SRR13089483	HPL00524	PRIMARY_TECHNICAL	HPL00524_G27	NONE	YES	.	24	8	1.0000	HIGH	NONE	ALLELE_STATE
SAMN16801846	SRR13089483	HPL00529	PRIMARY_TECHNICAL	HPL00529_J99	NONE	YES	.	25	8	1.0000	HIGH	NONE	ALLELE_STATE
SAMN16801846	SRR13089483	HPL00530	PRIMARY_TECHNICAL	HPL00530_J99	NONE	YES	.	29	8	1.0000	HIGH	NONE	ALLELE_STATE
SAMN16801846	SRR13089483	HPL00531	PRIMARY_TECHNICAL	HPL00531_J99	NONE	YES	.	37	8	1.0000	HIGH	NONE	ALLELE_STATE
SAMN16801846	SRR13089483	HPL00533	PROVISIONAL_TECHNICAL	HPL00533_J99	NONE	YES	.	37	8	1.0000	HIGH	NONE	ALLELE_STATE
SAMN16801846	SRR13089483	HPL00540	PRIMARY_TECHNICAL	HPL00540_J99	NONE	YES	.	39	9	1.0000	HIGH	NONE	ALLELE_STATE
SAMN16801846	SRR13089483	HPL00544	PRIMARY_TECHNICAL	HPL00544_J99	NONE	NO	NO_SPANNING_READS	0			NA	NA	UNCALLABLE
SAMN16801846	SRR13089483	HPL00548	PRIMARY_TECHNICAL	HPL00548_J99	NONE	NO	NO_SPANNING_READS	0			NA	NA	UNCALLABLE
SAMN16801846	SRR13089483	HPL00549	PROVISIONAL_TECHNICAL	HPL00549_P12	NONE	YES	.	44	10	1.0000	HIGH	NONE	ALLELE_STATE
SAMN16801846	SRR13089483	HPL00571	PRIMARY_TECHNICAL	HPL00571_Shi470	NONE	YES	.	32	8	1.0000	HIGH	NONE	ALLELE_STATE
SAMN16801846	SRR13089483	HPL00573	PRIMARY_TECHNICAL	HPL00573_J99	NONE	YES	.	30	9	1.0000	HIGH	NONE	ALLELE_STATE
SAMN16801846	SRR13089483	HPL00576	PRIMARY_TECHNICAL	HPL00576_B8	NONE	YES	.	39	8	1.0000	HIGH	NONE	ALLELE_STATE
SAMN16801846	SRR13089483	HPL00582	PRIMARY_TECHNICAL	HPL00582_B8	NONE	YES	.	37	8	0.9730	HIGH	NONE	ALLELE_STATE
SAMN16801846	SRR13089483	HPL00601	PRIMARY_TECHNICAL	HPL00601_J99	NONE	YES	.	30	8	1.0000	HIGH	NONE	ALLELE_STATE
SAMN16801846	SRR13089483	HPL00603	PRIMARY_TECHNICAL	HPL00603_J99	NONE	NO	NO_SPANNING_READS	0			NA	NA	UNCALLABLE
SAMN16801846	SRR13089483	HPL00604	PRIMARY_TECHNICAL	HPL00604_G27	NONE	YES	.	19	8	1.0000	MEDIUM	NONE	AMBIGUOUS
SAMN16801846	SRR13089483	HPL00608	PROVISIONAL_TECHNICAL	HPL00608_India7	NONE	YES	.	30	8	1.0000	HIGH	NONE	ALLELE_STATE
SAMN16801846	SRR13089483	HPL00609	PRIMARY_TECHNICAL	HPL00609_India7	NONE	YES	.	34	8	1.0000	HIGH	NONE	ALLELE_STATE
SAMN16801846	SRR13089483	HPL00613	PRIMARY_TECHNICAL	HPL00613_G27	NONE	YES	.	32	8	1.0000	HIGH	NONE	ALLELE_STATE
SAMN16801846	SRR13089483	HPL00622	PROVISIONAL_TECHNICAL	HPL00622_India7	NONE	YES	.	27	8	1.0000	HIGH	NONE	ALLELE_STATE
SAMN16801846	SRR13089483	HPL00628	PROVISIONAL_TECHNICAL	HPL00628_J99	NONE	NO	NO_SPANNING_READS	0			NA	NA	UNCALLABLE
SAMN16801846	SRR13089483	HPL00640	PRIMARY_TECHNICAL	HPL00640_J99	NONE	YES	.	38	8	1.0000	HIGH	NONE	ALLELE_STATE
SAMN16801846	SRR13089483	HPL00645	PRIMARY_TECHNICAL	HPL00645_B8	NONE	YES	.	44	8	1.0000	HIGH	NONE	ALLELE_STATE
SAMN16801846	SRR13089483	HPL00679	PRIMARY_TECHNICAL	HPL00679_J99	NONE	NO	INSUFFICIENT_SPANNING_READS(7<8)	7			NA	NA	UNCALLABLE
SAMN16801846	SRR13089483	HPL00682	PRIMARY_TECHNICAL	HPL00682_J99	NONE	NO	NO_SPANNING_READS	0			NA	NA	UNCALLABLE
SAMN16801846	SRR13089483	HPL00685	PROVISIONAL_TECHNICAL	HPL00685_J99	NONE	NO	NO_SPANNING_READS	0			NA	NA	UNCALLABLE
SAMN16801846	SRR13089483	HPL00699	PRIMARY_TECHNICAL	HPL00699_P12	NONE	YES	.	28	8	1.0000	HIGH	NONE	ALLELE_STATE
SAMN16801846	SRR13089483	HPL00702	PRIMARY_TECHNICAL	HPL00702_J99	NONE	NO	NO_SPANNING_READS	0			NA	NA	UNCALLABLE
SAMN16801846	SRR13089483	HPL00709	PRIMARY_TECHNICAL	HPL00709_HPAG1	NONE	YES	.	36	7	1.0000	HIGH	NONE	ALLELE_STATE
SAMN16801846	SRR13089483	HPL00743	PROVISIONAL_TECHNICAL	HPL00743_HPAG1	NONE	YES	.	36	12	1.0000	HIGH	NONE	ALLELE_STATE
SAMN16801846	SRR13089483	HPL00750	PRIMARY_TECHNICAL	HPL00750_HPAG1	NONE	NO	NO_SPANNING_READS	0			NA	NA	UNCALLABLE
SAMN16801846	SRR13089483	HPL00751	PRIMARY_TECHNICAL	HPL00751_HPAG1	NONE	YES	.	37	8	1.0000	HIGH	NONE	ALLELE_STATE
SAMN16801846	SRR13089483	HPL00752	PRIMARY_TECHNICAL	HPL00752_G27	NONE	YES	.	35	8	1.0000	HIGH	NONE	ALLELE_STATE
SAMN16801846	SRR13089483	HPL00761	PRIMARY_TECHNICAL	HPL00761_Shi470	NONE	YES	.	33	8	1.0000	HIGH	NONE	ALLELE_STATE
SAMN16801846	SRR13089483	HPL00780	PRIMARY_TECHNICAL	HPL00780_HPAG1	NONE	YES	.	51	8	1.0000	HIGH	NONE	ALLELE_STATE
SAMN16801846	SRR13089483	HPL00782	PRIMARY_TECHNICAL	HPL00782_P12	NONE	YES	.	41	8	1.0000	HIGH	NONE	ALLELE_STATE
SAMN16801846	SRR13089483	HPL00804	PRIMARY_TECHNICAL	HPL00804_HPAG1	NONE	YES	.	46	8	1.0000	HIGH	NONE	ALLELE_STATE
SAMN16801846	SRR13089483	HPL00809	PRIMARY_TECHNICAL	HPL00809_G27	NONE	YES	.	35	8	1.0000	HIGH	NONE	ALLELE_STATE
SAMN16801846	SRR13089483	HPL00811	PRIMARY_TECHNICAL	HPL00811_HPAG1	NONE	YES	.	37	8	1.0000	HIGH	NONE	ALLELE_STATE
SAMN16801846	SRR13089483	HPL00816	PRIMARY_TECHNICAL	HPL00816_HPAG1	NONE	NO	NO_SPANNING_READS	0			NA	NA	UNCALLABLE
SAMN16801846	SRR13089483	HPL00817	PRIMARY_TECHNICAL	HPL00817_P12	NONE	YES	.	26	8	1.0000	HIGH	NONE	ALLELE_STATE
SAMN16801846	SRR13089483	HPL00818	PRIMARY_TECHNICAL	HPL00818_HPAG1	NONE	NO	NO_SPANNING_READS	0			NA	NA	UNCALLABLE
SAMN16801846	SRR13089483	HPL00835	PRIMARY_TECHNICAL	HPL00835_India7	NONE	YES	.	38	8	0.9737	HIGH	NONE	ALLELE_STATE
SAMN16801846	SRR13089483	HPL00838	PRIMARY_TECHNICAL	HPL00838_G27	NONE	NO	NO_SPANNING_READS	0			NA	NA	UNCALLABLE
SAMN16801846	SRR13089483	HPL00839	PRIMARY_TECHNICAL	HPL00839_B8	NONE	YES	.	12	8	1.0000	MEDIUM	NONE	ALLELE_STATE
SAMN16801846	SRR13089483	HPL00840	PRIMARY_TECHNICAL	HPL00840_G27	NONE	NO	NO_SPANNING_READS	0			NA	NA	UNCALLABLE
SAMN16801846	SRR13089483	HPL00841	PRIMARY_TECHNICAL	HPL00841_G27	NONE	NO	NO_SPANNING_READS	0			NA	NA	UNCALLABLE
SAMN16801846	SRR13089483	HPL00849	PRIMARY_TECHNICAL	HPL00849_G27	NONE	NO	NO_SPANNING_READS	0			NA	NA	UNCALLABLE
SAMN16801846	SRR13089483	HPL00884	PRIMARY_TECHNICAL	HPL00884_G27	NONE	YES	.	35	8	1.0000	HIGH	NONE	ALLELE_STATE
SAMN16801846	SRR13089483	HPL00934	PRIMARY_TECHNICAL	HPL00934_G27	NONE	NO	NO_SPANNING_READS	0			NA	NA	UNCALLABLE
SAMN16801846	SRR13089483	HPL00977	PRIMARY_TECHNICAL	HPL00977_India7	NONE	YES	.	28	8	1.0000	HIGH	NONE	ALLELE_STATE
SAMN16801846	SRR13089483	HPL01050	PRIMARY_TECHNICAL	HPL01050_B8	NONE	YES	.	24	8	1.0000	HIGH	NONE	ALLELE_STATE
SAMN16801846	SRR13089483	HPL01053	PRIMARY_TECHNICAL	HPL01053_P12	NONE	YES	.	25	8	1.0000	HIGH	NONE	ALLELE_STATE
SAMN16801846	SRR13089483	HPL01081	PRIMARY_TECHNICAL	HPL01081_Shi470	NONE	YES	.	42	8	1.0000	HIGH	NONE	ALLELE_STATE
SAMN16801846	SRR13089483	HPL01098	PROVISIONAL_TECHNICAL	HPL01098_B8	NONE	YES	.	39	12	1.0000	HIGH	NONE	ALLELE_STATE
SAMN16801846	SRR13089483	HPL01110	PRIMARY_TECHNICAL	HPL01110_B8	NONE	YES	.	24	8	1.0000	HIGH	NONE	ALLELE_STATE
SAMN16801846	SRR13089483	HPL01140	PRIMARY_TECHNICAL	HPL01140_B8	NONE	NO	NO_SPANNING_READS	0			NA	NA	UNCALLABLE
SAMN16801847	SRR13089482	HPL00001	PRIMARY_TECHNICAL	HPL00001_26695	NONE	YES	.	39	8	1.0000	HIGH	NONE	ALLELE_STATE
SAMN16801847	SRR13089482	HPL00002	PRIMARY_TECHNICAL	HPL00002_P12	NONE	YES	.	44	8	1.0000	HIGH	NONE	ALLELE_STATE
SAMN16801847	SRR13089482	HPL00007	PRIMARY_TECHNICAL	HPL00007_B8	NONE	YES	.	52	8	1.0000	HIGH	NONE	ALLELE_STATE
SAMN16801847	SRR13089482	HPL00008	PRIMARY_TECHNICAL	HPL00008_26695	NONE	YES	.	40	8	1.0000	HIGH	NONE	ALLELE_STATE
SAMN16801847	SRR13089482	HPL00010	PRIMARY_TECHNICAL	HPL00010_India7	NONE	YES	.	24	10	0.8333	HIGH	MIXTURE_CANDIDATE	ALLELE_STATE
SAMN16801847	SRR13089482	HPL00013	PRIMARY_TECHNICAL	HPL00013_Shi470	NONE	YES	.	43	8	1.0000	HIGH	NONE	ALLELE_STATE
SAMN16801847	SRR13089482	HPL00014	PRIMARY_TECHNICAL	HPL00014_J99	NONE	YES	.	42	8	1.0000	HIGH	NONE	ALLELE_STATE
SAMN16801847	SRR13089482	HPL00018	PROVISIONAL_TECHNICAL	HPL00018_26695	NONE	NO	NO_SPANNING_READS	0			NA	NA	UNCALLABLE
SAMN16801847	SRR13089482	HPL00019	PRIMARY_TECHNICAL	HPL00019_26695	NONE	NO	NO_SPANNING_READS	0			NA	NA	UNCALLABLE
SAMN16801847	SRR13089482	HPL00022	PROVISIONAL_TECHNICAL	HPL00022_P12	NONE	YES	.	45	14	1.0000	HIGH	NONE	ALLELE_STATE
SAMN16801847	SRR13089482	HPL00024	PRIMARY_TECHNICAL	HPL00024_26695	NONE	YES	.	47	8	0.9787	HIGH	NONE	ALLELE_STATE
SAMN16801847	SRR13089482	HPL00025	PRIMARY_TECHNICAL	HPL00025_26695	NONE	YES	.	54	8	1.0000	HIGH	NONE	ALLELE_STATE
SAMN16801847	SRR13089482	HPL00030	PROVISIONAL_TECHNICAL	HPL00030_26695	NONE	YES	.	41	12	1.0000	HIGH	NONE	ALLELE_STATE
SAMN16801847	SRR13089482	HPL00031	PROVISIONAL_TECHNICAL	HPL00031_Shi470	NONE	YES	.	43	12	1.0000	HIGH	NONE	ALLELE_STATE
SAMN16801847	SRR13089482	HPL00033	PROVISIONAL_TECHNICAL	HPL00033_P12	NONE	YES	.	39	11	1.0000	HIGH	NONE	ALLELE_STATE
SAMN16801847	SRR13089482	HPL00037	PRIMARY_TECHNICAL	HPL00037_26695	NONE	YES	.	46	8	1.0000	HIGH	NONE	ALLELE_STATE
SAMN16801847	SRR13089482	HPL00038	PRIMARY_TECHNICAL	HPL00038_26695	NONE	YES	.	50	8	1.0000	HIGH	NONE	ALLELE_STATE
SAMN16801847	SRR13089482	HPL00040	PRIMARY_TECHNICAL	HPL00040_Shi470	NONE	YES	.	36	8	1.0000	HIGH	NONE	ALLELE_STATE
SAMN16801847	SRR13089482	HPL00042	PRIMARY_TECHNICAL	HPL00042_Shi470	NONE	YES	.	36	8	1.0000	HIGH	NONE	ALLELE_STATE
SAMN16801847	SRR13089482	HPL00043	PRIMARY_TECHNICAL	HPL00043_26695	NONE	YES	.	30	8	1.0000	HIGH	NONE	ALLELE_STATE
SAMN16801847	SRR13089482	HPL00044	PRIMARY_TECHNICAL	HPL00044_Shi470	NONE	YES	.	42	9	1.0000	HIGH	NONE	ALLELE_STATE
SAMN16801847	SRR13089482	HPL00045	PROVISIONAL_TECHNICAL	HPL00045_P12	NONE	YES	.	8	13	0.6250	LOW	MIXTURE_CANDIDATE	AMBIGUOUS
SAMN16801847	SRR13089482	HPL00046	PROVISIONAL_TECHNICAL	HPL00046_26695	NONE	YES	.	39	12	1.0000	HIGH	NONE	ALLELE_STATE
SAMN16801847	SRR13089482	HPL00047	PRIMARY_TECHNICAL	HPL00047_G27	NONE	YES	.	45	8	1.0000	HIGH	NONE	ALLELE_STATE
SAMN16801847	SRR13089482	HPL00049	PRIMARY_TECHNICAL	HPL00049_Shi470	NONE	YES	.	32	8	1.0000	HIGH	NONE	ALLELE_STATE
SAMN16801847	SRR13089482	HPL00050	PRIMARY_TECHNICAL	HPL00050_26695	NONE	YES	.	33	8	1.0000	HIGH	NONE	ALLELE_STATE
SAMN16801847	SRR13089482	HPL00051	PRIMARY_TECHNICAL	HPL00051_Shi470	NONE	YES	.	44	8	1.0000	HIGH	NONE	ALLELE_STATE
SAMN16801847	SRR13089482	HPL00053	PRIMARY_TECHNICAL	HPL00053_26695	NONE	YES	.	41	8	1.0000	HIGH	NONE	ALLELE_STATE
SAMN16801847	SRR13089482	HPL00055	PRIMARY_TECHNICAL	HPL00055_Shi470	NONE	YES	.	55	8	1.0000	HIGH	NONE	ALLELE_STATE
SAMN16801847	SRR13089482	HPL00060	PROVISIONAL_TECHNICAL	HPL00060_26695	NONE	NO	NO_SPANNING_READS	0			NA	NA	UNCALLABLE
SAMN16801847	SRR13089482	HPL00061	PROVISIONAL_TECHNICAL	HPL00061_26695	NONE	NO	DIFFUSE_ALLELE_DISTRIBUTION(top2=0.67)	9			NA	NA	UNCALLABLE
SAMN16801847	SRR13089482	HPL00063	PROVISIONAL_TECHNICAL	HPL00063_26695	NONE	YES	.	53	12	1.0000	HIGH	NONE	ALLELE_STATE
SAMN16801847	SRR13089482	HPL00064	PRIMARY_TECHNICAL	HPL00064_HPAG1	NONE	YES	.	26	8	1.0000	HIGH	NONE	ALLELE_STATE
SAMN16801847	SRR13089482	HPL00065	PROVISIONAL_TECHNICAL	HPL00065_26695	NONE	YES	.	41	12	1.0000	HIGH	NONE	ALLELE_STATE
SAMN16801847	SRR13089482	HPL00068	PRIMARY_TECHNICAL	HPL00068_Shi470	NONE	YES	.	39	8	1.0000	HIGH	NONE	ALLELE_STATE
SAMN16801847	SRR13089482	HPL00070	PROVISIONAL_TECHNICAL	HPL00070_26695	NONE	YES	.	32	12	1.0000	HIGH	NONE	ALLELE_STATE
SAMN16801847	SRR13089482	HPL00071	PRIMARY_TECHNICAL	HPL00071_P12	NONE	YES	.	42	8	1.0000	HIGH	NONE	ALLELE_STATE
SAMN16801847	SRR13089482	HPL00072	PRIMARY_TECHNICAL	HPL00072_26695	NONE	YES	.	47	8	1.0000	HIGH	NONE	ALLELE_STATE
SAMN16801847	SRR13089482	HPL00073	PRIMARY_TECHNICAL	HPL00073_26695	NONE	YES	.	36	8	1.0000	HIGH	NONE	ALLELE_STATE
SAMN16801847	SRR13089482	HPL00074	PRIMARY_TECHNICAL	HPL00074_26695	NONE	YES	.	52	8	1.0000	HIGH	NONE	ALLELE_STATE
SAMN16801847	SRR13089482	HPL00075	PRIMARY_TECHNICAL	HPL00075_J99	NONE	YES	.	28	8	1.0000	HIGH	NONE	ALLELE_STATE
SAMN16801847	SRR13089482	HPL00076	PRIMARY_TECHNICAL	HPL00076_Shi470	NONE	YES	.	54	8	1.0000	HIGH	NONE	ALLELE_STATE
SAMN16801847	SRR13089482	HPL00077	PRIMARY_TECHNICAL	HPL00077_26695	NONE	YES	.	41	8	1.0000	HIGH	NONE	ALLELE_STATE
SAMN16801847	SRR13089482	HPL00079	PRIMARY_TECHNICAL	HPL00079_HPAG1	NONE	YES	.	48	8	1.0000	HIGH	NONE	ALLELE_STATE
SAMN16801847	SRR13089482	HPL00080	PRIMARY_TECHNICAL	HPL00080_26695	NONE	YES	.	46	8	1.0000	HIGH	NONE	ALLELE_STATE
SAMN16801847	SRR13089482	HPL00083	PROVISIONAL_TECHNICAL	HPL00083_B8	NONE	YES	.	24	13	0.8333	HIGH	MIXED	ALLELE_STATE
SAMN16801847	SRR13089482	HPL00084	PRIMARY_TECHNICAL	HPL00084_Shi470	NONE	YES	.	45	8	1.0000	HIGH	NONE	ALLELE_STATE
SAMN16801847	SRR13089482	HPL00085	PRIMARY_TECHNICAL	HPL00085_Shi470	NONE	YES	.	53	8	1.0000	HIGH	NONE	ALLELE_STATE
SAMN16801847	SRR13089482	HPL00087	PRIMARY_TECHNICAL	HPL00087_Shi470	NONE	YES	.	39	9	0.9231	HIGH	NONE	AMBIGUOUS
SAMN16801847	SRR13089482	HPL00089	PRIMARY_TECHNICAL	HPL00089_HPAG1	NONE	YES	.	24	8	1.0000	HIGH	NONE	ALLELE_STATE
SAMN16801847	SRR13089482	HPL00090	PRIMARY_TECHNICAL	HPL00090_India7	NONE	YES	.	35	8	1.0000	HIGH	NONE	ALLELE_STATE
SAMN16801847	SRR13089482	HPL00099	PRIMARY_TECHNICAL	HPL00099_G27	NONE	YES	.	40	8	1.0000	HIGH	NONE	ALLELE_STATE
SAMN16801847	SRR13089482	HPL00103	PRIMARY_TECHNICAL	HPL00103_B8	NONE	YES	.	45	12	0.7556	HIGH	MIXTURE_CANDIDATE	ALLELE_STATE
SAMN16801847	SRR13089482	HPL00104	PRIMARY_TECHNICAL	HPL00104_Shi470	NONE	YES	.	25	8	1.0000	HIGH	NONE	ALLELE_STATE
SAMN16801847	SRR13089482	HPL00105	PRIMARY_TECHNICAL	HPL00105_India7	NONE	YES	.	19	8	1.0000	MEDIUM	NONE	ALLELE_STATE
SAMN16801847	SRR13089482	HPL00106	PRIMARY_TECHNICAL	HPL00106_J99	NONE	YES	.	35	8	1.0000	HIGH	NONE	ALLELE_STATE
SAMN16801847	SRR13089482	HPL00107	PRIMARY_TECHNICAL	HPL00107_J99	NONE	YES	.	35	8	0.9714	HIGH	NONE	ALLELE_STATE
SAMN16801847	SRR13089482	HPL00108	PRIMARY_TECHNICAL	HPL00108_26695	NONE	YES	.	51	8	1.0000	HIGH	NONE	ALLELE_STATE
SAMN16801847	SRR13089482	HPL00109	PRIMARY_TECHNICAL	HPL00109_26695	NONE	YES	.	43	8	1.0000	HIGH	NONE	ALLELE_STATE
SAMN16801847	SRR13089482	HPL00111	PRIMARY_TECHNICAL	HPL00111_Shi470	NONE	YES	.	42	8	1.0000	HIGH	NONE	ALLELE_STATE
SAMN16801847	SRR13089482	HPL00112	PRIMARY_TECHNICAL	HPL00112_G27	NONE	YES	.	35	9	1.0000	HIGH	NONE	ALLELE_STATE
SAMN16801847	SRR13089482	HPL00113	PRIMARY_TECHNICAL	HPL00113_P12	NONE	YES	.	41	8	1.0000	HIGH	NONE	ALLELE_STATE
SAMN16801847	SRR13089482	HPL00116	PRIMARY_TECHNICAL	HPL00116_Shi470	NONE	YES	.	44	8	1.0000	HIGH	NONE	ALLELE_STATE
SAMN16801847	SRR13089482	HPL00117	PRIMARY_TECHNICAL	HPL00117_B8	NONE	YES	.	28	9	1.0000	HIGH	NONE	AMBIGUOUS
SAMN16801847	SRR13089482	HPL00119	PRIMARY_TECHNICAL	HPL00119_Shi470	NONE	YES	.	42	8	1.0000	HIGH	NONE	ALLELE_STATE
SAMN16801847	SRR13089482	HPL00120	PRIMARY_TECHNICAL	HPL00120_Shi470	NONE	YES	.	51	8	1.0000	HIGH	NONE	ALLELE_STATE
SAMN16801847	SRR13089482	HPL00121	PRIMARY_TECHNICAL	HPL00121_26695	NONE	YES	.	39	8	1.0000	HIGH	NONE	ALLELE_STATE
SAMN16801847	SRR13089482	HPL00123	PRIMARY_TECHNICAL	HPL00123_HPAG1	NONE	YES	.	50	8	1.0000	HIGH	NONE	ALLELE_STATE
SAMN16801847	SRR13089482	HPL00125	PRIMARY_TECHNICAL	HPL00125_26695	NONE	YES	.	44	8	1.0000	HIGH	NONE	ALLELE_STATE
SAMN16801847	SRR13089482	HPL00126	PRIMARY_TECHNICAL	HPL00126_26695	NONE	YES	.	29	8	1.0000	HIGH	NONE	ALLELE_STATE
SAMN16801847	SRR13089482	HPL00127	PRIMARY_TECHNICAL	HPL00127_J99	NONE	YES	.	42	9	1.0000	HIGH	NONE	ALLELE_STATE
SAMN16801847	SRR13089482	HPL00134	PRIMARY_TECHNICAL	HPL00134_India7	NONE	YES	.	53	8	1.0000	HIGH	NONE	ALLELE_STATE
SAMN16801847	SRR13089482	HPL00138	PRIMARY_TECHNICAL	HPL00138_J99	NONE	YES	.	42	8	1.0000	HIGH	NONE	ALLELE_STATE
SAMN16801847	SRR13089482	HPL00139	PRIMARY_TECHNICAL	HPL00139_B8	NONE	YES	.	40	8	1.0000	HIGH	NONE	ALLELE_STATE
SAMN16801847	SRR13089482	HPL00141	PRIMARY_TECHNICAL	HPL00141_Shi470	NONE	YES	.	40	7	1.0000	HIGH	NONE	ALLELE_STATE
SAMN16801847	SRR13089482	HPL00143	PRIMARY_TECHNICAL	HPL00143_26695	NONE	YES	.	38	8	1.0000	HIGH	NONE	ALLELE_STATE
SAMN16801847	SRR13089482	HPL00145	PRIMARY_TECHNICAL	HPL00145_India7	NONE	YES	.	56	8	1.0000	HIGH	NONE	ALLELE_STATE
SAMN16801847	SRR13089482	HPL00150	PRIMARY_TECHNICAL	HPL00150_P12	NONE	YES	.	52	9	1.0000	HIGH	NONE	ALLELE_STATE
SAMN16801847	SRR13089482	HPL00151	PROVISIONAL_TECHNICAL	HPL00151_26695	NONE	NO	NO_SPANNING_READS	0			NA	NA	UNCALLABLE
SAMN16801847	SRR13089482	HPL00154	PRIMARY_TECHNICAL	HPL00154_26695	NONE	YES	.	38	8	1.0000	HIGH	NONE	ALLELE_STATE
SAMN16801847	SRR13089482	HPL00155	PRIMARY_TECHNICAL	HPL00155_P12	NONE	YES	.	41	9	1.0000	HIGH	NONE	ALLELE_STATE
SAMN16801847	SRR13089482	HPL00156	PRIMARY_TECHNICAL	HPL00156_26695	NONE	YES	.	48	8	1.0000	HIGH	NONE	ALLELE_STATE
SAMN16801847	SRR13089482	HPL00157	PRIMARY_TECHNICAL	HPL00157_P12	NONE	YES	.	42	8	1.0000	HIGH	NONE	ALLELE_STATE
SAMN16801847	SRR13089482	HPL00158	PRIMARY_TECHNICAL	HPL00158_26695	NONE	YES	.	42	7	1.0000	HIGH	NONE	ALLELE_STATE
SAMN16801847	SRR13089482	HPL00162	PRIMARY_TECHNICAL	HPL00162_26695	NONE	YES	.	40	8	1.0000	HIGH	NONE	ALLELE_STATE
SAMN16801847	SRR13089482	HPL00163	PRIMARY_TECHNICAL	HPL00163_B8	NONE	YES	.	49	8	1.0000	HIGH	NONE	ALLELE_STATE
SAMN16801847	SRR13089482	HPL00165	PRIMARY_TECHNICAL	HPL00165_26695	NONE	YES	.	47	8	1.0000	HIGH	NONE	ALLELE_STATE
SAMN16801847	SRR13089482	HPL00166	PRIMARY_TECHNICAL	HPL00166_J99	NONE	YES	.	44	8	1.0000	HIGH	NONE	ALLELE_STATE
SAMN16801847	SRR13089482	HPL00169	PRIMARY_TECHNICAL	HPL00169_J99	NONE	YES	.	29	8	1.0000	HIGH	NONE	ALLELE_STATE
SAMN16801847	SRR13089482	HPL00170	PRIMARY_TECHNICAL	HPL00170_26695	NONE	NO	NOT_CALLER_ELIGIBLE:NO:not_uniquely_anchorable				NA	NA	NOT_APPLICABLE
SAMN16801847	SRR13089482	HPL00172	PRIMARY_TECHNICAL	HPL00172_HPAG1	NONE	YES	.	39	8	0.9744	HIGH	NONE	ALLELE_STATE
SAMN16801847	SRR13089482	HPL00174	PRIMARY_TECHNICAL	HPL00174_J99	NONE	YES	.	40	8	1.0000	HIGH	NONE	ALLELE_STATE
SAMN16801847	SRR13089482	HPL00177	PRIMARY_TECHNICAL	HPL00177_G27	NONE	YES	.	38	10	1.0000	HIGH	NONE	AMBIGUOUS
SAMN16801847	SRR13089482	HPL00178	PRIMARY_TECHNICAL	HPL00178_26695	NONE	YES	.	48	8	1.0000	HIGH	NONE	ALLELE_STATE
SAMN16801847	SRR13089482	HPL00181	PRIMARY_TECHNICAL	HPL00181_26695	NONE	YES	.	45	8	1.0000	HIGH	NONE	ALLELE_STATE
SAMN16801847	SRR13089482	HPL00183	PRIMARY_TECHNICAL	HPL00183_26695	NONE	YES	.	38	8	1.0000	HIGH	NONE	ALLELE_STATE
SAMN16801847	SRR13089482	HPL00187	PRIMARY_TECHNICAL	HPL00187_J99	NONE	YES	.	44	9	0.9545	HIGH	NONE	ALLELE_STATE
SAMN16801847	SRR13089482	HPL00189	PRIMARY_TECHNICAL	HPL00189_Shi470	NONE	YES	.	29	8	1.0000	HIGH	NONE	ALLELE_STATE
SAMN16801847	SRR13089482	HPL00191	PRIMARY_TECHNICAL	HPL00191_India7	NONE	YES	.	58	8	1.0000	HIGH	NONE	ALLELE_STATE
SAMN16801847	SRR13089482	HPL00193	PRIMARY_TECHNICAL	HPL00193_26695	NONE	NO	NO_SPANNING_READS	0			NA	NA	UNCALLABLE
SAMN16801847	SRR13089482	HPL00194	PRIMARY_TECHNICAL	HPL00194_26695	NONE	NO	NO_SPANNING_READS	0			NA	NA	UNCALLABLE
SAMN16801847	SRR13089482	HPL00197	PROVISIONAL_TECHNICAL	HPL00197_India7	NONE	YES	.	42	8	1.0000	HIGH	NONE	ALLELE_STATE
SAMN16801847	SRR13089482	HPL00198	PRIMARY_TECHNICAL	HPL00198_B8	NONE	YES	.	48	8	1.0000	HIGH	NONE	ALLELE_STATE
SAMN16801847	SRR13089482	HPL00199	PRIMARY_TECHNICAL	HPL00199_Shi470	NONE	YES	.	29	8	1.0000	HIGH	NONE	ALLELE_STATE
SAMN16801847	SRR13089482	HPL00202	PRIMARY_TECHNICAL	HPL00202_Shi470	NONE	YES	.	16	9	1.0000	MEDIUM	NONE	AMBIGUOUS
SAMN16801847	SRR13089482	HPL00204	PRIMARY_TECHNICAL	HPL00204_Shi470	NONE	YES	.	47	8	1.0000	HIGH	NONE	ALLELE_STATE
SAMN16801847	SRR13089482	HPL00206	PRIMARY_TECHNICAL	HPL00206_26695	NONE	YES	.	34	8	1.0000	HIGH	NONE	ALLELE_STATE
SAMN16801847	SRR13089482	HPL00209	PRIMARY_TECHNICAL	HPL00209_26695	NONE	YES	.	43	8	1.0000	HIGH	NONE	ALLELE_STATE
SAMN16801847	SRR13089482	HPL00210	PRIMARY_TECHNICAL	HPL00210_26695	NONE	YES	.	38	8	1.0000	HIGH	NONE	ALLELE_STATE
SAMN16801847	SRR13089482	HPL00214	PRIMARY_TECHNICAL	HPL00214_J99	NONE	YES	.	40	8	1.0000	HIGH	NONE	ALLELE_STATE
SAMN16801847	SRR13089482	HPL00222	PRIMARY_TECHNICAL	HPL00222_Shi470	NONE	YES	.	44	8	1.0000	HIGH	NONE	ALLELE_STATE
SAMN16801847	SRR13089482	HPL00223	PRIMARY_TECHNICAL	HPL00223_G27	NONE	YES	.	21	8	1.0000	HIGH	NONE	ALLELE_STATE
SAMN16801847	SRR13089482	HPL00224	PRIMARY_TECHNICAL	HPL00224_26695	NONE	YES	.	44	8	1.0000	HIGH	NONE	ALLELE_STATE
SAMN16801847	SRR13089482	HPL00225	PRIMARY_TECHNICAL	HPL00225_26695	NONE	YES	.	19	8	1.0000	MEDIUM	NONE	ALLELE_STATE
SAMN16801847	SRR13089482	HPL00229	PRIMARY_TECHNICAL	HPL00229_HPAG1	NONE	YES	.	39	8	1.0000	HIGH	NONE	ALLELE_STATE
SAMN16801847	SRR13089482	HPL00230	PROVISIONAL_TECHNICAL	HPL00230_26695	NONE	YES	.	34	12	1.0000	HIGH	NONE	ALLELE_STATE
SAMN16801847	SRR13089482	HPL00231	PRIMARY_TECHNICAL	HPL00231_G27	NONE	YES	.	50	8	1.0000	HIGH	NONE	ALLELE_STATE
SAMN16801847	SRR13089482	HPL00232	PRIMARY_TECHNICAL	HPL00232_P12	NONE	YES	.	44	8	1.0000	HIGH	NONE	ALLELE_STATE
SAMN16801847	SRR13089482	HPL00234	PRIMARY_TECHNICAL	HPL00234_26695	NONE	YES	.	40	8	1.0000	HIGH	NONE	ALLELE_STATE
SAMN16801847	SRR13089482	HPL00239	PRIMARY_TECHNICAL	HPL00239_Shi470	NONE	YES	.	42	8	1.0000	HIGH	NONE	ALLELE_STATE
SAMN16801847	SRR13089482	HPL00241	PRIMARY_TECHNICAL	HPL00241_26695	NONE	YES	.	43	8	0.9767	HIGH	NONE	ALLELE_STATE
SAMN16801847	SRR13089482	HPL00242	PRIMARY_TECHNICAL	HPL00242_P12	NONE	YES	.	32	8	1.0000	HIGH	NONE	ALLELE_STATE
SAMN16801847	SRR13089482	HPL00243	PRIMARY_TECHNICAL	HPL00243_HPAG1	NONE	YES	.	35	8	1.0000	HIGH	NONE	ALLELE_STATE
SAMN16801847	SRR13089482	HPL00244	PRIMARY_TECHNICAL	HPL00244_26695	NONE	YES	.	42	8	1.0000	HIGH	NONE	ALLELE_STATE
SAMN16801847	SRR13089482	HPL00245	PRIMARY_TECHNICAL	HPL00245_P12	NONE	YES	.	34	8	1.0000	HIGH	NONE	ALLELE_STATE
SAMN16801847	SRR13089482	HPL00246	PRIMARY_TECHNICAL	HPL00246_26695	NONE	YES	.	34	8	1.0000	HIGH	NONE	ALLELE_STATE
SAMN16801847	SRR13089482	HPL00247	PRIMARY_TECHNICAL	HPL00247_J99	NONE	YES	.	36	8	0.9722	HIGH	NONE	ALLELE_STATE
SAMN16801847	SRR13089482	HPL00251	PRIMARY_TECHNICAL	HPL00251_HPAG1	NONE	YES	.	36	8	1.0000	HIGH	NONE	ALLELE_STATE
SAMN16801847	SRR13089482	HPL00259	PRIMARY_TECHNICAL	HPL00259_G27	NONE	YES	.	36	8	1.0000	HIGH	NONE	ALLELE_STATE
SAMN16801847	SRR13089482	HPL00261	PRIMARY_TECHNICAL	HPL00261_26695	NONE	NO	NO_SPANNING_READS	0			NA	NA	UNCALLABLE
SAMN16801847	SRR13089482	HPL00262	PRIMARY_TECHNICAL	HPL00262_India7	NONE	YES	.	37	8	1.0000	HIGH	NONE	ALLELE_STATE
SAMN16801847	SRR13089482	HPL00264	PRIMARY_TECHNICAL	HPL00264_B8	NONE	YES	.	31	8	1.0000	HIGH	NONE	ALLELE_STATE
SAMN16801847	SRR13089482	HPL00267	PRIMARY_TECHNICAL	HPL00267_26695	NONE	YES	.	40	8	0.9750	HIGH	NONE	ALLELE_STATE
SAMN16801847	SRR13089482	HPL00270	PRIMARY_TECHNICAL	HPL00270_Shi470	NONE	YES	.	33	8	1.0000	HIGH	NONE	ALLELE_STATE
SAMN16801847	SRR13089482	HPL00273	PRIMARY_TECHNICAL	HPL00273_G27	NONE	YES	.	35	8	1.0000	HIGH	NONE	ALLELE_STATE
SAMN16801847	SRR13089482	HPL00274	PRIMARY_TECHNICAL	HPL00274_India7	NONE	YES	.	32	8	1.0000	HIGH	NONE	ALLELE_STATE
SAMN16801847	SRR13089482	HPL00275	PRIMARY_TECHNICAL	HPL00275_J99	NONE	YES	.	36	8	0.9722	HIGH	NONE	ALLELE_STATE
SAMN16801847	SRR13089482	HPL00276	PRIMARY_TECHNICAL	HPL00276_J99	NONE	YES	.	25	8	1.0000	HIGH	NONE	ALLELE_STATE
SAMN16801847	SRR13089482	HPL00277	PRIMARY_TECHNICAL	HPL00277_26695	NONE	YES	.	52	8	1.0000	HIGH	NONE	ALLELE_STATE
SAMN16801847	SRR13089482	HPL00288	PRIMARY_TECHNICAL	HPL00288_HPAG1	NONE	YES	.	28	8	1.0000	HIGH	NONE	ALLELE_STATE
SAMN16801847	SRR13089482	HPL00289	PRIMARY_TECHNICAL	HPL00289_India7	NONE	NO	INSUFFICIENT_SPANNING_READS(3<8)	3			NA	NA	UNCALLABLE
SAMN16801847	SRR13089482	HPL00290	PRIMARY_TECHNICAL	HPL00290_Shi470	NONE	YES	.	37	8	1.0000	HIGH	NONE	ALLELE_STATE
SAMN16801847	SRR13089482	HPL00291	PROVISIONAL_TECHNICAL	HPL00291_26695	NONE	YES	.	49	8	1.0000	HIGH	NONE	ALLELE_STATE
SAMN16801847	SRR13089482	HPL00292	PRIMARY_TECHNICAL	HPL00292_26695	NONE	NO	NO_SPANNING_READS	0			NA	NA	UNCALLABLE
SAMN16801847	SRR13089482	HPL00293	PRIMARY_TECHNICAL	HPL00293_Shi470	NONE	YES	.	32	8	1.0000	HIGH	NONE	ALLELE_STATE
SAMN16801847	SRR13089482	HPL00297	PRIMARY_TECHNICAL	HPL00297_P12	NONE	YES	.	36	8	1.0000	HIGH	NONE	ALLELE_STATE
SAMN16801847	SRR13089482	HPL00299	PROVISIONAL_TECHNICAL	HPL00299_J99	NONE	YES	.	44	12	1.0000	HIGH	NONE	ALLELE_STATE
SAMN16801847	SRR13089482	HPL00301	PRIMARY_TECHNICAL	HPL00301_G27	NONE	YES	.	48	8	1.0000	HIGH	NONE	ALLELE_STATE
SAMN16801847	SRR13089482	HPL00303	PRIMARY_TECHNICAL	HPL00303_HPAG1	NONE	YES	.	41	8	1.0000	HIGH	NONE	ALLELE_STATE
SAMN16801847	SRR13089482	HPL00304	PRIMARY_TECHNICAL	HPL00304_India7	NONE	YES	.	34	8	1.0000	HIGH	NONE	ALLELE_STATE
SAMN16801847	SRR13089482	HPL00305	PRIMARY_TECHNICAL	HPL00305_26695	NONE	YES	.	61	8	1.0000	HIGH	NONE	ALLELE_STATE
SAMN16801847	SRR13089482	HPL00306	PRIMARY_TECHNICAL	HPL00306_26695	NONE	YES	.	30	8	1.0000	HIGH	NONE	ALLELE_STATE
SAMN16801847	SRR13089482	HPL00311	PRIMARY_TECHNICAL	HPL00311_J99	NONE	YES	.	23	8	1.0000	HIGH	NONE	ALLELE_STATE
SAMN16801847	SRR13089482	HPL00312	PROVISIONAL_TECHNICAL	HPL00312_P12	NONE	YES	.	49	13	1.0000	HIGH	NONE	ALLELE_STATE
SAMN16801847	SRR13089482	HPL00313	PRIMARY_TECHNICAL	HPL00313_HPAG1	NONE	YES	.	46	8	1.0000	HIGH	NONE	ALLELE_STATE
SAMN16801847	SRR13089482	HPL00314	PRIMARY_TECHNICAL	HPL00314_26695	NONE	YES	.	65	8	1.0000	HIGH	NONE	ALLELE_STATE
SAMN16801847	SRR13089482	HPL00316	PRIMARY_TECHNICAL	HPL00316_26695	NONE	NO	NO_SPANNING_READS	0			NA	NA	UNCALLABLE
SAMN16801847	SRR13089482	HPL00318	PRIMARY_TECHNICAL	HPL00318_P12	NONE	YES	.	54	8	1.0000	HIGH	NONE	ALLELE_STATE
SAMN16801847	SRR13089482	HPL00319	PRIMARY_TECHNICAL	HPL00319_26695	NONE	YES	.	42	8	1.0000	HIGH	NONE	OFF
SAMN16801847	SRR13089482	HPL00321	PRIMARY_TECHNICAL	HPL00321_26695	NONE	NO	NO_SPANNING_READS	0			NA	NA	UNCALLABLE
SAMN16801847	SRR13089482	HPL00322	PRIMARY_TECHNICAL	HPL00322_26695	NONE	NO	NO_SPANNING_READS	0			NA	NA	UNCALLABLE
SAMN16801847	SRR13089482	HPL00325	PRIMARY_TECHNICAL	HPL00325_Shi470	NONE	YES	.	39	8	1.0000	HIGH	NONE	ALLELE_STATE
SAMN16801847	SRR13089482	HPL00329	PRIMARY_TECHNICAL	HPL00329_26695	NONE	YES	.	38	8	1.0000	HIGH	NONE	ALLELE_STATE
SAMN16801847	SRR13089482	HPL00330	PROVISIONAL_TECHNICAL	HPL00330_P12	NONE	YES	.	51	8	1.0000	HIGH	NONE	ALLELE_STATE
SAMN16801847	SRR13089482	HPL00332	PRIMARY_TECHNICAL	HPL00332_HPAG1	NONE	YES	.	38	8	1.0000	HIGH	NONE	ALLELE_STATE
SAMN16801847	SRR13089482	HPL00333	PRIMARY_TECHNICAL	HPL00333_HPAG1	NONE	YES	.	31	8	1.0000	HIGH	NONE	ALLELE_STATE
SAMN16801847	SRR13089482	HPL00337	PRIMARY_TECHNICAL	HPL00337_HPAG1	NONE	YES	.	46	8	1.0000	HIGH	NONE	ALLELE_STATE
SAMN16801847	SRR13089482	HPL00341	PRIMARY_TECHNICAL	HPL00341_26695	NONE	YES	.	22	8	1.0000	HIGH	NONE	ALLELE_STATE
SAMN16801847	SRR13089482	HPL00342	PRIMARY_TECHNICAL	HPL00342_Shi470	NONE	YES	.	39	8	1.0000	HIGH	NONE	ALLELE_STATE
SAMN16801847	SRR13089482	HPL00344	PRIMARY_TECHNICAL	HPL00344_26695	NONE	YES	.	47	8	1.0000	HIGH	NONE	ALLELE_STATE
SAMN16801847	SRR13089482	HPL00345	PRIMARY_TECHNICAL	HPL00345_Shi470	NONE	YES	.	43	8	1.0000	HIGH	NONE	ALLELE_STATE
SAMN16801847	SRR13089482	HPL00347	PRIMARY_TECHNICAL	HPL00347_26695	NONE	NO	NO_SPANNING_READS	0			NA	NA	UNCALLABLE
SAMN16801847	SRR13089482	HPL00350	PRIMARY_TECHNICAL	HPL00350_HPAG1	NONE	YES	.	33	9	1.0000	HIGH	NONE	ALLELE_STATE
SAMN16801847	SRR13089482	HPL00351	PRIMARY_TECHNICAL	HPL00351_Shi470	NONE	YES	.	33	8	1.0000	HIGH	NONE	ALLELE_STATE
SAMN16801847	SRR13089482	HPL00352	PRIMARY_TECHNICAL	HPL00352_26695	NONE	NO	NO_SPANNING_READS	0			NA	NA	UNCALLABLE
SAMN16801847	SRR13089482	HPL00353	PRIMARY_TECHNICAL	HPL00353_26695	NONE	YES	.	34	8	1.0000	HIGH	NONE	ALLELE_STATE
SAMN16801847	SRR13089482	HPL00354	PRIMARY_TECHNICAL	HPL00354_J99	NONE	YES	.	53	8	1.0000	HIGH	NONE	ALLELE_STATE
SAMN16801847	SRR13089482	HPL00357	PRIMARY_TECHNICAL	HPL00357_G27	NONE	YES	.	61	8	1.0000	HIGH	NONE	ALLELE_STATE
SAMN16801847	SRR13089482	HPL00360	PRIMARY_TECHNICAL	HPL00360_J99	NONE	YES	.	36	8	1.0000	HIGH	NONE	ALLELE_STATE
SAMN16801847	SRR13089482	HPL00361	PRIMARY_TECHNICAL	HPL00361_HPAG1	NONE	YES	.	60	8	0.9833	HIGH	NONE	ALLELE_STATE
SAMN16801847	SRR13089482	HPL00364	PRIMARY_TECHNICAL	HPL00364_Shi470	NONE	YES	.	44	8	1.0000	HIGH	NONE	ALLELE_STATE
SAMN16801847	SRR13089482	HPL00365	PRIMARY_TECHNICAL	HPL00365_26695	NONE	YES	.	54	8	1.0000	HIGH	NONE	ALLELE_STATE
SAMN16801847	SRR13089482	HPL00369	PRIMARY_TECHNICAL	HPL00369_P12	NONE	YES	.	36	9	1.0000	HIGH	NONE	ALLELE_STATE
SAMN16801847	SRR13089482	HPL00370	PRIMARY_TECHNICAL	HPL00370_G27	NONE	YES	.	33	8	1.0000	HIGH	NONE	ALLELE_STATE
SAMN16801847	SRR13089482	HPL00376	PRIMARY_TECHNICAL	HPL00376_26695	NONE	YES	.	44	8	1.0000	HIGH	NONE	ALLELE_STATE
SAMN16801847	SRR13089482	HPL00377	PRIMARY_TECHNICAL	HPL00377_B8	NONE	YES	.	44	8	1.0000	HIGH	NONE	ALLELE_STATE
SAMN16801847	SRR13089482	HPL00378	PRIMARY_TECHNICAL	HPL00378_HPAG1	NONE	YES	.	32	8	1.0000	HIGH	NONE	ALLELE_STATE
SAMN16801847	SRR13089482	HPL00379	PRIMARY_TECHNICAL	HPL00379_26695	NONE	YES	.	37	8	0.9730	HIGH	NONE	ALLELE_STATE
SAMN16801847	SRR13089482	HPL00380	PRIMARY_TECHNICAL	HPL00380_B8	NONE	YES	.	47	8	1.0000	HIGH	NONE	ALLELE_STATE
SAMN16801847	SRR13089482	HPL00381	PROVISIONAL_TECHNICAL	HPL00381_Shi470	NONE	YES	.	45	8	1.0000	HIGH	NONE	ALLELE_STATE
SAMN16801847	SRR13089482	HPL00383	PRIMARY_TECHNICAL	HPL00383_26695	NONE	YES	.	39	8	1.0000	HIGH	NONE	ALLELE_STATE
SAMN16801847	SRR13089482	HPL00385	PROVISIONAL_TECHNICAL	HPL00385_26695	NONE	NO	NO_SPANNING_READS	0			NA	NA	UNCALLABLE
SAMN16801847	SRR13089482	HPL00386	PRIMARY_TECHNICAL	HPL00386_26695	NONE	YES	.	31	8	1.0000	HIGH	NONE	ALLELE_STATE
SAMN16801847	SRR13089482	HPL00387	PROVISIONAL_TECHNICAL	HPL00387_26695	NONE	NO	NO_SPANNING_READS	0			NA	NA	UNCALLABLE
SAMN16801847	SRR13089482	HPL00390	PRIMARY_TECHNICAL	HPL00390_India7	NONE	YES	.	36	8	1.0000	HIGH	NONE	ALLELE_STATE
SAMN16801847	SRR13089482	HPL00392	PRIMARY_TECHNICAL	HPL00392_J99	NONE	YES	.	35	8	1.0000	HIGH	NONE	ALLELE_STATE
SAMN16801847	SRR13089482	HPL00393	PRIMARY_TECHNICAL	HPL00393_26695	NONE	YES	.	34	6	1.0000	HIGH	NONE	ALLELE_STATE
SAMN16801847	SRR13089482	HPL00403	PRIMARY_TECHNICAL	HPL00403_J99	NONE	YES	.	58	8	1.0000	HIGH	NONE	ALLELE_STATE
SAMN16801847	SRR13089482	HPL00404	PRIMARY_TECHNICAL	HPL00404_Shi470	NONE	YES	.	34	8	1.0000	HIGH	NONE	ALLELE_STATE
SAMN16801847	SRR13089482	HPL00407	PRIMARY_TECHNICAL	HPL00407_26695	NONE	YES	.	52	8	0.9808	HIGH	NONE	ALLELE_STATE
SAMN16801847	SRR13089482	HPL00409	PRIMARY_TECHNICAL	HPL00409_Shi470	NONE	YES	.	58	8	1.0000	HIGH	NONE	ALLELE_STATE
SAMN16801847	SRR13089482	HPL00413	PRIMARY_TECHNICAL	HPL00413_26695	NONE	YES	.	35	8	1.0000	HIGH	NONE	ALLELE_STATE
SAMN16801847	SRR13089482	HPL00414	PRIMARY_TECHNICAL	HPL00414_Shi470	NONE	YES	.	60	8	1.0000	HIGH	NONE	ALLELE_STATE
SAMN16801847	SRR13089482	HPL00415	PRIMARY_TECHNICAL	HPL00415_B8	NONE	YES	.	48	8	0.9792	HIGH	NONE	ALLELE_STATE
SAMN16801847	SRR13089482	HPL00419	PRIMARY_TECHNICAL	HPL00419_26695	NONE	YES	.	33	8	1.0000	HIGH	NONE	ALLELE_STATE
SAMN16801847	SRR13089482	HPL00421	PRIMARY_TECHNICAL	HPL00421_26695	NONE	YES	.	42	8	1.0000	HIGH	NONE	ALLELE_STATE
SAMN16801847	SRR13089482	HPL00423	PRIMARY_TECHNICAL	HPL00423_Shi470	NONE	YES	.	45	8	1.0000	HIGH	NONE	ALLELE_STATE
SAMN16801847	SRR13089482	HPL00424	PRIMARY_TECHNICAL	HPL00424_Shi470	NONE	YES	.	45	8	1.0000	HIGH	NONE	ALLELE_STATE
SAMN16801847	SRR13089482	HPL00426	PROVISIONAL_TECHNICAL	HPL00426_26695	MEMBER_ALLELE_CONFLICT:HPL00426_Shi470	NO	MEMBER_ALLELE_CONFLICT	9	13	0.7778	NA	NONE	UNCALLABLE
SAMN16801847	SRR13089482	HPL00429	PRIMARY_TECHNICAL	HPL00429_26695	NONE	YES	.	51	8	1.0000	HIGH	NONE	ALLELE_STATE
SAMN16801847	SRR13089482	HPL00430	PRIMARY_TECHNICAL	HPL00430_26695	NONE	NO	NO_SPANNING_READS	0			NA	NA	UNCALLABLE
SAMN16801847	SRR13089482	HPL00435	PRIMARY_TECHNICAL	HPL00435_Shi470	NONE	YES	.	38	9	0.9474	HIGH	NONE	ALLELE_STATE
SAMN16801847	SRR13089482	HPL00436	PRIMARY_TECHNICAL	HPL00436_Shi470	NONE	YES	.	56	8	1.0000	HIGH	NONE	ALLELE_STATE
SAMN16801847	SRR13089482	HPL00439	PROVISIONAL_TECHNICAL	HPL00439_26695	NONE	YES	.	44	12	1.0000	HIGH	NONE	ALLELE_STATE
SAMN16801847	SRR13089482	HPL00442	PRIMARY_TECHNICAL	HPL00442_G27	NONE	YES	.	55	8	1.0000	HIGH	NONE	ALLELE_STATE
SAMN16801847	SRR13089482	HPL00443	PRIMARY_TECHNICAL	HPL00443_B8	NONE	YES	.	63	9	0.9841	HIGH	NONE	ALLELE_STATE
SAMN16801847	SRR13089482	HPL00447	PRIMARY_TECHNICAL	HPL00447_26695	NONE	YES	.	10	8	1.0000	MEDIUM	NONE	ALLELE_STATE
SAMN16801847	SRR13089482	HPL00450	PRIMARY_TECHNICAL	HPL00450_India7	NONE	YES	.	41	8	1.0000	HIGH	NONE	ALLELE_STATE
SAMN16801847	SRR13089482	HPL00453	PROVISIONAL_TECHNICAL	HPL00453_26695	NONE	YES	.	50	17	0.6400	HIGH	MIXTURE_CANDIDATE	ON
SAMN16801847	SRR13089482	HPL00454	PROVISIONAL_TECHNICAL	HPL00454_J99	NONE	YES	.	47	12	1.0000	HIGH	NONE	ALLELE_STATE
SAMN16801847	SRR13089482	HPL00460	PRIMARY_TECHNICAL	HPL00460_26695	NONE	YES	.	62	8	1.0000	HIGH	NONE	ALLELE_STATE
SAMN16801847	SRR13089482	HPL00465	PRIMARY_TECHNICAL	HPL00465_Shi470	NONE	YES	.	48	8	1.0000	HIGH	NONE	ALLELE_STATE
SAMN16801847	SRR13089482	HPL00466	PRIMARY_TECHNICAL	HPL00466_Shi470	NONE	YES	.	40	9	1.0000	HIGH	NONE	ALLELE_STATE
SAMN16801847	SRR13089482	HPL00469	PRIMARY_TECHNICAL	HPL00469_G27	NONE	YES	.	31	8	1.0000	HIGH	NONE	ALLELE_STATE
SAMN16801847	SRR13089482	HPL00479	PRIMARY_TECHNICAL	HPL00479_26695	NONE	YES	.	27	8	1.0000	HIGH	NONE	ALLELE_STATE
SAMN16801847	SRR13089482	HPL00482	PRIMARY_TECHNICAL	HPL00482_26695	NONE	YES	.	36	8	1.0000	HIGH	NONE	ALLELE_STATE
SAMN16801847	SRR13089482	HPL00483	PRIMARY_TECHNICAL	HPL00483_Shi470	NONE	YES	.	33	8	1.0000	HIGH	NONE	ALLELE_STATE
SAMN16801847	SRR13089482	HPL00485	PRIMARY_TECHNICAL	HPL00485_Shi470	NONE	YES	.	36	8	0.9722	HIGH	NONE	ALLELE_STATE
SAMN16801847	SRR13089482	HPL00487	PROVISIONAL_TECHNICAL	HPL00487_26695	NONE	YES	.	47	8	1.0000	HIGH	NONE	ALLELE_STATE
SAMN16801847	SRR13089482	HPL00493	PRIMARY_TECHNICAL	HPL00493_26695	NONE	YES	.	51	8	1.0000	HIGH	NONE	ALLELE_STATE
SAMN16801847	SRR13089482	HPL00496	PRIMARY_TECHNICAL	HPL00496_Shi470	NONE	YES	.	49	8	1.0000	HIGH	NONE	ALLELE_STATE
SAMN16801847	SRR13089482	HPL00497	PRIMARY_TECHNICAL	HPL00497_B8	NONE	YES	.	56	8	1.0000	HIGH	NONE	AMBIGUOUS
SAMN16801847	SRR13089482	HPL00498	PRIMARY_TECHNICAL	HPL00498_J99	NONE	YES	.	49	8	0.9796	HIGH	NONE	ALLELE_STATE
SAMN16801847	SRR13089482	HPL00499	PROVISIONAL_TECHNICAL	HPL00499_HPAG1	NONE	YES	.	40	8	1.0000	HIGH	NONE	ALLELE_STATE
SAMN16801847	SRR13089482	HPL00501	PRIMARY_TECHNICAL	HPL00501_26695	NONE	YES	.	34	8	0.9706	HIGH	NONE	ALLELE_STATE
SAMN16801847	SRR13089482	HPL00502	PRIMARY_TECHNICAL	HPL00502_India7	NONE	YES	.	49	8	1.0000	HIGH	NONE	ALLELE_STATE
SAMN16801847	SRR13089482	HPL00503	PRIMARY_TECHNICAL	HPL00503_26695	NONE	YES	.	21	7	1.0000	HIGH	NONE	ALLELE_STATE
SAMN16801847	SRR13089482	HPL00505	PRIMARY_TECHNICAL	HPL00505_J99	MEMBER_ALLELE_CONFLICT:HPL00505_P12	NO	MEMBER_ALLELE_CONFLICT	51	8	1.0000	NA	NONE	UNCALLABLE
SAMN16801847	SRR13089482	HPL00506	PRIMARY_TECHNICAL	HPL00506_26695	NONE	YES	.	52	8	1.0000	HIGH	NONE	ALLELE_STATE
SAMN16801847	SRR13089482	HPL00510	PROVISIONAL_TECHNICAL	HPL00510_J99	NONE	NO	NO_SPANNING_READS	0			NA	NA	UNCALLABLE
SAMN16801847	SRR13089482	HPL00514	PRIMARY_TECHNICAL	HPL00514_J99	NONE	YES	.	41	8	1.0000	HIGH	NONE	ALLELE_STATE
SAMN16801847	SRR13089482	HPL00518	PROVISIONAL_TECHNICAL	HPL00518_J99	NONE	NO	NO_SPANNING_READS	0			NA	NA	UNCALLABLE
SAMN16801847	SRR13089482	HPL00521	PRIMARY_TECHNICAL	HPL00521_India7	NONE	YES	.	22	8	1.0000	HIGH	NONE	ALLELE_STATE
SAMN16801847	SRR13089482	HPL00524	PRIMARY_TECHNICAL	HPL00524_G27	NONE	YES	.	47	8	1.0000	HIGH	NONE	ALLELE_STATE
SAMN16801847	SRR13089482	HPL00529	PRIMARY_TECHNICAL	HPL00529_J99	NONE	YES	.	29	8	0.9655	HIGH	NONE	ALLELE_STATE
SAMN16801847	SRR13089482	HPL00530	PRIMARY_TECHNICAL	HPL00530_Shi470	NONE	YES	.	20	8	1.0000	HIGH	NONE	ALLELE_STATE
SAMN16801847	SRR13089482	HPL00531	PRIMARY_TECHNICAL	HPL00531_J99	NONE	YES	.	44	8	1.0000	HIGH	NONE	ALLELE_STATE
SAMN16801847	SRR13089482	HPL00533	PROVISIONAL_TECHNICAL	HPL00533_P12	NONE	YES	.	48	8	1.0000	HIGH	NONE	ALLELE_STATE
SAMN16801847	SRR13089482	HPL00540	PRIMARY_TECHNICAL	HPL00540_HPAG1	NONE	YES	.	53	9	0.9811	HIGH	NONE	ALLELE_STATE
SAMN16801847	SRR13089482	HPL00544	PRIMARY_TECHNICAL	HPL00544_J99	NONE	NO	NO_SPANNING_READS	0			NA	NA	UNCALLABLE
SAMN16801847	SRR13089482	HPL00548	PRIMARY_TECHNICAL	HPL00548_J99	NONE	NO	NO_SPANNING_READS	0			NA	NA	UNCALLABLE
SAMN16801847	SRR13089482	HPL00549	PROVISIONAL_TECHNICAL	HPL00549_P12	NONE	YES	.	38	10	1.0000	HIGH	NONE	ALLELE_STATE
SAMN16801847	SRR13089482	HPL00571	PRIMARY_TECHNICAL	HPL00571_P12	NONE	YES	.	37	8	1.0000	HIGH	NONE	ALLELE_STATE
SAMN16801847	SRR13089482	HPL00573	PRIMARY_TECHNICAL	HPL00573_Shi470	NONE	YES	.	44	9	1.0000	HIGH	NONE	ALLELE_STATE
SAMN16801847	SRR13089482	HPL00576	PRIMARY_TECHNICAL	HPL00576_B8	NONE	YES	.	26	8	1.0000	HIGH	NONE	ALLELE_STATE
SAMN16801847	SRR13089482	HPL00582	PRIMARY_TECHNICAL	HPL00582_B8	NONE	YES	.	24	8	1.0000	HIGH	NONE	ALLELE_STATE
SAMN16801847	SRR13089482	HPL00601	PRIMARY_TECHNICAL	HPL00601_HPAG1	NONE	YES	.	23	8	1.0000	HIGH	NONE	ALLELE_STATE
SAMN16801847	SRR13089482	HPL00603	PRIMARY_TECHNICAL	HPL00603_J99	NONE	NO	NO_SPANNING_READS	0			NA	NA	UNCALLABLE
SAMN16801847	SRR13089482	HPL00604	PRIMARY_TECHNICAL	HPL00604_G27	NONE	YES	.	45	8	1.0000	HIGH	NONE	AMBIGUOUS
SAMN16801847	SRR13089482	HPL00608	PROVISIONAL_TECHNICAL	HPL00608_India7	NONE	YES	.	27	8	1.0000	HIGH	NONE	ALLELE_STATE
SAMN16801847	SRR13089482	HPL00609	PRIMARY_TECHNICAL	HPL00609_India7	NONE	YES	.	51	8	1.0000	HIGH	NONE	ALLELE_STATE
SAMN16801847	SRR13089482	HPL00613	PRIMARY_TECHNICAL	HPL00613_G27	NONE	YES	.	26	8	1.0000	HIGH	NONE	ALLELE_STATE
SAMN16801847	SRR13089482	HPL00622	PROVISIONAL_TECHNICAL	HPL00622_J99	NONE	NO	NO_SPANNING_READS	0			NA	NA	UNCALLABLE
SAMN16801847	SRR13089482	HPL00628	PROVISIONAL_TECHNICAL	HPL00628_J99	NONE	NO	NO_SPANNING_READS	0			NA	NA	UNCALLABLE
SAMN16801847	SRR13089482	HPL00640	PRIMARY_TECHNICAL	HPL00640_J99	NONE	YES	.	51	8	1.0000	HIGH	NONE	ALLELE_STATE
SAMN16801847	SRR13089482	HPL00645	PRIMARY_TECHNICAL	HPL00645_Shi470	NONE	YES	.	43	8	1.0000	HIGH	NONE	ALLELE_STATE
SAMN16801847	SRR13089482	HPL00679	PRIMARY_TECHNICAL	HPL00679_J99	NONE	NO	NO_SPANNING_READS	0			NA	NA	UNCALLABLE
SAMN16801847	SRR13089482	HPL00682	PRIMARY_TECHNICAL	HPL00682_J99	NONE	NO	NO_SPANNING_READS	0			NA	NA	UNCALLABLE
SAMN16801847	SRR13089482	HPL00685	PROVISIONAL_TECHNICAL	HPL00685_J99	NONE	NO	NO_SPANNING_READS	0			NA	NA	UNCALLABLE
SAMN16801847	SRR13089482	HPL00699	PRIMARY_TECHNICAL	HPL00699_P12	NONE	YES	.	43	8	1.0000	HIGH	NONE	ALLELE_STATE
SAMN16801847	SRR13089482	HPL00702	PRIMARY_TECHNICAL	HPL00702_J99	NONE	NO	NO_SPANNING_READS	0			NA	NA	UNCALLABLE
SAMN16801847	SRR13089482	HPL00709	PRIMARY_TECHNICAL	HPL00709_HPAG1	NONE	YES	.	36	6	1.0000	HIGH	NONE	ALLELE_STATE
SAMN16801847	SRR13089482	HPL00743	PROVISIONAL_TECHNICAL	HPL00743_HPAG1	NONE	NO	NO_SPANNING_READS	0			NA	NA	UNCALLABLE
SAMN16801847	SRR13089482	HPL00750	PRIMARY_TECHNICAL	HPL00750_HPAG1	NONE	YES	.	28	8	1.0000	HIGH	NONE	ALLELE_STATE
SAMN16801847	SRR13089482	HPL00751	PRIMARY_TECHNICAL	HPL00751_HPAG1	NONE	YES	.	49	8	1.0000	HIGH	NONE	ALLELE_STATE
SAMN16801847	SRR13089482	HPL00752	PRIMARY_TECHNICAL	HPL00752_G27	NONE	YES	.	31	8	1.0000	HIGH	NONE	ALLELE_STATE
SAMN16801847	SRR13089482	HPL00761	PRIMARY_TECHNICAL	HPL00761_Shi470	NONE	YES	.	45	8	1.0000	HIGH	NONE	ALLELE_STATE
SAMN16801847	SRR13089482	HPL00780	PRIMARY_TECHNICAL	HPL00780_HPAG1	NONE	YES	.	43	8	1.0000	HIGH	NONE	ALLELE_STATE
SAMN16801847	SRR13089482	HPL00782	PRIMARY_TECHNICAL	HPL00782_P12	NONE	YES	.	37	8	1.0000	HIGH	NONE	ALLELE_STATE
SAMN16801847	SRR13089482	HPL00804	PRIMARY_TECHNICAL	HPL00804_HPAG1	NONE	YES	.	53	8	1.0000	HIGH	NONE	ALLELE_STATE
SAMN16801847	SRR13089482	HPL00809	PRIMARY_TECHNICAL	HPL00809_HPAG1	NONE	NO	NOT_CALLER_ELIGIBLE:NO:not_uniquely_anchorable				NA	NA	NOT_APPLICABLE
SAMN16801847	SRR13089482	HPL00811	PRIMARY_TECHNICAL	HPL00811_HPAG1	NONE	YES	.	51	8	1.0000	HIGH	NONE	ALLELE_STATE
SAMN16801847	SRR13089482	HPL00816	PRIMARY_TECHNICAL	HPL00816_HPAG1	NONE	NO	NO_SPANNING_READS	0			NA	NA	UNCALLABLE
SAMN16801847	SRR13089482	HPL00817	PRIMARY_TECHNICAL	HPL00817_P12	NONE	YES	.	55	8	1.0000	HIGH	NONE	ALLELE_STATE
SAMN16801847	SRR13089482	HPL00818	PRIMARY_TECHNICAL	HPL00818_HPAG1	NONE	NO	NO_SPANNING_READS	0			NA	NA	UNCALLABLE
SAMN16801847	SRR13089482	HPL00835	PRIMARY_TECHNICAL	HPL00835_G27	NONE	YES	.	22	8	1.0000	HIGH	NONE	ALLELE_STATE
SAMN16801847	SRR13089482	HPL00838	PRIMARY_TECHNICAL	HPL00838_G27	NONE	NO	NO_SPANNING_READS	0			NA	NA	UNCALLABLE
SAMN16801847	SRR13089482	HPL00839	PRIMARY_TECHNICAL	HPL00839_G27	NONE	NO	NO_SPANNING_READS	0			NA	NA	UNCALLABLE
SAMN16801847	SRR13089482	HPL00840	PRIMARY_TECHNICAL	HPL00840_G27	NONE	NO	NO_SPANNING_READS	0			NA	NA	UNCALLABLE
SAMN16801847	SRR13089482	HPL00841	PRIMARY_TECHNICAL	HPL00841_G27	NONE	NO	NO_SPANNING_READS	0			NA	NA	UNCALLABLE
SAMN16801847	SRR13089482	HPL00849	PRIMARY_TECHNICAL	HPL00849_G27	NONE	NO	NO_SPANNING_READS	0			NA	NA	UNCALLABLE
SAMN16801847	SRR13089482	HPL00884	PRIMARY_TECHNICAL	HPL00884_G27	NONE	YES	.	31	8	1.0000	HIGH	NONE	ALLELE_STATE
SAMN16801847	SRR13089482	HPL00934	PRIMARY_TECHNICAL	HPL00934_G27	NONE	NO	NO_SPANNING_READS	0			NA	NA	UNCALLABLE
SAMN16801847	SRR13089482	HPL00977	PRIMARY_TECHNICAL	HPL00977_P12	NONE	NO	NO_SPANNING_READS	0			NA	NA	UNCALLABLE
SAMN16801847	SRR13089482	HPL01050	PRIMARY_TECHNICAL	HPL01050_B8	NONE	YES	.	30	8	1.0000	HIGH	NONE	ALLELE_STATE
SAMN16801847	SRR13089482	HPL01053	PRIMARY_TECHNICAL	HPL01053_P12	NONE	NO	NO_SPANNING_READS	0			NA	NA	UNCALLABLE
SAMN16801847	SRR13089482	HPL01081	PRIMARY_TECHNICAL	HPL01081_B8	NONE	NO	NO_SPANNING_READS	0			NA	NA	UNCALLABLE
SAMN16801847	SRR13089482	HPL01098	PROVISIONAL_TECHNICAL	HPL01098_B8	NONE	YES	.	34	12	1.0000	HIGH	NONE	ALLELE_STATE
SAMN16801847	SRR13089482	HPL01110	PRIMARY_TECHNICAL	HPL01110_India7	NONE	YES	.	35	8	0.9714	HIGH	NONE	ALLELE_STATE
SAMN16801847	SRR13089482	HPL01140	PRIMARY_TECHNICAL	HPL01140_B8	NONE	YES	.	26	8	1.0000	HIGH	NONE	ALLELE_STATE
SAMN16801848	SRR13089481	HPL00001	PRIMARY_TECHNICAL	HPL00001_26695	NONE	YES	.	29	8	1.0000	HIGH	NONE	ALLELE_STATE
SAMN16801848	SRR13089481	HPL00002	PRIMARY_TECHNICAL	HPL00002_26695	NONE	YES	.	35	8	1.0000	HIGH	NONE	ALLELE_STATE
SAMN16801848	SRR13089481	HPL00007	PRIMARY_TECHNICAL	HPL00007_26695	NONE	YES	.	47	8	1.0000	HIGH	NONE	ALLELE_STATE
SAMN16801848	SRR13089481	HPL00008	PRIMARY_TECHNICAL	HPL00008_26695	NONE	YES	.	36	8	1.0000	HIGH	NONE	ALLELE_STATE
SAMN16801848	SRR13089481	HPL00010	PRIMARY_TECHNICAL	HPL00010_Shi470	NONE	NO	NO_DOMINANT_ALLELE(0.38)	26			NA	NA	UNCALLABLE
SAMN16801848	SRR13089481	HPL00013	PRIMARY_TECHNICAL	HPL00013_Shi470	NONE	YES	.	29	8	1.0000	HIGH	NONE	ALLELE_STATE
SAMN16801848	SRR13089481	HPL00014	PRIMARY_TECHNICAL	HPL00014_J99	NONE	YES	.	33	8	1.0000	HIGH	NONE	ALLELE_STATE
SAMN16801848	SRR13089481	HPL00018	PROVISIONAL_TECHNICAL	HPL00018_26695	NONE	NO	NO_SPANNING_READS	0			NA	NA	UNCALLABLE
SAMN16801848	SRR13089481	HPL00019	PRIMARY_TECHNICAL	HPL00019_26695	NONE	NO	NO_SPANNING_READS	0			NA	NA	UNCALLABLE
SAMN16801848	SRR13089481	HPL00022	PROVISIONAL_TECHNICAL	HPL00022_P12	NONE	YES	.	39	14	1.0000	HIGH	NONE	ALLELE_STATE
SAMN16801848	SRR13089481	HPL00024	PRIMARY_TECHNICAL	HPL00024_26695	NONE	YES	.	48	8	1.0000	HIGH	NONE	ALLELE_STATE
SAMN16801848	SRR13089481	HPL00025	PRIMARY_TECHNICAL	HPL00025_26695	NONE	YES	.	37	8	1.0000	HIGH	NONE	ALLELE_STATE
SAMN16801848	SRR13089481	HPL00030	PROVISIONAL_TECHNICAL	HPL00030_26695	NONE	YES	.	27	12	1.0000	HIGH	NONE	ALLELE_STATE
SAMN16801848	SRR13089481	HPL00031	PROVISIONAL_TECHNICAL	HPL00031_India7	NONE	YES	.	42	12	1.0000	HIGH	NONE	ALLELE_STATE
SAMN16801848	SRR13089481	HPL00033	PROVISIONAL_TECHNICAL	HPL00033_P12	NONE	YES	.	20	11	1.0000	HIGH	NONE	ALLELE_STATE
SAMN16801848	SRR13089481	HPL00037	PRIMARY_TECHNICAL	HPL00037_26695	NONE	YES	.	48	8	1.0000	HIGH	NONE	ALLELE_STATE
SAMN16801848	SRR13089481	HPL00038	PRIMARY_TECHNICAL	HPL00038_26695	NONE	YES	.	30	8	1.0000	HIGH	NONE	ALLELE_STATE
SAMN16801848	SRR13089481	HPL00040	PRIMARY_TECHNICAL	HPL00040_J99	NONE	YES	.	37	8	1.0000	HIGH	NONE	ALLELE_STATE
SAMN16801848	SRR13089481	HPL00042	PRIMARY_TECHNICAL	HPL00042_Shi470	NONE	YES	.	24	8	1.0000	HIGH	NONE	ALLELE_STATE
SAMN16801848	SRR13089481	HPL00043	PRIMARY_TECHNICAL	HPL00043_26695	NONE	YES	.	23	8	0.9565	HIGH	NONE	ALLELE_STATE
SAMN16801848	SRR13089481	HPL00044	PRIMARY_TECHNICAL	HPL00044_26695	NONE	YES	.	38	8	1.0000	HIGH	NONE	ALLELE_STATE
SAMN16801848	SRR13089481	HPL00045	PROVISIONAL_TECHNICAL	HPL00045_26695	NONE	NO	NO_SPANNING_READS	0			NA	NA	UNCALLABLE
SAMN16801848	SRR13089481	HPL00046	PROVISIONAL_TECHNICAL	HPL00046_26695	NONE	NO	NO_SPANNING_READS	0			NA	NA	UNCALLABLE
SAMN16801848	SRR13089481	HPL00047	PRIMARY_TECHNICAL	HPL00047_Shi470	NONE	YES	.	37	8	1.0000	HIGH	NONE	ALLELE_STATE
SAMN16801848	SRR13089481	HPL00049	PRIMARY_TECHNICAL	HPL00049_Shi470	NONE	YES	.	30	8	1.0000	HIGH	NONE	ALLELE_STATE
SAMN16801848	SRR13089481	HPL00050	PRIMARY_TECHNICAL	HPL00050_26695	NONE	YES	.	46	8	1.0000	HIGH	NONE	ALLELE_STATE
SAMN16801848	SRR13089481	HPL00051	PRIMARY_TECHNICAL	HPL00051_G27	NONE	YES	.	42	8	1.0000	HIGH	NONE	ALLELE_STATE
SAMN16801848	SRR13089481	HPL00053	PRIMARY_TECHNICAL	HPL00053_26695	NONE	YES	.	31	8	1.0000	HIGH	NONE	ALLELE_STATE
SAMN16801848	SRR13089481	HPL00055	PRIMARY_TECHNICAL	HPL00055_Shi470	NONE	YES	.	40	8	1.0000	HIGH	NONE	ALLELE_STATE
SAMN16801848	SRR13089481	HPL00060	PROVISIONAL_TECHNICAL	HPL00060_26695	NONE	NO	NO_SPANNING_READS	0			NA	NA	UNCALLABLE
SAMN16801848	SRR13089481	HPL00061	PROVISIONAL_TECHNICAL	HPL00061_26695	NONE	YES	.	32	9	0.9062	HIGH	NONE	ON
SAMN16801848	SRR13089481	HPL00063	PROVISIONAL_TECHNICAL	HPL00063_26695	NONE	YES	.	36	12	1.0000	HIGH	NONE	ALLELE_STATE
SAMN16801848	SRR13089481	HPL00064	PRIMARY_TECHNICAL	HPL00064_HPAG1	NONE	YES	.	29	8	1.0000	HIGH	NONE	ALLELE_STATE
SAMN16801848	SRR13089481	HPL00065	PROVISIONAL_TECHNICAL	HPL00065_26695	NONE	YES	.	35	12	1.0000	HIGH	NONE	ALLELE_STATE
SAMN16801848	SRR13089481	HPL00068	PRIMARY_TECHNICAL	HPL00068_Shi470	NONE	YES	.	40	8	1.0000	HIGH	NONE	ALLELE_STATE
SAMN16801848	SRR13089481	HPL00070	PROVISIONAL_TECHNICAL	HPL00070_26695	NONE	YES	.	25	12	1.0000	HIGH	NONE	ALLELE_STATE
SAMN16801848	SRR13089481	HPL00071	PRIMARY_TECHNICAL	HPL00071_26695	NONE	YES	.	13	8	1.0000	MEDIUM	NONE	ALLELE_STATE
SAMN16801848	SRR13089481	HPL00072	PRIMARY_TECHNICAL	HPL00072_HPAG1	NONE	YES	.	42	8	1.0000	HIGH	NONE	ALLELE_STATE
SAMN16801848	SRR13089481	HPL00073	PRIMARY_TECHNICAL	HPL00073_J99	NONE	YES	.	36	8	1.0000	HIGH	NONE	ALLELE_STATE
SAMN16801848	SRR13089481	HPL00074	PRIMARY_TECHNICAL	HPL00074_26695	NONE	YES	.	23	8	1.0000	HIGH	NONE	ALLELE_STATE
SAMN16801848	SRR13089481	HPL00075	PRIMARY_TECHNICAL	HPL00075_J99	NONE	YES	.	34	8	1.0000	HIGH	NONE	ALLELE_STATE
SAMN16801848	SRR13089481	HPL00076	PRIMARY_TECHNICAL	HPL00076_J99	NONE	YES	.	32	8	1.0000	HIGH	NONE	ALLELE_STATE
SAMN16801848	SRR13089481	HPL00077	PRIMARY_TECHNICAL	HPL00077_B8	NONE	YES	.	45	8	1.0000	HIGH	NONE	ALLELE_STATE
SAMN16801848	SRR13089481	HPL00079	PRIMARY_TECHNICAL	HPL00079_HPAG1	NONE	YES	.	33	8	1.0000	HIGH	NONE	ALLELE_STATE
SAMN16801848	SRR13089481	HPL00080	PRIMARY_TECHNICAL	HPL00080_26695	NONE	YES	.	31	8	1.0000	HIGH	NONE	ALLELE_STATE
SAMN16801848	SRR13089481	HPL00083	PROVISIONAL_TECHNICAL	HPL00083_26695	NONE	YES	.	32	13	1.0000	HIGH	NONE	ALLELE_STATE
SAMN16801848	SRR13089481	HPL00084	PRIMARY_TECHNICAL	HPL00084_P12	NONE	YES	.	37	8	1.0000	HIGH	NONE	ALLELE_STATE
SAMN16801848	SRR13089481	HPL00085	PRIMARY_TECHNICAL	HPL00085_26695	NONE	YES	.	27	8	1.0000	HIGH	NONE	ALLELE_STATE
SAMN16801848	SRR13089481	HPL00087	PRIMARY_TECHNICAL	HPL00087_Shi470	NONE	YES	.	28	9	0.9643	HIGH	NONE	AMBIGUOUS
SAMN16801848	SRR13089481	HPL00089	PRIMARY_TECHNICAL	HPL00089_Shi470	NONE	YES	.	37	8	1.0000	HIGH	NONE	ALLELE_STATE
SAMN16801848	SRR13089481	HPL00090	PRIMARY_TECHNICAL	HPL00090_26695	NONE	YES	.	21	8	1.0000	HIGH	NONE	ALLELE_STATE
SAMN16801848	SRR13089481	HPL00099	PRIMARY_TECHNICAL	HPL00099_26695	NONE	YES	.	38	8	1.0000	HIGH	NONE	ALLELE_STATE
SAMN16801848	SRR13089481	HPL00103	PRIMARY_TECHNICAL	HPL00103_G27	NONE	YES	.	20	16	0.6000	HIGH	MIXTURE_CANDIDATE	ALLELE_STATE
SAMN16801848	SRR13089481	HPL00104	PRIMARY_TECHNICAL	HPL00104_26695	NONE	NO	NO_SPANNING_READS	0			NA	NA	UNCALLABLE
SAMN16801848	SRR13089481	HPL00105	PRIMARY_TECHNICAL	HPL00105_J99	NONE	YES	.	24	8	1.0000	HIGH	NONE	ALLELE_STATE
SAMN16801848	SRR13089481	HPL00106	PRIMARY_TECHNICAL	HPL00106_G27	NONE	YES	.	33	8	1.0000	HIGH	NONE	ALLELE_STATE
SAMN16801848	SRR13089481	HPL00107	PRIMARY_TECHNICAL	HPL00107_26695	NONE	YES	.	36	8	1.0000	HIGH	NONE	ALLELE_STATE
SAMN16801848	SRR13089481	HPL00108	PRIMARY_TECHNICAL	HPL00108_B8	NONE	YES	.	42	8	1.0000	HIGH	NONE	ALLELE_STATE
SAMN16801848	SRR13089481	HPL00109	PRIMARY_TECHNICAL	HPL00109_Shi470	NONE	YES	.	36	8	1.0000	HIGH	NONE	ALLELE_STATE
SAMN16801848	SRR13089481	HPL00111	PRIMARY_TECHNICAL	HPL00111_26695	NONE	YES	.	48	8	1.0000	HIGH	NONE	ALLELE_STATE
SAMN16801848	SRR13089481	HPL00112	PRIMARY_TECHNICAL	HPL00112_G27	NONE	YES	.	40	9	1.0000	HIGH	NONE	ALLELE_STATE
SAMN16801848	SRR13089481	HPL00113	PRIMARY_TECHNICAL	HPL00113_26695	NONE	YES	.	38	8	1.0000	HIGH	NONE	ALLELE_STATE
SAMN16801848	SRR13089481	HPL00116	PRIMARY_TECHNICAL	HPL00116_26695	NONE	YES	.	23	8	1.0000	HIGH	NONE	ALLELE_STATE
SAMN16801848	SRR13089481	HPL00117	PRIMARY_TECHNICAL	HPL00117_HPAG1	NONE	YES	.	41	9	0.9756	HIGH	NONE	AMBIGUOUS
SAMN16801848	SRR13089481	HPL00119	PRIMARY_TECHNICAL	HPL00119_Shi470	NONE	YES	.	32	8	1.0000	HIGH	NONE	ALLELE_STATE
SAMN16801848	SRR13089481	HPL00120	PRIMARY_TECHNICAL	HPL00120_Shi470	NONE	YES	.	44	8	1.0000	HIGH	NONE	ALLELE_STATE
SAMN16801848	SRR13089481	HPL00121	PRIMARY_TECHNICAL	HPL00121_P12	NONE	YES	.	22	7	1.0000	HIGH	NONE	ALLELE_STATE
SAMN16801848	SRR13089481	HPL00123	PRIMARY_TECHNICAL	HPL00123_26695	NONE	YES	.	39	8	1.0000	HIGH	NONE	ALLELE_STATE
SAMN16801848	SRR13089481	HPL00125	PRIMARY_TECHNICAL	HPL00125_26695	NONE	YES	.	37	8	1.0000	HIGH	NONE	ALLELE_STATE
SAMN16801848	SRR13089481	HPL00126	PRIMARY_TECHNICAL	HPL00126_HPAG1	NONE	YES	.	38	8	1.0000	HIGH	NONE	ALLELE_STATE
SAMN16801848	SRR13089481	HPL00127	PRIMARY_TECHNICAL	HPL00127_26695	NONE	YES	.	30	9	0.9667	HIGH	NONE	ALLELE_STATE
SAMN16801848	SRR13089481	HPL00134	PRIMARY_TECHNICAL	HPL00134_26695	NONE	NO	NO_SPANNING_READS	0			NA	NA	UNCALLABLE
SAMN16801848	SRR13089481	HPL00138	PRIMARY_TECHNICAL	HPL00138_B8	NONE	YES	.	28	8	1.0000	HIGH	NONE	ALLELE_STATE
SAMN16801848	SRR13089481	HPL00139	PRIMARY_TECHNICAL	HPL00139_26695	NONE	YES	.	32	8	1.0000	HIGH	NONE	ALLELE_STATE
SAMN16801848	SRR13089481	HPL00141	PRIMARY_TECHNICAL	HPL00141_Shi470	NONE	YES	.	25	7	1.0000	HIGH	NONE	ALLELE_STATE
SAMN16801848	SRR13089481	HPL00143	PRIMARY_TECHNICAL	HPL00143_26695	NONE	YES	.	34	8	1.0000	HIGH	NONE	ALLELE_STATE
SAMN16801848	SRR13089481	HPL00145	PRIMARY_TECHNICAL	HPL00145_26695	NONE	YES	.	50	8	0.9800	HIGH	NONE	ALLELE_STATE
SAMN16801848	SRR13089481	HPL00150	PRIMARY_TECHNICAL	HPL00150_P12	NONE	YES	.	26	9	1.0000	HIGH	NONE	ALLELE_STATE
SAMN16801848	SRR13089481	HPL00151	PROVISIONAL_TECHNICAL	HPL00151_26695	NONE	NO	NO_SPANNING_READS	0			NA	NA	UNCALLABLE
SAMN16801848	SRR13089481	HPL00154	PRIMARY_TECHNICAL	HPL00154_HPAG1	NONE	YES	.	39	8	1.0000	HIGH	NONE	ALLELE_STATE
SAMN16801848	SRR13089481	HPL00155	PRIMARY_TECHNICAL	HPL00155_HPAG1	NONE	YES	.	22	9	0.9545	HIGH	NONE	ALLELE_STATE
SAMN16801848	SRR13089481	HPL00156	PRIMARY_TECHNICAL	HPL00156_J99	NONE	YES	.	53	8	1.0000	HIGH	NONE	ALLELE_STATE
SAMN16801848	SRR13089481	HPL00157	PRIMARY_TECHNICAL	HPL00157_G27	NONE	YES	.	47	8	1.0000	HIGH	NONE	ALLELE_STATE
SAMN16801848	SRR13089481	HPL00158	PRIMARY_TECHNICAL	HPL00158_26695	NONE	NO	NO_SPANNING_READS	0			NA	NA	UNCALLABLE
SAMN16801848	SRR13089481	HPL00162	PRIMARY_TECHNICAL	HPL00162_26695	NONE	YES	.	41	8	1.0000	HIGH	NONE	ALLELE_STATE
SAMN16801848	SRR13089481	HPL00163	PRIMARY_TECHNICAL	HPL00163_Shi470	NONE	YES	.	53	8	1.0000	HIGH	NONE	ALLELE_STATE
SAMN16801848	SRR13089481	HPL00165	PRIMARY_TECHNICAL	HPL00165_HPAG1	NONE	YES	.	39	8	1.0000	HIGH	NONE	ALLELE_STATE
SAMN16801848	SRR13089481	HPL00166	PRIMARY_TECHNICAL	HPL00166_P12	NONE	YES	.	28	8	1.0000	HIGH	NONE	ALLELE_STATE
SAMN16801848	SRR13089481	HPL00169	PRIMARY_TECHNICAL	HPL00169_J99	NONE	YES	.	35	8	1.0000	HIGH	NONE	ALLELE_STATE
SAMN16801848	SRR13089481	HPL00170	PRIMARY_TECHNICAL	HPL00170_26695	NONE	NO	NOT_CALLER_ELIGIBLE:NO:not_uniquely_anchorable				NA	NA	NOT_APPLICABLE
SAMN16801848	SRR13089481	HPL00172	PRIMARY_TECHNICAL	HPL00172_Shi470	NONE	YES	.	45	8	0.9556	HIGH	NONE	ALLELE_STATE
SAMN16801848	SRR13089481	HPL00174	PRIMARY_TECHNICAL	HPL00174_26695	NONE	YES	.	33	8	1.0000	HIGH	NONE	ALLELE_STATE
SAMN16801848	SRR13089481	HPL00177	PRIMARY_TECHNICAL	HPL00177_G27	NONE	YES	.	31	10	0.9355	HIGH	NONE	AMBIGUOUS
SAMN16801848	SRR13089481	HPL00178	PRIMARY_TECHNICAL	HPL00178_P12	NONE	YES	.	24	8	1.0000	HIGH	NONE	ALLELE_STATE
SAMN16801848	SRR13089481	HPL00181	PRIMARY_TECHNICAL	HPL00181_G27	NONE	YES	.	27	8	1.0000	HIGH	NONE	ALLELE_STATE
SAMN16801848	SRR13089481	HPL00183	PRIMARY_TECHNICAL	HPL00183_HPAG1	NONE	YES	.	25	8	1.0000	HIGH	NONE	ALLELE_STATE
SAMN16801848	SRR13089481	HPL00187	PRIMARY_TECHNICAL	HPL00187_26695	NONE	YES	.	39	9	1.0000	HIGH	NONE	ALLELE_STATE
SAMN16801848	SRR13089481	HPL00189	PRIMARY_TECHNICAL	HPL00189_26695	NONE	YES	.	45	8	1.0000	HIGH	NONE	ALLELE_STATE
SAMN16801848	SRR13089481	HPL00191	PRIMARY_TECHNICAL	HPL00191_Shi470	NONE	YES	.	49	8	1.0000	HIGH	NONE	ALLELE_STATE
SAMN16801848	SRR13089481	HPL00193	PRIMARY_TECHNICAL	HPL00193_26695	NONE	NO	NO_SPANNING_READS	0			NA	NA	UNCALLABLE
SAMN16801848	SRR13089481	HPL00194	PRIMARY_TECHNICAL	HPL00194_26695	NONE	NO	NO_SPANNING_READS	0			NA	NA	UNCALLABLE
SAMN16801848	SRR13089481	HPL00197	PROVISIONAL_TECHNICAL	HPL00197_B8	NONE	YES	.	29	8	0.9655	HIGH	NONE	ALLELE_STATE
SAMN16801848	SRR13089481	HPL00198	PRIMARY_TECHNICAL	HPL00198_B8	NONE	YES	.	46	8	0.9783	HIGH	NONE	ALLELE_STATE
SAMN16801848	SRR13089481	HPL00199	PRIMARY_TECHNICAL	HPL00199_26695	NONE	YES	.	32	8	1.0000	HIGH	NONE	ALLELE_STATE
SAMN16801848	SRR13089481	HPL00202	PRIMARY_TECHNICAL	HPL00202_India7	NONE	YES	.	17	9	1.0000	MEDIUM	NONE	AMBIGUOUS
SAMN16801848	SRR13089481	HPL00204	PRIMARY_TECHNICAL	HPL00204_26695	NONE	YES	.	46	8	1.0000	HIGH	NONE	ALLELE_STATE
SAMN16801848	SRR13089481	HPL00206	PRIMARY_TECHNICAL	HPL00206_Shi470	NONE	YES	.	33	8	1.0000	HIGH	NONE	ALLELE_STATE
SAMN16801848	SRR13089481	HPL00209	PRIMARY_TECHNICAL	HPL00209_26695	NONE	YES	.	32	8	1.0000	HIGH	NONE	ALLELE_STATE
SAMN16801848	SRR13089481	HPL00210	PRIMARY_TECHNICAL	HPL00210_26695	NONE	YES	.	50	8	0.9600	HIGH	NONE	ALLELE_STATE
SAMN16801848	SRR13089481	HPL00214	PRIMARY_TECHNICAL	HPL00214_26695	NONE	YES	.	20	8	1.0000	HIGH	NONE	ALLELE_STATE
SAMN16801848	SRR13089481	HPL00222	PRIMARY_TECHNICAL	HPL00222_26695	NONE	NO	NO_SPANNING_READS	0			NA	NA	UNCALLABLE
SAMN16801848	SRR13089481	HPL00223	PRIMARY_TECHNICAL	HPL00223_Shi470	NONE	YES	.	15	8	1.0000	MEDIUM	NONE	ALLELE_STATE
SAMN16801848	SRR13089481	HPL00224	PRIMARY_TECHNICAL	HPL00224_Shi470	NONE	YES	.	29	8	1.0000	HIGH	NONE	ALLELE_STATE
SAMN16801848	SRR13089481	HPL00225	PRIMARY_TECHNICAL	HPL00225_26695	NONE	NO	NO_SPANNING_READS	0			NA	NA	UNCALLABLE
SAMN16801848	SRR13089481	HPL00229	PRIMARY_TECHNICAL	HPL00229_Shi470	NONE	YES	.	21	8	1.0000	HIGH	NONE	ALLELE_STATE
SAMN16801848	SRR13089481	HPL00230	PROVISIONAL_TECHNICAL	HPL00230_26695	NONE	YES	.	36	12	1.0000	HIGH	NONE	ALLELE_STATE
SAMN16801848	SRR13089481	HPL00231	PRIMARY_TECHNICAL	HPL00231_Shi470	NONE	YES	.	32	8	1.0000	HIGH	NONE	ALLELE_STATE
SAMN16801848	SRR13089481	HPL00232	PRIMARY_TECHNICAL	HPL00232_P12	NONE	YES	.	27	8	1.0000	HIGH	NONE	ALLELE_STATE
SAMN16801848	SRR13089481	HPL00234	PRIMARY_TECHNICAL	HPL00234_26695	NONE	YES	.	28	8	1.0000	HIGH	NONE	ALLELE_STATE
SAMN16801848	SRR13089481	HPL00239	PRIMARY_TECHNICAL	HPL00239_26695	NONE	YES	.	31	8	1.0000	HIGH	NONE	ALLELE_STATE
SAMN16801848	SRR13089481	HPL00241	PRIMARY_TECHNICAL	HPL00241_26695	NONE	YES	.	40	8	1.0000	HIGH	NONE	ALLELE_STATE
SAMN16801848	SRR13089481	HPL00242	PRIMARY_TECHNICAL	HPL00242_P12	NONE	YES	.	39	8	0.9744	HIGH	NONE	ALLELE_STATE
SAMN16801848	SRR13089481	HPL00243	PRIMARY_TECHNICAL	HPL00243_HPAG1	NONE	YES	.	39	8	1.0000	HIGH	NONE	ALLELE_STATE
SAMN16801848	SRR13089481	HPL00244	PRIMARY_TECHNICAL	HPL00244_26695	NONE	YES	.	47	8	1.0000	HIGH	NONE	ALLELE_STATE
SAMN16801848	SRR13089481	HPL00245	PRIMARY_TECHNICAL	HPL00245_P12	NONE	YES	.	27	8	1.0000	HIGH	NONE	ALLELE_STATE
SAMN16801848	SRR13089481	HPL00246	PRIMARY_TECHNICAL	HPL00246_26695	NONE	NO	NO_SPANNING_READS	0			NA	NA	UNCALLABLE
SAMN16801848	SRR13089481	HPL00247	PRIMARY_TECHNICAL	HPL00247_26695	NONE	YES	.	37	8	1.0000	HIGH	NONE	ALLELE_STATE
SAMN16801848	SRR13089481	HPL00251	PRIMARY_TECHNICAL	HPL00251_HPAG1	NONE	YES	.	32	8	1.0000	HIGH	NONE	ALLELE_STATE
SAMN16801848	SRR13089481	HPL00259	PRIMARY_TECHNICAL	HPL00259_Shi470	NONE	YES	.	43	8	1.0000	HIGH	NONE	ALLELE_STATE
SAMN16801848	SRR13089481	HPL00261	PRIMARY_TECHNICAL	HPL00261_G27	NONE	YES	.	25	8	1.0000	HIGH	NONE	ALLELE_STATE
SAMN16801848	SRR13089481	HPL00262	PRIMARY_TECHNICAL	HPL00262_26695	NONE	YES	.	21	8	1.0000	HIGH	NONE	ALLELE_STATE
SAMN16801848	SRR13089481	HPL00264	PRIMARY_TECHNICAL	HPL00264_26695	NONE	YES	.	29	8	1.0000	HIGH	NONE	ALLELE_STATE
SAMN16801848	SRR13089481	HPL00267	PRIMARY_TECHNICAL	HPL00267_26695	NONE	YES	.	24	8	1.0000	HIGH	NONE	ALLELE_STATE
SAMN16801848	SRR13089481	HPL00270	PRIMARY_TECHNICAL	HPL00270_G27	NONE	YES	.	16	8	1.0000	MEDIUM	NONE	ALLELE_STATE
SAMN16801848	SRR13089481	HPL00273	PRIMARY_TECHNICAL	HPL00273_G27	NONE	YES	.	34	8	1.0000	HIGH	NONE	ALLELE_STATE
SAMN16801848	SRR13089481	HPL00274	PRIMARY_TECHNICAL	HPL00274_India7	NONE	YES	.	26	8	1.0000	HIGH	NONE	ALLELE_STATE
SAMN16801848	SRR13089481	HPL00275	PRIMARY_TECHNICAL	HPL00275_J99	NONE	YES	.	43	8	1.0000	HIGH	NONE	ALLELE_STATE
SAMN16801848	SRR13089481	HPL00276	PRIMARY_TECHNICAL	HPL00276_26695	NONE	YES	.	45	8	1.0000	HIGH	NONE	ALLELE_STATE
SAMN16801848	SRR13089481	HPL00277	PRIMARY_TECHNICAL	HPL00277_26695	NONE	YES	.	45	8	0.9778	HIGH	NONE	ALLELE_STATE
SAMN16801848	SRR13089481	HPL00288	PRIMARY_TECHNICAL	HPL00288_P12	NONE	YES	.	27	8	1.0000	HIGH	NONE	ALLELE_STATE
SAMN16801848	SRR13089481	HPL00289	PRIMARY_TECHNICAL	HPL00289_P12	NONE	YES	.	16	9	1.0000	MEDIUM	NONE	ALLELE_STATE
SAMN16801848	SRR13089481	HPL00290	PRIMARY_TECHNICAL	HPL00290_Shi470	NONE	YES	.	23	8	1.0000	HIGH	NONE	ALLELE_STATE
SAMN16801848	SRR13089481	HPL00291	PROVISIONAL_TECHNICAL	HPL00291_26695	NONE	YES	.	41	8	1.0000	HIGH	NONE	ALLELE_STATE
SAMN16801848	SRR13089481	HPL00292	PRIMARY_TECHNICAL	HPL00292_26695	NONE	YES	.	36	8	1.0000	HIGH	NONE	ALLELE_STATE
SAMN16801848	SRR13089481	HPL00293	PRIMARY_TECHNICAL	HPL00293_G27	NONE	YES	.	27	8	1.0000	HIGH	NONE	ALLELE_STATE
SAMN16801848	SRR13089481	HPL00297	PRIMARY_TECHNICAL	HPL00297_Shi470	NONE	YES	.	37	8	1.0000	HIGH	NONE	ALLELE_STATE
SAMN16801848	SRR13089481	HPL00299	PROVISIONAL_TECHNICAL	HPL00299_J99	NONE	YES	.	33	12	1.0000	HIGH	NONE	ALLELE_STATE
SAMN16801848	SRR13089481	HPL00301	PRIMARY_TECHNICAL	HPL00301_Shi470	NONE	YES	.	34	8	1.0000	HIGH	NONE	ALLELE_STATE
SAMN16801848	SRR13089481	HPL00303	PRIMARY_TECHNICAL	HPL00303_26695	NONE	YES	.	44	8	1.0000	HIGH	NONE	ALLELE_STATE
SAMN16801848	SRR13089481	HPL00304	PRIMARY_TECHNICAL	HPL00304_26695	NONE	YES	.	18	8	1.0000	MEDIUM	NONE	ALLELE_STATE
SAMN16801848	SRR13089481	HPL00305	PRIMARY_TECHNICAL	HPL00305_26695	NONE	YES	.	26	8	1.0000	HIGH	NONE	ALLELE_STATE
SAMN16801848	SRR13089481	HPL00306	PRIMARY_TECHNICAL	HPL00306_26695	NONE	YES	.	41	8	1.0000	HIGH	NONE	ALLELE_STATE
SAMN16801848	SRR13089481	HPL00311	PRIMARY_TECHNICAL	HPL00311_J99	NONE	YES	.	32	8	1.0000	HIGH	NONE	ALLELE_STATE
SAMN16801848	SRR13089481	HPL00312	PROVISIONAL_TECHNICAL	HPL00312_P12	NONE	YES	.	38	13	1.0000	HIGH	NONE	ALLELE_STATE
SAMN16801848	SRR13089481	HPL00313	PRIMARY_TECHNICAL	HPL00313_26695	NONE	YES	.	35	8	1.0000	HIGH	NONE	ALLELE_STATE
SAMN16801848	SRR13089481	HPL00314	PRIMARY_TECHNICAL	HPL00314_26695	NONE	YES	.	41	8	1.0000	HIGH	NONE	ALLELE_STATE
SAMN16801848	SRR13089481	HPL00316	PRIMARY_TECHNICAL	HPL00316_26695	NONE	NO	NO_SPANNING_READS	0			NA	NA	UNCALLABLE
SAMN16801848	SRR13089481	HPL00318	PRIMARY_TECHNICAL	HPL00318_P12	NONE	YES	.	38	8	1.0000	HIGH	NONE	ALLELE_STATE
SAMN16801848	SRR13089481	HPL00319	PRIMARY_TECHNICAL	HPL00319_26695	NONE	YES	.	38	9	1.0000	HIGH	NONE	ON
SAMN16801848	SRR13089481	HPL00321	PRIMARY_TECHNICAL	HPL00321_26695	NONE	NO	NO_SPANNING_READS	0			NA	NA	UNCALLABLE
SAMN16801848	SRR13089481	HPL00322	PRIMARY_TECHNICAL	HPL00322_G27	NONE	YES	.	46	8	0.9783	HIGH	NONE	ALLELE_STATE
SAMN16801848	SRR13089481	HPL00325	PRIMARY_TECHNICAL	HPL00325_26695	NONE	YES	.	8	8	1.0000	LOW	NONE	ALLELE_STATE
SAMN16801848	SRR13089481	HPL00329	PRIMARY_TECHNICAL	HPL00329_26695	NONE	NO	NO_SPANNING_READS	0			NA	NA	UNCALLABLE
SAMN16801848	SRR13089481	HPL00330	PROVISIONAL_TECHNICAL	HPL00330_26695	NONE	YES	.	43	8	1.0000	HIGH	NONE	ALLELE_STATE
SAMN16801848	SRR13089481	HPL00332	PRIMARY_TECHNICAL	HPL00332_26695	NONE	YES	.	34	8	1.0000	HIGH	NONE	ALLELE_STATE
SAMN16801848	SRR13089481	HPL00333	PRIMARY_TECHNICAL	HPL00333_26695	NONE	YES	.	16	8	1.0000	MEDIUM	NONE	ALLELE_STATE
SAMN16801848	SRR13089481	HPL00337	PRIMARY_TECHNICAL	HPL00337_26695	NONE	YES	.	42	8	1.0000	HIGH	NONE	ALLELE_STATE
SAMN16801848	SRR13089481	HPL00341	PRIMARY_TECHNICAL	HPL00341_26695	NONE	YES	.	30	8	1.0000	HIGH	NONE	ALLELE_STATE
SAMN16801848	SRR13089481	HPL00342	PRIMARY_TECHNICAL	HPL00342_G27	NONE	YES	.	37	8	1.0000	HIGH	NONE	ALLELE_STATE
SAMN16801848	SRR13089481	HPL00344	PRIMARY_TECHNICAL	HPL00344_26695	NONE	YES	.	36	8	1.0000	HIGH	NONE	ALLELE_STATE
SAMN16801848	SRR13089481	HPL00345	PRIMARY_TECHNICAL	HPL00345_Shi470	NONE	YES	.	63	8	1.0000	HIGH	NONE	ALLELE_STATE
SAMN16801848	SRR13089481	HPL00347	PRIMARY_TECHNICAL	HPL00347_B8	NONE	YES	.	42	8	1.0000	HIGH	NONE	ALLELE_STATE
SAMN16801848	SRR13089481	HPL00350	PRIMARY_TECHNICAL	HPL00350_Shi470	NONE	YES	.	34	9	1.0000	HIGH	NONE	ALLELE_STATE
SAMN16801848	SRR13089481	HPL00351	PRIMARY_TECHNICAL	HPL00351_J99	NONE	YES	.	35	8	1.0000	HIGH	NONE	ALLELE_STATE
SAMN16801848	SRR13089481	HPL00352	PRIMARY_TECHNICAL	HPL00352_26695	NONE	NO	NO_SPANNING_READS	0			NA	NA	UNCALLABLE
SAMN16801848	SRR13089481	HPL00353	PRIMARY_TECHNICAL	HPL00353_26695	NONE	YES	.	26	8	1.0000	HIGH	NONE	ALLELE_STATE
SAMN16801848	SRR13089481	HPL00354	PRIMARY_TECHNICAL	HPL00354_J99	NONE	YES	.	43	8	1.0000	HIGH	NONE	ALLELE_STATE
SAMN16801848	SRR13089481	HPL00357	PRIMARY_TECHNICAL	HPL00357_G27	NONE	YES	.	24	8	1.0000	HIGH	NONE	ALLELE_STATE
SAMN16801848	SRR13089481	HPL00360	PRIMARY_TECHNICAL	HPL00360_26695	NONE	YES	.	24	8	1.0000	HIGH	NONE	ALLELE_STATE
SAMN16801848	SRR13089481	HPL00361	PRIMARY_TECHNICAL	HPL00361_26695	NONE	YES	.	37	8	1.0000	HIGH	NONE	ALLELE_STATE
SAMN16801848	SRR13089481	HPL00364	PRIMARY_TECHNICAL	HPL00364_Shi470	NONE	YES	.	37	8	1.0000	HIGH	NONE	ALLELE_STATE
SAMN16801848	SRR13089481	HPL00365	PRIMARY_TECHNICAL	HPL00365_26695	NONE	YES	.	40	8	1.0000	HIGH	NONE	ALLELE_STATE
SAMN16801848	SRR13089481	HPL00369	PRIMARY_TECHNICAL	HPL00369_Shi470	NONE	YES	.	22	9	1.0000	HIGH	NONE	ALLELE_STATE
SAMN16801848	SRR13089481	HPL00370	PRIMARY_TECHNICAL	HPL00370_G27	NONE	YES	.	32	8	1.0000	HIGH	NONE	ALLELE_STATE
SAMN16801848	SRR13089481	HPL00376	PRIMARY_TECHNICAL	HPL00376_26695	NONE	YES	.	40	8	1.0000	HIGH	NONE	ALLELE_STATE
SAMN16801848	SRR13089481	HPL00377	PRIMARY_TECHNICAL	HPL00377_26695	NONE	YES	.	32	8	1.0000	HIGH	NONE	ALLELE_STATE
SAMN16801848	SRR13089481	HPL00378	PRIMARY_TECHNICAL	HPL00378_26695	NONE	YES	.	26	8	1.0000	HIGH	NONE	ALLELE_STATE
SAMN16801848	SRR13089481	HPL00379	PRIMARY_TECHNICAL	HPL00379_26695	NONE	YES	.	34	8	1.0000	HIGH	NONE	ALLELE_STATE
SAMN16801848	SRR13089481	HPL00380	PRIMARY_TECHNICAL	HPL00380_26695	NONE	YES	.	35	8	1.0000	HIGH	NONE	ALLELE_STATE
SAMN16801848	SRR13089481	HPL00381	PROVISIONAL_TECHNICAL	HPL00381_26695	NONE	NO	NO_SPANNING_READS	0			NA	NA	UNCALLABLE
SAMN16801848	SRR13089481	HPL00383	PRIMARY_TECHNICAL	HPL00383_26695	NONE	YES	.	27	8	1.0000	HIGH	NONE	ALLELE_STATE
SAMN16801848	SRR13089481	HPL00385	PROVISIONAL_TECHNICAL	HPL00385_Shi470	NONE	YES	.	21	10	1.0000	HIGH	NONE	ALLELE_STATE
SAMN16801848	SRR13089481	HPL00386	PRIMARY_TECHNICAL	HPL00386_26695	NONE	YES	.	54	8	1.0000	HIGH	NONE	ALLELE_STATE
SAMN16801848	SRR13089481	HPL00387	PROVISIONAL_TECHNICAL	HPL00387_26695	NONE	NO	NO_SPANNING_READS	0			NA	NA	UNCALLABLE
SAMN16801848	SRR13089481	HPL00390	PRIMARY_TECHNICAL	HPL00390_26695	NONE	YES	.	34	8	1.0000	HIGH	NONE	ALLELE_STATE
SAMN16801848	SRR13089481	HPL00392	PRIMARY_TECHNICAL	HPL00392_Shi470	NONE	YES	.	20	8	1.0000	HIGH	NONE	ALLELE_STATE
SAMN16801848	SRR13089481	HPL00393	PRIMARY_TECHNICAL	HPL00393_26695	NONE	NO	NO_SPANNING_READS	0			NA	NA	UNCALLABLE
SAMN16801848	SRR13089481	HPL00403	PRIMARY_TECHNICAL	HPL00403_G27	NONE	YES	.	26	8	1.0000	HIGH	NONE	ALLELE_STATE
SAMN16801848	SRR13089481	HPL00404	PRIMARY_TECHNICAL	HPL00404_Shi470	NONE	YES	.	39	8	1.0000	HIGH	NONE	ALLELE_STATE
SAMN16801848	SRR13089481	HPL00407	PRIMARY_TECHNICAL	HPL00407_26695	NONE	YES	.	37	8	1.0000	HIGH	NONE	ALLELE_STATE
SAMN16801848	SRR13089481	HPL00409	PRIMARY_TECHNICAL	HPL00409_Shi470	NONE	YES	.	19	8	1.0000	MEDIUM	NONE	ALLELE_STATE
SAMN16801848	SRR13089481	HPL00413	PRIMARY_TECHNICAL	HPL00413_26695	NONE	YES	.	30	8	1.0000	HIGH	NONE	ALLELE_STATE
SAMN16801848	SRR13089481	HPL00414	PRIMARY_TECHNICAL	HPL00414_Shi470	NONE	YES	.	13	8	1.0000	MEDIUM	NONE	ALLELE_STATE
SAMN16801848	SRR13089481	HPL00415	PRIMARY_TECHNICAL	HPL00415_26695	NONE	YES	.	31	8	1.0000	HIGH	NONE	ALLELE_STATE
SAMN16801848	SRR13089481	HPL00419	PRIMARY_TECHNICAL	HPL00419_26695	NONE	YES	.	26	8	1.0000	HIGH	NONE	ALLELE_STATE
SAMN16801848	SRR13089481	HPL00421	PRIMARY_TECHNICAL	HPL00421_26695	NONE	NO	NO_SPANNING_READS	0			NA	NA	UNCALLABLE
SAMN16801848	SRR13089481	HPL00423	PRIMARY_TECHNICAL	HPL00423_26695	NONE	YES	.	46	8	1.0000	HIGH	NONE	ALLELE_STATE
SAMN16801848	SRR13089481	HPL00424	PRIMARY_TECHNICAL	HPL00424_Shi470	NONE	YES	.	40	8	1.0000	HIGH	NONE	ALLELE_STATE
SAMN16801848	SRR13089481	HPL00426	PROVISIONAL_TECHNICAL	HPL00426_26695	MEMBER_ALLELE_CONFLICT:HPL00426_Shi470	NO	MEMBER_ALLELE_CONFLICT	27	9	0.9630	NA	NONE	UNCALLABLE
SAMN16801848	SRR13089481	HPL00429	PRIMARY_TECHNICAL	HPL00429_26695	NONE	YES	.	32	8	1.0000	HIGH	NONE	ALLELE_STATE
SAMN16801848	SRR13089481	HPL00430	PRIMARY_TECHNICAL	HPL00430_26695	NONE	NO	NO_SPANNING_READS	0			NA	NA	UNCALLABLE
SAMN16801848	SRR13089481	HPL00435	PRIMARY_TECHNICAL	HPL00435_Shi470	NONE	YES	.	26	9	1.0000	HIGH	NONE	ALLELE_STATE
SAMN16801848	SRR13089481	HPL00436	PRIMARY_TECHNICAL	HPL00436_Shi470	NONE	YES	.	36	8	1.0000	HIGH	NONE	ALLELE_STATE
SAMN16801848	SRR13089481	HPL00439	PROVISIONAL_TECHNICAL	HPL00439_26695	NONE	YES	.	38	12	1.0000	HIGH	NONE	ALLELE_STATE
SAMN16801848	SRR13089481	HPL00442	PRIMARY_TECHNICAL	HPL00442_Shi470	NONE	YES	.	43	8	1.0000	HIGH	NONE	ALLELE_STATE
SAMN16801848	SRR13089481	HPL00443	PRIMARY_TECHNICAL	HPL00443_B8	NONE	YES	.	44	9	0.9773	HIGH	NONE	ALLELE_STATE
SAMN16801848	SRR13089481	HPL00447	PRIMARY_TECHNICAL	HPL00447_India7	NONE	YES	.	15	8	1.0000	MEDIUM	NONE	ALLELE_STATE
SAMN16801848	SRR13089481	HPL00450	PRIMARY_TECHNICAL	HPL00450_G27	NONE	YES	.	36	8	1.0000	HIGH	NONE	ALLELE_STATE
SAMN16801848	SRR13089481	HPL00453	PROVISIONAL_TECHNICAL	HPL00453_HPAG1	NONE	YES	.	33	11	1.0000	HIGH	NONE	AMBIGUOUS
SAMN16801848	SRR13089481	HPL00454	PROVISIONAL_TECHNICAL	HPL00454_P12	NONE	YES	.	25	12	1.0000	HIGH	NONE	ALLELE_STATE
SAMN16801848	SRR13089481	HPL00460	PRIMARY_TECHNICAL	HPL00460_26695	NONE	YES	.	31	8	1.0000	HIGH	NONE	ALLELE_STATE
SAMN16801848	SRR13089481	HPL00465	PRIMARY_TECHNICAL	HPL00465_G27	NONE	YES	.	38	8	1.0000	HIGH	NONE	ALLELE_STATE
SAMN16801848	SRR13089481	HPL00466	PRIMARY_TECHNICAL	HPL00466_26695	NONE	YES	.	30	9	1.0000	HIGH	NONE	ALLELE_STATE
SAMN16801848	SRR13089481	HPL00469	PRIMARY_TECHNICAL	HPL00469_G27	NONE	YES	.	28	8	1.0000	HIGH	NONE	ALLELE_STATE
SAMN16801848	SRR13089481	HPL00479	PRIMARY_TECHNICAL	HPL00479_Shi470	NONE	YES	.	44	8	1.0000	HIGH	NONE	ALLELE_STATE
SAMN16801848	SRR13089481	HPL00482	PRIMARY_TECHNICAL	HPL00482_26695	NONE	YES	.	25	8	1.0000	HIGH	NONE	ALLELE_STATE
SAMN16801848	SRR13089481	HPL00483	PRIMARY_TECHNICAL	HPL00483_India7	NONE	YES	.	25	8	1.0000	HIGH	NONE	ALLELE_STATE
SAMN16801848	SRR13089481	HPL00485	PRIMARY_TECHNICAL	HPL00485_India7	NONE	YES	.	14	8	1.0000	MEDIUM	NONE	ALLELE_STATE
SAMN16801848	SRR13089481	HPL00487	PROVISIONAL_TECHNICAL	HPL00487_G27	NONE	YES	.	36	8	1.0000	HIGH	NONE	ALLELE_STATE
SAMN16801848	SRR13089481	HPL00493	PRIMARY_TECHNICAL	HPL00493_Shi470	NONE	YES	.	34	8	1.0000	HIGH	NONE	ALLELE_STATE
SAMN16801848	SRR13089481	HPL00496	PRIMARY_TECHNICAL	HPL00496_B8	NONE	YES	.	29	8	1.0000	HIGH	NONE	ALLELE_STATE
SAMN16801848	SRR13089481	HPL00497	PRIMARY_TECHNICAL	HPL00497_G27	NONE	YES	.	25	8	1.0000	HIGH	NONE	AMBIGUOUS
SAMN16801848	SRR13089481	HPL00498	PRIMARY_TECHNICAL	HPL00498_J99	NONE	YES	.	39	8	1.0000	HIGH	NONE	ALLELE_STATE
SAMN16801848	SRR13089481	HPL00499	PROVISIONAL_TECHNICAL	HPL00499_J99	NONE	YES	.	38	8	1.0000	HIGH	NONE	ALLELE_STATE
SAMN16801848	SRR13089481	HPL00501	PRIMARY_TECHNICAL	HPL00501_26695	NONE	YES	.	38	8	0.9737	HIGH	NONE	ALLELE_STATE
SAMN16801848	SRR13089481	HPL00502	PRIMARY_TECHNICAL	HPL00502_Shi470	NONE	YES	.	26	8	1.0000	HIGH	NONE	ALLELE_STATE
SAMN16801848	SRR13089481	HPL00503	PRIMARY_TECHNICAL	HPL00503_26695	NONE	NO	NO_SPANNING_READS	0			NA	NA	UNCALLABLE
SAMN16801848	SRR13089481	HPL00505	PRIMARY_TECHNICAL	HPL00505_Shi470	MEMBER_ALLELE_CONFLICT:HPL00505_P12	NO	MEMBER_ALLELE_CONFLICT	35	8	1.0000	NA	NONE	UNCALLABLE
SAMN16801848	SRR13089481	HPL00506	PRIMARY_TECHNICAL	HPL00506_26695	NONE	YES	.	38	8	1.0000	HIGH	NONE	ALLELE_STATE
SAMN16801848	SRR13089481	HPL00510	PROVISIONAL_TECHNICAL	HPL00510_J99	NONE	NO	NO_SPANNING_READS	0			NA	NA	UNCALLABLE
SAMN16801848	SRR13089481	HPL00514	PRIMARY_TECHNICAL	HPL00514_J99	NONE	YES	.	26	8	1.0000	HIGH	NONE	ALLELE_STATE
SAMN16801848	SRR13089481	HPL00518	PROVISIONAL_TECHNICAL	HPL00518_India7	NONE	NO	INSUFFICIENT_SPANNING_READS(6<8)	6			NA	NA	UNCALLABLE
SAMN16801848	SRR13089481	HPL00521	PRIMARY_TECHNICAL	HPL00521_India7	NONE	YES	.	30	8	1.0000	HIGH	NONE	ALLELE_STATE
SAMN16801848	SRR13089481	HPL00524	PRIMARY_TECHNICAL	HPL00524_G27	NONE	YES	.	31	8	1.0000	HIGH	NONE	ALLELE_STATE
SAMN16801848	SRR13089481	HPL00529	PRIMARY_TECHNICAL	HPL00529_B8	NONE	YES	.	42	8	1.0000	HIGH	NONE	ALLELE_STATE
SAMN16801848	SRR13089481	HPL00530	PRIMARY_TECHNICAL	HPL00530_J99	NONE	NO	NO_SPANNING_READS	0			NA	NA	UNCALLABLE
SAMN16801848	SRR13089481	HPL00531	PRIMARY_TECHNICAL	HPL00531_G27	NONE	YES	.	20	8	1.0000	HIGH	NONE	ALLELE_STATE
SAMN16801848	SRR13089481	HPL00533	PROVISIONAL_TECHNICAL	HPL00533_P12	NONE	YES	.	47	8	1.0000	HIGH	NONE	ALLELE_STATE
SAMN16801848	SRR13089481	HPL00540	PRIMARY_TECHNICAL	HPL00540_HPAG1	NONE	YES	.	38	9	0.9737	HIGH	NONE	ALLELE_STATE
SAMN16801848	SRR13089481	HPL00544	PRIMARY_TECHNICAL	HPL00544_J99	NONE	NO	NO_SPANNING_READS	0			NA	NA	UNCALLABLE
SAMN16801848	SRR13089481	HPL00548	PRIMARY_TECHNICAL	HPL00548_J99	NONE	NO	NO_SPANNING_READS	0			NA	NA	UNCALLABLE
SAMN16801848	SRR13089481	HPL00549	PROVISIONAL_TECHNICAL	HPL00549_P12	NONE	YES	.	34	10	1.0000	HIGH	NONE	ALLELE_STATE
SAMN16801848	SRR13089481	HPL00571	PRIMARY_TECHNICAL	HPL00571_Shi470	NONE	YES	.	19	8	1.0000	MEDIUM	NONE	ALLELE_STATE
SAMN16801848	SRR13089481	HPL00573	PRIMARY_TECHNICAL	HPL00573_J99	NONE	YES	.	41	9	1.0000	HIGH	NONE	ALLELE_STATE
SAMN16801848	SRR13089481	HPL00576	PRIMARY_TECHNICAL	HPL00576_J99	NONE	NO	NO_SPANNING_READS	0			NA	NA	UNCALLABLE
SAMN16801848	SRR13089481	HPL00582	PRIMARY_TECHNICAL	HPL00582_B8	NONE	YES	.	37	8	1.0000	HIGH	NONE	ALLELE_STATE
SAMN16801848	SRR13089481	HPL00601	PRIMARY_TECHNICAL	HPL00601_J99	NONE	YES	.	34	8	1.0000	HIGH	NONE	ALLELE_STATE
SAMN16801848	SRR13089481	HPL00603	PRIMARY_TECHNICAL	HPL00603_J99	NONE	NO	NO_SPANNING_READS	0			NA	NA	UNCALLABLE
SAMN16801848	SRR13089481	HPL00604	PRIMARY_TECHNICAL	HPL00604_G27	NONE	YES	.	48	8	1.0000	HIGH	NONE	AMBIGUOUS
SAMN16801848	SRR13089481	HPL00608	PROVISIONAL_TECHNICAL	HPL00608_India7	NONE	YES	.	27	8	1.0000	HIGH	NONE	ALLELE_STATE
SAMN16801848	SRR13089481	HPL00609	PRIMARY_TECHNICAL	HPL00609_India7	NONE	YES	.	21	8	1.0000	HIGH	NONE	ALLELE_STATE
SAMN16801848	SRR13089481	HPL00613	PRIMARY_TECHNICAL	HPL00613_G27	NONE	YES	.	46	8	1.0000	HIGH	NONE	ALLELE_STATE
SAMN16801848	SRR13089481	HPL00622	PROVISIONAL_TECHNICAL	HPL00622_India7	NONE	YES	.	25	8	1.0000	HIGH	NONE	ALLELE_STATE
SAMN16801848	SRR13089481	HPL00628	PROVISIONAL_TECHNICAL	HPL00628_J99	NONE	NO	NO_SPANNING_READS	0			NA	NA	UNCALLABLE
SAMN16801848	SRR13089481	HPL00640	PRIMARY_TECHNICAL	HPL00640_J99	NONE	YES	.	37	8	1.0000	HIGH	NONE	ALLELE_STATE
SAMN16801848	SRR13089481	HPL00645	PRIMARY_TECHNICAL	HPL00645_Shi470	NONE	YES	.	55	8	1.0000	HIGH	NONE	ALLELE_STATE
SAMN16801848	SRR13089481	HPL00679	PRIMARY_TECHNICAL	HPL00679_J99	NONE	NO	NO_SPANNING_READS	0			NA	NA	UNCALLABLE
SAMN16801848	SRR13089481	HPL00682	PRIMARY_TECHNICAL	HPL00682_J99	NONE	NO	NO_SPANNING_READS	0			NA	NA	UNCALLABLE
SAMN16801848	SRR13089481	HPL00685	PROVISIONAL_TECHNICAL	HPL00685_J99	NONE	NO	NO_DOMINANT_ALLELE(0.25)	8			NA	NA	UNCALLABLE
SAMN16801848	SRR13089481	HPL00699	PRIMARY_TECHNICAL	HPL00699_P12	NONE	YES	.	39	8	1.0000	HIGH	NONE	ALLELE_STATE
SAMN16801848	SRR13089481	HPL00702	PRIMARY_TECHNICAL	HPL00702_G27	NONE	YES	.	37	8	1.0000	HIGH	NONE	ALLELE_STATE
SAMN16801848	SRR13089481	HPL00709	PRIMARY_TECHNICAL	HPL00709_HPAG1	NONE	YES	.	35	7	1.0000	HIGH	NONE	ALLELE_STATE
SAMN16801848	SRR13089481	HPL00743	PROVISIONAL_TECHNICAL	HPL00743_HPAG1	NONE	NO	NO_SPANNING_READS	0			NA	NA	UNCALLABLE
SAMN16801848	SRR13089481	HPL00750	PRIMARY_TECHNICAL	HPL00750_HPAG1	NONE	YES	.	16	8	1.0000	MEDIUM	NONE	ALLELE_STATE
SAMN16801848	SRR13089481	HPL00751	PRIMARY_TECHNICAL	HPL00751_HPAG1	NONE	YES	.	39	8	1.0000	HIGH	NONE	ALLELE_STATE
SAMN16801848	SRR13089481	HPL00752	PRIMARY_TECHNICAL	HPL00752_G27	NONE	YES	.	37	8	1.0000	HIGH	NONE	ALLELE_STATE
SAMN16801848	SRR13089481	HPL00761	PRIMARY_TECHNICAL	HPL00761_Shi470	NONE	YES	.	26	8	1.0000	HIGH	NONE	ALLELE_STATE
SAMN16801848	SRR13089481	HPL00780	PRIMARY_TECHNICAL	HPL00780_HPAG1	NONE	YES	.	19	8	1.0000	MEDIUM	NONE	ALLELE_STATE
SAMN16801848	SRR13089481	HPL00782	PRIMARY_TECHNICAL	HPL00782_HPAG1	NONE	NO	NO_SPANNING_READS	0			NA	NA	UNCALLABLE
SAMN16801848	SRR13089481	HPL00804	PRIMARY_TECHNICAL	HPL00804_HPAG1	NONE	YES	.	27	8	1.0000	HIGH	NONE	ALLELE_STATE
SAMN16801848	SRR13089481	HPL00809	PRIMARY_TECHNICAL	HPL00809_HPAG1	NONE	NO	NOT_CALLER_ELIGIBLE:NO:not_uniquely_anchorable				NA	NA	NOT_APPLICABLE
SAMN16801848	SRR13089481	HPL00811	PRIMARY_TECHNICAL	HPL00811_HPAG1	NONE	YES	.	28	8	0.9643	HIGH	NONE	ALLELE_STATE
SAMN16801848	SRR13089481	HPL00816	PRIMARY_TECHNICAL	HPL00816_HPAG1	NONE	NO	NO_SPANNING_READS	0			NA	NA	UNCALLABLE
SAMN16801848	SRR13089481	HPL00817	PRIMARY_TECHNICAL	HPL00817_P12	NONE	YES	.	15	8	1.0000	MEDIUM	NONE	ALLELE_STATE
SAMN16801848	SRR13089481	HPL00818	PRIMARY_TECHNICAL	HPL00818_India7	NONE	YES	.	36	6	1.0000	HIGH	NONE	ALLELE_STATE
SAMN16801848	SRR13089481	HPL00835	PRIMARY_TECHNICAL	HPL00835_India7	NONE	YES	.	38	8	1.0000	HIGH	NONE	ALLELE_STATE
SAMN16801848	SRR13089481	HPL00838	PRIMARY_TECHNICAL	HPL00838_G27	NONE	NO	NO_SPANNING_READS	0			NA	NA	UNCALLABLE
SAMN16801848	SRR13089481	HPL00839	PRIMARY_TECHNICAL	HPL00839_B8	NONE	YES	.	19	8	1.0000	MEDIUM	NONE	ALLELE_STATE
SAMN16801848	SRR13089481	HPL00840	PRIMARY_TECHNICAL	HPL00840_G27	NONE	NO	NO_SPANNING_READS	0			NA	NA	UNCALLABLE
SAMN16801848	SRR13089481	HPL00841	PRIMARY_TECHNICAL	HPL00841_G27	NONE	YES	.	36	8	1.0000	HIGH	NONE	ALLELE_STATE
SAMN16801848	SRR13089481	HPL00849	PRIMARY_TECHNICAL	HPL00849_G27	NONE	NO	NO_SPANNING_READS	0			NA	NA	UNCALLABLE
SAMN16801848	SRR13089481	HPL00884	PRIMARY_TECHNICAL	HPL00884_G27	NONE	YES	.	35	8	1.0000	HIGH	NONE	ALLELE_STATE
SAMN16801848	SRR13089481	HPL00934	PRIMARY_TECHNICAL	HPL00934_G27	NONE	NO	NO_SPANNING_READS	0			NA	NA	UNCALLABLE
SAMN16801848	SRR13089481	HPL00977	PRIMARY_TECHNICAL	HPL00977_P12	NONE	NO	NO_SPANNING_READS	0			NA	NA	UNCALLABLE
SAMN16801848	SRR13089481	HPL01050	PRIMARY_TECHNICAL	HPL01050_B8	NONE	YES	.	24	8	1.0000	HIGH	NONE	ALLELE_STATE
SAMN16801848	SRR13089481	HPL01053	PRIMARY_TECHNICAL	HPL01053_P12	NONE	YES	.	45	8	1.0000	HIGH	NONE	ALLELE_STATE
SAMN16801848	SRR13089481	HPL01081	PRIMARY_TECHNICAL	HPL01081_B8	NONE	NO	NO_SPANNING_READS	0			NA	NA	UNCALLABLE
SAMN16801848	SRR13089481	HPL01098	PROVISIONAL_TECHNICAL	HPL01098_B8	NONE	YES	.	19	12	1.0000	MEDIUM	NONE	ALLELE_STATE
SAMN16801848	SRR13089481	HPL01110	PRIMARY_TECHNICAL	HPL01110_B8	NONE	YES	.	27	8	1.0000	HIGH	NONE	ALLELE_STATE
SAMN16801848	SRR13089481	HPL01140	PRIMARY_TECHNICAL	HPL01140_B8	NONE	NO	NO_SPANNING_READS	0			NA	NA	UNCALLABLE
SAMN16801849	SRR13089480	HPL00001	PRIMARY_TECHNICAL	HPL00001_26695	NONE	YES	.	39	8	1.0000	HIGH	NONE	ALLELE_STATE
SAMN16801849	SRR13089480	HPL00002	PRIMARY_TECHNICAL	HPL00002_P12	NONE	YES	.	37	8	1.0000	HIGH	NONE	ALLELE_STATE
SAMN16801849	SRR13089480	HPL00007	PRIMARY_TECHNICAL	HPL00007_B8	NONE	YES	.	29	8	1.0000	HIGH	NONE	ALLELE_STATE
SAMN16801849	SRR13089480	HPL00008	PRIMARY_TECHNICAL	HPL00008_26695	NONE	YES	.	43	8	1.0000	HIGH	NONE	ALLELE_STATE
SAMN16801849	SRR13089480	HPL00010	PRIMARY_TECHNICAL	HPL00010_Shi470	NONE	YES	.	22	16	0.5909	HIGH	MIXTURE_CANDIDATE	ALLELE_STATE
SAMN16801849	SRR13089480	HPL00013	PRIMARY_TECHNICAL	HPL00013_Shi470	NONE	YES	.	29	8	1.0000	HIGH	NONE	ALLELE_STATE
SAMN16801849	SRR13089480	HPL00014	PRIMARY_TECHNICAL	HPL00014_J99	NONE	YES	.	36	8	1.0000	HIGH	NONE	ALLELE_STATE
SAMN16801849	SRR13089480	HPL00018	PROVISIONAL_TECHNICAL	HPL00018_26695	NONE	NO	NO_SPANNING_READS	0			NA	NA	UNCALLABLE
SAMN16801849	SRR13089480	HPL00019	PRIMARY_TECHNICAL	HPL00019_26695	NONE	NO	NO_SPANNING_READS	0			NA	NA	UNCALLABLE
SAMN16801849	SRR13089480	HPL00022	PROVISIONAL_TECHNICAL	HPL00022_P12	NONE	YES	.	45	14	1.0000	HIGH	NONE	ALLELE_STATE
SAMN16801849	SRR13089480	HPL00024	PRIMARY_TECHNICAL	HPL00024_26695	NONE	YES	.	31	8	1.0000	HIGH	NONE	ALLELE_STATE
SAMN16801849	SRR13089480	HPL00025	PRIMARY_TECHNICAL	HPL00025_G27	NONE	YES	.	49	8	1.0000	HIGH	NONE	ALLELE_STATE
SAMN16801849	SRR13089480	HPL00030	PROVISIONAL_TECHNICAL	HPL00030_26695	NONE	YES	.	44	12	1.0000	HIGH	NONE	ALLELE_STATE
SAMN16801849	SRR13089480	HPL00031	PROVISIONAL_TECHNICAL	HPL00031_HPAG1	NONE	YES	.	39	12	1.0000	HIGH	NONE	ALLELE_STATE
SAMN16801849	SRR13089480	HPL00033	PROVISIONAL_TECHNICAL	HPL00033_26695	NONE	YES	.	39	11	1.0000	HIGH	NONE	ALLELE_STATE
SAMN16801849	SRR13089480	HPL00037	PRIMARY_TECHNICAL	HPL00037_26695	NONE	YES	.	39	8	1.0000	HIGH	NONE	ALLELE_STATE
SAMN16801849	SRR13089480	HPL00038	PRIMARY_TECHNICAL	HPL00038_26695	NONE	YES	.	36	8	1.0000	HIGH	NONE	ALLELE_STATE
SAMN16801849	SRR13089480	HPL00040	PRIMARY_TECHNICAL	HPL00040_India7	NONE	YES	.	37	8	1.0000	HIGH	NONE	ALLELE_STATE
SAMN16801849	SRR13089480	HPL00042	PRIMARY_TECHNICAL	HPL00042_26695	NONE	YES	.	31	8	1.0000	HIGH	NONE	ALLELE_STATE
SAMN16801849	SRR13089480	HPL00043	PRIMARY_TECHNICAL	HPL00043_26695	NONE	YES	.	35	8	1.0000	HIGH	NONE	ALLELE_STATE
SAMN16801849	SRR13089480	HPL00044	PRIMARY_TECHNICAL	HPL00044_26695	MEMBER_ALLELE_CONFLICT:HPL00044_Shi470	NO	MEMBER_ALLELE_CONFLICT	37	8	1.0000	NA	NONE	UNCALLABLE
SAMN16801849	SRR13089480	HPL00045	PROVISIONAL_TECHNICAL	HPL00045_HPAG1	NONE	NO	INSUFFICIENT_SPANNING_READS(6<8)	6			NA	NA	UNCALLABLE
SAMN16801849	SRR13089480	HPL00046	PROVISIONAL_TECHNICAL	HPL00046_26695	NONE	YES	.	37	12	1.0000	HIGH	NONE	ALLELE_STATE
SAMN16801849	SRR13089480	HPL00047	PRIMARY_TECHNICAL	HPL00047_26695	NONE	YES	.	27	8	1.0000	HIGH	NONE	ALLELE_STATE
SAMN16801849	SRR13089480	HPL00049	PRIMARY_TECHNICAL	HPL00049_Shi470	NONE	YES	.	42	8	1.0000	HIGH	NONE	ALLELE_STATE
SAMN16801849	SRR13089480	HPL00050	PRIMARY_TECHNICAL	HPL00050_26695	NONE	YES	.	43	8	1.0000	HIGH	NONE	ALLELE_STATE
SAMN16801849	SRR13089480	HPL00051	PRIMARY_TECHNICAL	HPL00051_G27	NONE	YES	.	35	8	1.0000	HIGH	NONE	ALLELE_STATE
SAMN16801849	SRR13089480	HPL00053	PRIMARY_TECHNICAL	HPL00053_India7	NONE	YES	.	27	8	1.0000	HIGH	NONE	ALLELE_STATE
SAMN16801849	SRR13089480	HPL00055	PRIMARY_TECHNICAL	HPL00055_26695	NONE	YES	.	35	8	1.0000	HIGH	NONE	ALLELE_STATE
SAMN16801849	SRR13089480	HPL00060	PROVISIONAL_TECHNICAL	HPL00060_26695	NONE	YES	.	23	11	0.9565	HIGH	NONE	ALLELE_STATE
SAMN16801849	SRR13089480	HPL00061	PROVISIONAL_TECHNICAL	HPL00061_26695	NONE	YES	.	14	11	0.8571	LOW	NONE	OFF
SAMN16801849	SRR13089480	HPL00063	PROVISIONAL_TECHNICAL	HPL00063_26695	NONE	YES	.	41	12	1.0000	HIGH	NONE	ALLELE_STATE
SAMN16801849	SRR13089480	HPL00064	PRIMARY_TECHNICAL	HPL00064_26695	NONE	YES	.	26	8	1.0000	HIGH	NONE	ALLELE_STATE
SAMN16801849	SRR13089480	HPL00065	PROVISIONAL_TECHNICAL	HPL00065_HPAG1	NONE	YES	.	44	12	1.0000	HIGH	NONE	ALLELE_STATE
SAMN16801849	SRR13089480	HPL00068	PRIMARY_TECHNICAL	HPL00068_Shi470	NONE	YES	.	34	8	0.9706	HIGH	NONE	ALLELE_STATE
SAMN16801849	SRR13089480	HPL00070	PROVISIONAL_TECHNICAL	HPL00070_26695	NONE	YES	.	35	12	1.0000	HIGH	NONE	ALLELE_STATE
SAMN16801849	SRR13089480	HPL00071	PRIMARY_TECHNICAL	HPL00071_B8	NONE	YES	.	30	8	1.0000	HIGH	NONE	ALLELE_STATE
SAMN16801849	SRR13089480	HPL00072	PRIMARY_TECHNICAL	HPL00072_26695	NONE	YES	.	19	8	1.0000	MEDIUM	NONE	ALLELE_STATE
SAMN16801849	SRR13089480	HPL00073	PRIMARY_TECHNICAL	HPL00073_J99	NONE	YES	.	18	8	1.0000	MEDIUM	NONE	ALLELE_STATE
SAMN16801849	SRR13089480	HPL00074	PRIMARY_TECHNICAL	HPL00074_India7	NONE	YES	.	34	8	1.0000	HIGH	NONE	ALLELE_STATE
SAMN16801849	SRR13089480	HPL00075	PRIMARY_TECHNICAL	HPL00075_J99	NONE	YES	.	39	8	0.9744	HIGH	NONE	ALLELE_STATE
SAMN16801849	SRR13089480	HPL00076	PRIMARY_TECHNICAL	HPL00076_P12	NONE	YES	.	27	8	1.0000	HIGH	NONE	ALLELE_STATE
SAMN16801849	SRR13089480	HPL00077	PRIMARY_TECHNICAL	HPL00077_26695	NONE	YES	.	33	8	1.0000	HIGH	NONE	ALLELE_STATE
SAMN16801849	SRR13089480	HPL00079	PRIMARY_TECHNICAL	HPL00079_Shi470	NONE	YES	.	36	8	1.0000	HIGH	NONE	ALLELE_STATE
SAMN16801849	SRR13089480	HPL00080	PRIMARY_TECHNICAL	HPL00080_26695	NONE	YES	.	43	8	1.0000	HIGH	NONE	ALLELE_STATE
SAMN16801849	SRR13089480	HPL00083	PROVISIONAL_TECHNICAL	HPL00083_26695	NONE	YES	.	39	13	1.0000	HIGH	NONE	ALLELE_STATE
SAMN16801849	SRR13089480	HPL00084	PRIMARY_TECHNICAL	HPL00084_India7	NONE	YES	.	48	8	1.0000	HIGH	NONE	ALLELE_STATE
SAMN16801849	SRR13089480	HPL00085	PRIMARY_TECHNICAL	HPL00085_26695	NONE	YES	.	24	8	1.0000	HIGH	NONE	ALLELE_STATE
SAMN16801849	SRR13089480	HPL00087	PRIMARY_TECHNICAL	HPL00087_Shi470	NONE	YES	.	26	11	0.5000	HIGH	MIXED	AMBIGUOUS
SAMN16801849	SRR13089480	HPL00089	PRIMARY_TECHNICAL	HPL00089_Shi470	NONE	YES	.	29	8	1.0000	HIGH	NONE	ALLELE_STATE
SAMN16801849	SRR13089480	HPL00090	PRIMARY_TECHNICAL	HPL00090_Shi470	NONE	YES	.	39	8	0.9487	HIGH	NONE	ALLELE_STATE
SAMN16801849	SRR13089480	HPL00099	PRIMARY_TECHNICAL	HPL00099_HPAG1	NONE	YES	.	21	8	1.0000	HIGH	NONE	ALLELE_STATE
SAMN16801849	SRR13089480	HPL00103	PRIMARY_TECHNICAL	HPL00103_J99	NONE	YES	.	13	15	0.6923	MEDIUM	MIXTURE_CANDIDATE	ALLELE_STATE
SAMN16801849	SRR13089480	HPL00104	PRIMARY_TECHNICAL	HPL00104_26695	NONE	NO	NO_SPANNING_READS	0			NA	NA	UNCALLABLE
SAMN16801849	SRR13089480	HPL00105	PRIMARY_TECHNICAL	HPL00105_HPAG1	NONE	YES	.	27	8	0.9630	HIGH	NONE	ALLELE_STATE
SAMN16801849	SRR13089480	HPL00106	PRIMARY_TECHNICAL	HPL00106_G27	NONE	YES	.	35	8	1.0000	HIGH	NONE	ALLELE_STATE
SAMN16801849	SRR13089480	HPL00107	PRIMARY_TECHNICAL	HPL00107_Shi470	NONE	YES	.	34	8	1.0000	HIGH	NONE	ALLELE_STATE
SAMN16801849	SRR13089480	HPL00108	PRIMARY_TECHNICAL	HPL00108_J99	NONE	YES	.	38	8	1.0000	HIGH	NONE	ALLELE_STATE
SAMN16801849	SRR13089480	HPL00109	PRIMARY_TECHNICAL	HPL00109_26695	NONE	YES	.	47	8	1.0000	HIGH	NONE	ALLELE_STATE
SAMN16801849	SRR13089480	HPL00111	PRIMARY_TECHNICAL	HPL00111_26695	NONE	YES	.	38	8	1.0000	HIGH	NONE	ALLELE_STATE
SAMN16801849	SRR13089480	HPL00112	PRIMARY_TECHNICAL	HPL00112_P12	NONE	YES	.	33	9	1.0000	HIGH	NONE	ALLELE_STATE
SAMN16801849	SRR13089480	HPL00113	PRIMARY_TECHNICAL	HPL00113_P12	NONE	YES	.	34	8	1.0000	HIGH	NONE	ALLELE_STATE
SAMN16801849	SRR13089480	HPL00116	PRIMARY_TECHNICAL	HPL00116_26695	NONE	YES	.	30	8	0.9667	HIGH	NONE	ALLELE_STATE
SAMN16801849	SRR13089480	HPL00117	PRIMARY_TECHNICAL	HPL00117_HPAG1	NONE	YES	.	31	9	1.0000	HIGH	NONE	AMBIGUOUS
SAMN16801849	SRR13089480	HPL00119	PRIMARY_TECHNICAL	HPL00119_Shi470	NONE	YES	.	32	8	1.0000	HIGH	NONE	ALLELE_STATE
SAMN16801849	SRR13089480	HPL00120	PRIMARY_TECHNICAL	HPL00120_HPAG1	NONE	YES	.	15	8	1.0000	MEDIUM	NONE	ALLELE_STATE
SAMN16801849	SRR13089480	HPL00121	PRIMARY_TECHNICAL	HPL00121_J99	NONE	YES	.	20	8	1.0000	HIGH	NONE	ALLELE_STATE
SAMN16801849	SRR13089480	HPL00123	PRIMARY_TECHNICAL	HPL00123_26695	NONE	YES	.	36	8	0.9722	HIGH	NONE	ALLELE_STATE
SAMN16801849	SRR13089480	HPL00125	PRIMARY_TECHNICAL	HPL00125_26695	NONE	YES	.	22	8	1.0000	HIGH	NONE	ALLELE_STATE
SAMN16801849	SRR13089480	HPL00126	PRIMARY_TECHNICAL	HPL00126_26695	NONE	YES	.	27	8	1.0000	HIGH	NONE	ALLELE_STATE
SAMN16801849	SRR13089480	HPL00127	PRIMARY_TECHNICAL	HPL00127_B8	NONE	YES	.	33	9	0.9697	HIGH	NONE	ALLELE_STATE
SAMN16801849	SRR13089480	HPL00134	PRIMARY_TECHNICAL	HPL00134_26695	NONE	NO	NO_SPANNING_READS	0			NA	NA	UNCALLABLE
SAMN16801849	SRR13089480	HPL00138	PRIMARY_TECHNICAL	HPL00138_J99	NONE	YES	.	51	8	1.0000	HIGH	NONE	ALLELE_STATE
SAMN16801849	SRR13089480	HPL00139	PRIMARY_TECHNICAL	HPL00139_26695	NONE	YES	.	44	8	1.0000	HIGH	NONE	ALLELE_STATE
SAMN16801849	SRR13089480	HPL00141	PRIMARY_TECHNICAL	HPL00141_Shi470	NONE	YES	.	29	7	1.0000	HIGH	NONE	ALLELE_STATE
SAMN16801849	SRR13089480	HPL00143	PRIMARY_TECHNICAL	HPL00143_26695	NONE	YES	.	28	8	1.0000	HIGH	NONE	ALLELE_STATE
SAMN16801849	SRR13089480	HPL00145	PRIMARY_TECHNICAL	HPL00145_India7	NONE	YES	.	40	8	1.0000	HIGH	NONE	ALLELE_STATE
SAMN16801849	SRR13089480	HPL00150	PRIMARY_TECHNICAL	HPL00150_J99	NONE	YES	.	28	9	1.0000	HIGH	NONE	ALLELE_STATE
SAMN16801849	SRR13089480	HPL00151	PROVISIONAL_TECHNICAL	HPL00151_26695	NONE	NO	NO_SPANNING_READS	0			NA	NA	UNCALLABLE
SAMN16801849	SRR13089480	HPL00154	PRIMARY_TECHNICAL	HPL00154_26695	NONE	NO	NO_SPANNING_READS	0			NA	NA	UNCALLABLE
SAMN16801849	SRR13089480	HPL00155	PRIMARY_TECHNICAL	HPL00155_G27	NONE	YES	.	39	9	1.0000	HIGH	NONE	ALLELE_STATE
SAMN16801849	SRR13089480	HPL00156	PRIMARY_TECHNICAL	HPL00156_26695	NONE	YES	.	36	8	1.0000	HIGH	NONE	ALLELE_STATE
SAMN16801849	SRR13089480	HPL00157	PRIMARY_TECHNICAL	HPL00157_G27	NONE	YES	.	38	8	1.0000	HIGH	NONE	ALLELE_STATE
SAMN16801849	SRR13089480	HPL00158	PRIMARY_TECHNICAL	HPL00158_26695	NONE	YES	.	23	7	1.0000	HIGH	NONE	ALLELE_STATE
SAMN16801849	SRR13089480	HPL00162	PRIMARY_TECHNICAL	HPL00162_26695	NONE	YES	.	39	8	1.0000	HIGH	NONE	ALLELE_STATE
SAMN16801849	SRR13089480	HPL00163	PRIMARY_TECHNICAL	HPL00163_26695	NONE	YES	.	30	8	1.0000	HIGH	NONE	ALLELE_STATE
SAMN16801849	SRR13089480	HPL00165	PRIMARY_TECHNICAL	HPL00165_26695	NONE	YES	.	42	8	1.0000	HIGH	NONE	ALLELE_STATE
SAMN16801849	SRR13089480	HPL00166	PRIMARY_TECHNICAL	HPL00166_26695	NONE	YES	.	25	8	1.0000	HIGH	NONE	ALLELE_STATE
SAMN16801849	SRR13089480	HPL00169	PRIMARY_TECHNICAL	HPL00169_J99	NONE	YES	.	19	8	1.0000	MEDIUM	NONE	ALLELE_STATE
SAMN16801849	SRR13089480	HPL00170	PRIMARY_TECHNICAL	HPL00170_26695	NONE	NO	NOT_CALLER_ELIGIBLE:NO:not_uniquely_anchorable				NA	NA	NOT_APPLICABLE
SAMN16801849	SRR13089480	HPL00172	PRIMARY_TECHNICAL	HPL00172_26695	NONE	YES	.	39	8	0.9744	HIGH	NONE	ALLELE_STATE
SAMN16801849	SRR13089480	HPL00174	PRIMARY_TECHNICAL	HPL00174_J99	NONE	YES	.	30	8	1.0000	HIGH	NONE	ALLELE_STATE
SAMN16801849	SRR13089480	HPL00177	PRIMARY_TECHNICAL	HPL00177_G27	NONE	YES	.	36	10	0.9444	HIGH	NONE	AMBIGUOUS
SAMN16801849	SRR13089480	HPL00178	PRIMARY_TECHNICAL	HPL00178_26695	NONE	NO	NO_SPANNING_READS	0			NA	NA	UNCALLABLE
SAMN16801849	SRR13089480	HPL00181	PRIMARY_TECHNICAL	HPL00181_26695	NONE	NO	NO_SPANNING_READS	0			NA	NA	UNCALLABLE
SAMN16801849	SRR13089480	HPL00183	PRIMARY_TECHNICAL	HPL00183_Shi470	NONE	YES	.	27	8	1.0000	HIGH	NONE	ALLELE_STATE
SAMN16801849	SRR13089480	HPL00187	PRIMARY_TECHNICAL	HPL00187_J99	NONE	YES	.	46	9	0.9783	HIGH	NONE	ALLELE_STATE
SAMN16801849	SRR13089480	HPL00189	PRIMARY_TECHNICAL	HPL00189_26695	NONE	NO	NO_SPANNING_READS	0			NA	NA	UNCALLABLE
SAMN16801849	SRR13089480	HPL00191	PRIMARY_TECHNICAL	HPL00191_26695	NONE	YES	.	38	8	1.0000	HIGH	NONE	ALLELE_STATE
SAMN16801849	SRR13089480	HPL00193	PRIMARY_TECHNICAL	HPL00193_26695	NONE	NO	NO_SPANNING_READS	0			NA	NA	UNCALLABLE
SAMN16801849	SRR13089480	HPL00194	PRIMARY_TECHNICAL	HPL00194_26695	NONE	NO	NO_SPANNING_READS	0			NA	NA	UNCALLABLE
SAMN16801849	SRR13089480	HPL00197	PROVISIONAL_TECHNICAL	HPL00197_26695	NONE	YES	.	35	8	1.0000	HIGH	NONE	ALLELE_STATE
SAMN16801849	SRR13089480	HPL00198	PRIMARY_TECHNICAL	HPL00198_J99	NONE	YES	.	52	8	1.0000	HIGH	NONE	ALLELE_STATE
SAMN16801849	SRR13089480	HPL00199	PRIMARY_TECHNICAL	HPL00199_26695	NONE	YES	.	39	8	1.0000	HIGH	NONE	ALLELE_STATE
SAMN16801849	SRR13089480	HPL00202	PRIMARY_TECHNICAL	HPL00202_India7	NONE	YES	.	26	9	0.9615	HIGH	NONE	AMBIGUOUS
SAMN16801849	SRR13089480	HPL00204	PRIMARY_TECHNICAL	HPL00204_26695	NONE	YES	.	46	8	1.0000	HIGH	NONE	ALLELE_STATE
SAMN16801849	SRR13089480	HPL00206	PRIMARY_TECHNICAL	HPL00206_26695	NONE	YES	.	31	8	0.9677	HIGH	NONE	ALLELE_STATE
SAMN16801849	SRR13089480	HPL00209	PRIMARY_TECHNICAL	HPL00209_Shi470	NONE	YES	.	45	8	1.0000	HIGH	NONE	ALLELE_STATE
SAMN16801849	SRR13089480	HPL00210	PRIMARY_TECHNICAL	HPL00210_26695	NONE	YES	.	45	8	0.9778	HIGH	NONE	ALLELE_STATE
SAMN16801849	SRR13089480	HPL00214	PRIMARY_TECHNICAL	HPL00214_J99	NONE	YES	.	39	8	1.0000	HIGH	NONE	ALLELE_STATE
SAMN16801849	SRR13089480	HPL00222	PRIMARY_TECHNICAL	HPL00222_P12	NONE	YES	.	17	8	1.0000	MEDIUM	NONE	ALLELE_STATE
SAMN16801849	SRR13089480	HPL00223	PRIMARY_TECHNICAL	HPL00223_Shi470	NONE	YES	.	29	8	0.9655	HIGH	NONE	ALLELE_STATE
SAMN16801849	SRR13089480	HPL00224	PRIMARY_TECHNICAL	HPL00224_26695	NONE	YES	.	49	8	1.0000	HIGH	NONE	ALLELE_STATE
SAMN16801849	SRR13089480	HPL00225	PRIMARY_TECHNICAL	HPL00225_26695	NONE	YES	.	20	8	1.0000	HIGH	NONE	ALLELE_STATE
SAMN16801849	SRR13089480	HPL00229	PRIMARY_TECHNICAL	HPL00229_Shi470	NONE	YES	.	26	8	1.0000	HIGH	NONE	ALLELE_STATE
SAMN16801849	SRR13089480	HPL00230	PROVISIONAL_TECHNICAL	HPL00230_26695	NONE	YES	.	22	12	1.0000	HIGH	NONE	ALLELE_STATE
SAMN16801849	SRR13089480	HPL00231	PRIMARY_TECHNICAL	HPL00231_26695	NONE	YES	.	33	8	1.0000	HIGH	NONE	ALLELE_STATE
SAMN16801849	SRR13089480	HPL00232	PRIMARY_TECHNICAL	HPL00232_26695	NONE	YES	.	24	8	1.0000	HIGH	NONE	ALLELE_STATE
SAMN16801849	SRR13089480	HPL00234	PRIMARY_TECHNICAL	HPL00234_26695	NONE	YES	.	21	8	1.0000	HIGH	NONE	ALLELE_STATE
SAMN16801849	SRR13089480	HPL00239	PRIMARY_TECHNICAL	HPL00239_Shi470	NONE	YES	.	21	8	1.0000	HIGH	NONE	ALLELE_STATE
SAMN16801849	SRR13089480	HPL00241	PRIMARY_TECHNICAL	HPL00241_26695	NONE	YES	.	41	8	1.0000	HIGH	NONE	ALLELE_STATE
SAMN16801849	SRR13089480	HPL00242	PRIMARY_TECHNICAL	HPL00242_India7	NONE	YES	.	34	8	1.0000	HIGH	NONE	ALLELE_STATE
SAMN16801849	SRR13089480	HPL00243	PRIMARY_TECHNICAL	HPL00243_HPAG1	NONE	YES	.	26	8	1.0000	HIGH	NONE	ALLELE_STATE
SAMN16801849	SRR13089480	HPL00244	PRIMARY_TECHNICAL	HPL00244_26695	NONE	YES	.	28	8	1.0000	HIGH	NONE	ALLELE_STATE
SAMN16801849	SRR13089480	HPL00245	PRIMARY_TECHNICAL	HPL00245_26695	NONE	NO	NO_SPANNING_READS	0			NA	NA	UNCALLABLE
SAMN16801849	SRR13089480	HPL00246	PRIMARY_TECHNICAL	HPL00246_26695	NONE	YES	.	38	8	1.0000	HIGH	NONE	ALLELE_STATE
SAMN16801849	SRR13089480	HPL00247	PRIMARY_TECHNICAL	HPL00247_J99	NONE	YES	.	28	8	1.0000	HIGH	NONE	ALLELE_STATE
SAMN16801849	SRR13089480	HPL00251	PRIMARY_TECHNICAL	HPL00251_26695	NONE	YES	.	47	8	1.0000	HIGH	NONE	ALLELE_STATE
SAMN16801849	SRR13089480	HPL00259	PRIMARY_TECHNICAL	HPL00259_J99	NONE	YES	.	35	8	0.9714	HIGH	NONE	ALLELE_STATE
SAMN16801849	SRR13089480	HPL00261	PRIMARY_TECHNICAL	HPL00261_26695	NONE	NO	NO_SPANNING_READS	0			NA	NA	UNCALLABLE
SAMN16801849	SRR13089480	HPL00262	PRIMARY_TECHNICAL	HPL00262_India7	NONE	YES	.	37	8	1.0000	HIGH	NONE	ALLELE_STATE
SAMN16801849	SRR13089480	HPL00264	PRIMARY_TECHNICAL	HPL00264_J99	NONE	YES	.	15	8	1.0000	MEDIUM	NONE	ALLELE_STATE
SAMN16801849	SRR13089480	HPL00267	PRIMARY_TECHNICAL	HPL00267_26695	NONE	YES	.	21	8	1.0000	HIGH	NONE	ALLELE_STATE
SAMN16801849	SRR13089480	HPL00270	PRIMARY_TECHNICAL	HPL00270_HPAG1	NONE	YES	.	27	8	1.0000	HIGH	NONE	ALLELE_STATE
SAMN16801849	SRR13089480	HPL00273	PRIMARY_TECHNICAL	HPL00273_B8	NONE	YES	.	44	8	1.0000	HIGH	NONE	ALLELE_STATE
SAMN16801849	SRR13089480	HPL00274	PRIMARY_TECHNICAL	HPL00274_26695	NONE	NO	NO_SPANNING_READS	0			NA	NA	UNCALLABLE
SAMN16801849	SRR13089480	HPL00275	PRIMARY_TECHNICAL	HPL00275_J99	NONE	YES	.	35	8	1.0000	HIGH	NONE	ALLELE_STATE
SAMN16801849	SRR13089480	HPL00276	PRIMARY_TECHNICAL	HPL00276_J99	NONE	YES	.	44	8	1.0000	HIGH	NONE	ALLELE_STATE
SAMN16801849	SRR13089480	HPL00277	PRIMARY_TECHNICAL	HPL00277_26695	NONE	YES	.	49	8	1.0000	HIGH	NONE	ALLELE_STATE
SAMN16801849	SRR13089480	HPL00288	PRIMARY_TECHNICAL	HPL00288_B8	NONE	YES	.	29	8	1.0000	HIGH	NONE	ALLELE_STATE
SAMN16801849	SRR13089480	HPL00289	PRIMARY_TECHNICAL	HPL00289_P12	NONE	YES	.	16	9	0.9375	MEDIUM	NONE	ALLELE_STATE
SAMN16801849	SRR13089480	HPL00290	PRIMARY_TECHNICAL	HPL00290_G27	NONE	NO	INSUFFICIENT_SPANNING_READS(6<8)	6			NA	NA	UNCALLABLE
SAMN16801849	SRR13089480	HPL00291	PROVISIONAL_TECHNICAL	HPL00291_26695	NONE	YES	.	30	8	1.0000	HIGH	NONE	ALLELE_STATE
SAMN16801849	SRR13089480	HPL00292	PRIMARY_TECHNICAL	HPL00292_26695	NONE	NO	NO_SPANNING_READS	0			NA	NA	UNCALLABLE
SAMN16801849	SRR13089480	HPL00293	PRIMARY_TECHNICAL	HPL00293_Shi470	NONE	YES	.	22	8	1.0000	HIGH	NONE	ALLELE_STATE
SAMN16801849	SRR13089480	HPL00297	PRIMARY_TECHNICAL	HPL00297_Shi470	NONE	YES	.	38	8	1.0000	HIGH	NONE	ALLELE_STATE
SAMN16801849	SRR13089480	HPL00299	PROVISIONAL_TECHNICAL	HPL00299_J99	NONE	YES	.	37	12	1.0000	HIGH	NONE	ALLELE_STATE
SAMN16801849	SRR13089480	HPL00301	PRIMARY_TECHNICAL	HPL00301_26695	NONE	YES	.	37	8	1.0000	HIGH	NONE	ALLELE_STATE
SAMN16801849	SRR13089480	HPL00303	PRIMARY_TECHNICAL	HPL00303_26695	NONE	YES	.	35	8	0.9714	HIGH	NONE	ALLELE_STATE
SAMN16801849	SRR13089480	HPL00304	PRIMARY_TECHNICAL	HPL00304_HPAG1	NONE	YES	.	37	8	1.0000	HIGH	NONE	ALLELE_STATE
SAMN16801849	SRR13089480	HPL00305	PRIMARY_TECHNICAL	HPL00305_26695	NONE	YES	.	33	8	1.0000	HIGH	NONE	ALLELE_STATE
SAMN16801849	SRR13089480	HPL00306	PRIMARY_TECHNICAL	HPL00306_26695	NONE	YES	.	46	8	0.9783	HIGH	NONE	ALLELE_STATE
SAMN16801849	SRR13089480	HPL00311	PRIMARY_TECHNICAL	HPL00311_B8	NONE	YES	.	39	8	0.9744	HIGH	NONE	ALLELE_STATE
SAMN16801849	SRR13089480	HPL00312	PROVISIONAL_TECHNICAL	HPL00312_26695	NONE	YES	.	32	13	1.0000	HIGH	NONE	ALLELE_STATE
SAMN16801849	SRR13089480	HPL00313	PRIMARY_TECHNICAL	HPL00313_26695	NONE	YES	.	34	8	0.9706	HIGH	NONE	ALLELE_STATE
SAMN16801849	SRR13089480	HPL00314	PRIMARY_TECHNICAL	HPL00314_J99	NONE	YES	.	22	8	1.0000	HIGH	NONE	ALLELE_STATE
SAMN16801849	SRR13089480	HPL00316	PRIMARY_TECHNICAL	HPL00316_B8	NONE	YES	.	31	9	1.0000	HIGH	NONE	ALLELE_STATE
SAMN16801849	SRR13089480	HPL00318	PRIMARY_TECHNICAL	HPL00318_26695	NONE	NO	NO_SPANNING_READS	0			NA	NA	UNCALLABLE
SAMN16801849	SRR13089480	HPL00319	PRIMARY_TECHNICAL	HPL00319_26695	NONE	NO	NO_SPANNING_READS	0			NA	NA	UNCALLABLE
SAMN16801849	SRR13089480	HPL00321	PRIMARY_TECHNICAL	HPL00321_26695	NONE	NO	NO_SPANNING_READS	0			NA	NA	UNCALLABLE
SAMN16801849	SRR13089480	HPL00322	PRIMARY_TECHNICAL	HPL00322_26695	NONE	NO	NO_SPANNING_READS	0			NA	NA	UNCALLABLE
SAMN16801849	SRR13089480	HPL00325	PRIMARY_TECHNICAL	HPL00325_26695	NONE	YES	.	17	8	1.0000	MEDIUM	NONE	ALLELE_STATE
SAMN16801849	SRR13089480	HPL00329	PRIMARY_TECHNICAL	HPL00329_26695	NONE	YES	.	32	8	1.0000	HIGH	NONE	ALLELE_STATE
SAMN16801849	SRR13089480	HPL00330	PROVISIONAL_TECHNICAL	HPL00330_HPAG1	NONE	YES	.	32	8	1.0000	HIGH	NONE	ALLELE_STATE
SAMN16801849	SRR13089480	HPL00332	PRIMARY_TECHNICAL	HPL00332_26695	NONE	YES	.	29	8	1.0000	HIGH	NONE	ALLELE_STATE
SAMN16801849	SRR13089480	HPL00333	PRIMARY_TECHNICAL	HPL00333_26695	NONE	YES	.	35	8	1.0000	HIGH	NONE	ALLELE_STATE
SAMN16801849	SRR13089480	HPL00337	PRIMARY_TECHNICAL	HPL00337_HPAG1	NONE	YES	.	52	8	0.9808	HIGH	NONE	ALLELE_STATE
SAMN16801849	SRR13089480	HPL00341	PRIMARY_TECHNICAL	HPL00341_26695	NONE	YES	.	34	8	1.0000	HIGH	NONE	ALLELE_STATE
SAMN16801849	SRR13089480	HPL00342	PRIMARY_TECHNICAL	HPL00342_Shi470	NONE	YES	.	31	8	1.0000	HIGH	NONE	ALLELE_STATE
SAMN16801849	SRR13089480	HPL00344	PRIMARY_TECHNICAL	HPL00344_26695	NONE	YES	.	34	8	1.0000	HIGH	NONE	ALLELE_STATE
SAMN16801849	SRR13089480	HPL00345	PRIMARY_TECHNICAL	HPL00345_Shi470	NONE	YES	.	19	8	1.0000	MEDIUM	NONE	ALLELE_STATE
SAMN16801849	SRR13089480	HPL00347	PRIMARY_TECHNICAL	HPL00347_B8	NONE	YES	.	41	8	1.0000	HIGH	NONE	ALLELE_STATE
SAMN16801849	SRR13089480	HPL00350	PRIMARY_TECHNICAL	HPL00350_Shi470	NONE	YES	.	25	9	1.0000	HIGH	NONE	ALLELE_STATE
SAMN16801849	SRR13089480	HPL00351	PRIMARY_TECHNICAL	HPL00351_Shi470	NONE	YES	.	33	8	1.0000	HIGH	NONE	ALLELE_STATE
SAMN16801849	SRR13089480	HPL00352	PRIMARY_TECHNICAL	HPL00352_HPAG1	NONE	YES	.	54	7	1.0000	HIGH	NONE	ALLELE_STATE
SAMN16801849	SRR13089480	HPL00353	PRIMARY_TECHNICAL	HPL00353_26695	NONE	YES	.	24	8	0.9583	HIGH	NONE	ALLELE_STATE
SAMN16801849	SRR13089480	HPL00354	PRIMARY_TECHNICAL	HPL00354_Shi470	NONE	YES	.	34	8	1.0000	HIGH	NONE	ALLELE_STATE
SAMN16801849	SRR13089480	HPL00357	PRIMARY_TECHNICAL	HPL00357_26695	NONE	YES	.	49	8	0.9796	HIGH	NONE	ALLELE_STATE
SAMN16801849	SRR13089480	HPL00360	PRIMARY_TECHNICAL	HPL00360_B8	NONE	YES	.	34	8	1.0000	HIGH	NONE	ALLELE_STATE
SAMN16801849	SRR13089480	HPL00361	PRIMARY_TECHNICAL	HPL00361_26695	NONE	YES	.	34	8	1.0000	HIGH	NONE	ALLELE_STATE
SAMN16801849	SRR13089480	HPL00364	PRIMARY_TECHNICAL	HPL00364_P12	NONE	YES	.	33	8	1.0000	HIGH	NONE	ALLELE_STATE
SAMN16801849	SRR13089480	HPL00365	PRIMARY_TECHNICAL	HPL00365_26695	NONE	YES	.	41	8	1.0000	HIGH	NONE	ALLELE_STATE
SAMN16801849	SRR13089480	HPL00369	PRIMARY_TECHNICAL	HPL00369_26695	NONE	YES	.	38	9	1.0000	HIGH	NONE	ALLELE_STATE
SAMN16801849	SRR13089480	HPL00370	PRIMARY_TECHNICAL	HPL00370_26695	NONE	YES	.	33	8	1.0000	HIGH	NONE	ALLELE_STATE
SAMN16801849	SRR13089480	HPL00376	PRIMARY_TECHNICAL	HPL00376_26695	NONE	YES	.	35	8	1.0000	HIGH	NONE	ALLELE_STATE
SAMN16801849	SRR13089480	HPL00377	PRIMARY_TECHNICAL	HPL00377_26695	NONE	YES	.	35	8	1.0000	HIGH	NONE	ALLELE_STATE
SAMN16801849	SRR13089480	HPL00378	PRIMARY_TECHNICAL	HPL00378_26695	NONE	NO	NO_SPANNING_READS	0			NA	NA	UNCALLABLE
SAMN16801849	SRR13089480	HPL00379	PRIMARY_TECHNICAL	HPL00379_26695	NONE	YES	.	39	8	1.0000	HIGH	NONE	ALLELE_STATE
SAMN16801849	SRR13089480	HPL00380	PRIMARY_TECHNICAL	HPL00380_G27	NONE	YES	.	29	8	0.9655	HIGH	NONE	ALLELE_STATE
SAMN16801849	SRR13089480	HPL00381	PROVISIONAL_TECHNICAL	HPL00381_J99	NONE	YES	.	25	8	1.0000	HIGH	NONE	ALLELE_STATE
SAMN16801849	SRR13089480	HPL00383	PRIMARY_TECHNICAL	HPL00383_26695	NONE	YES	.	35	8	1.0000	HIGH	NONE	ALLELE_STATE
SAMN16801849	SRR13089480	HPL00385	PROVISIONAL_TECHNICAL	HPL00385_26695	NONE	NO	NO_SPANNING_READS	0			NA	NA	UNCALLABLE
SAMN16801849	SRR13089480	HPL00386	PRIMARY_TECHNICAL	HPL00386_26695	NONE	YES	.	34	8	1.0000	HIGH	NONE	ALLELE_STATE
SAMN16801849	SRR13089480	HPL00387	PROVISIONAL_TECHNICAL	HPL00387_G27	NONE	YES	.	27	12	1.0000	HIGH	NONE	ALLELE_STATE
SAMN16801849	SRR13089480	HPL00390	PRIMARY_TECHNICAL	HPL00390_Shi470	NONE	YES	.	32	8	1.0000	HIGH	NONE	ALLELE_STATE
SAMN16801849	SRR13089480	HPL00392	PRIMARY_TECHNICAL	HPL00392_26695	NONE	YES	.	31	8	0.9677	HIGH	NONE	ALLELE_STATE
SAMN16801849	SRR13089480	HPL00393	PRIMARY_TECHNICAL	HPL00393_P12	NONE	YES	.	33	6	1.0000	HIGH	NONE	ALLELE_STATE
SAMN16801849	SRR13089480	HPL00403	PRIMARY_TECHNICAL	HPL00403_26695	NONE	YES	.	24	8	1.0000	HIGH	NONE	ALLELE_STATE
SAMN16801849	SRR13089480	HPL00404	PRIMARY_TECHNICAL	HPL00404_26695	NONE	YES	.	18	8	1.0000	MEDIUM	NONE	ALLELE_STATE
SAMN16801849	SRR13089480	HPL00407	PRIMARY_TECHNICAL	HPL00407_26695	NONE	YES	.	39	8	1.0000	HIGH	NONE	ALLELE_STATE
SAMN16801849	SRR13089480	HPL00409	PRIMARY_TECHNICAL	HPL00409_26695	NONE	YES	.	32	8	0.9688	HIGH	NONE	ALLELE_STATE
SAMN16801849	SRR13089480	HPL00413	PRIMARY_TECHNICAL	HPL00413_26695	NONE	YES	.	20	8	1.0000	HIGH	NONE	ALLELE_STATE
SAMN16801849	SRR13089480	HPL00414	PRIMARY_TECHNICAL	HPL00414_Shi470	NONE	YES	.	33	8	1.0000	HIGH	NONE	ALLELE_STATE
SAMN16801849	SRR13089480	HPL00415	PRIMARY_TECHNICAL	HPL00415_P12	NONE	YES	.	33	8	1.0000	HIGH	NONE	ALLELE_STATE
SAMN16801849	SRR13089480	HPL00419	PRIMARY_TECHNICAL	HPL00419_26695	NONE	YES	.	38	8	1.0000	HIGH	NONE	ALLELE_STATE
SAMN16801849	SRR13089480	HPL00421	PRIMARY_TECHNICAL	HPL00421_26695	NONE	YES	.	27	8	1.0000	HIGH	NONE	ALLELE_STATE
SAMN16801849	SRR13089480	HPL00423	PRIMARY_TECHNICAL	HPL00423_Shi470	NONE	YES	.	41	8	1.0000	HIGH	NONE	ALLELE_STATE
SAMN16801849	SRR13089480	HPL00424	PRIMARY_TECHNICAL	HPL00424_HPAG1	NONE	YES	.	43	8	1.0000	HIGH	NONE	ALLELE_STATE
SAMN16801849	SRR13089480	HPL00426	PROVISIONAL_TECHNICAL	HPL00426_26695	MEMBER_ALLELE_CONFLICT:HPL00426_Shi470	NO	MEMBER_ALLELE_CONFLICT	17	14	0.6471	NA	MIXTURE_CANDIDATE	UNCALLABLE
SAMN16801849	SRR13089480	HPL00429	PRIMARY_TECHNICAL	HPL00429_26695	NONE	YES	.	29	8	1.0000	HIGH	NONE	ALLELE_STATE
SAMN16801849	SRR13089480	HPL00430	PRIMARY_TECHNICAL	HPL00430_26695	NONE	NO	NO_SPANNING_READS	0			NA	NA	UNCALLABLE
SAMN16801849	SRR13089480	HPL00435	PRIMARY_TECHNICAL	HPL00435_B8	NONE	YES	.	44	9	0.9773	HIGH	NONE	ALLELE_STATE
SAMN16801849	SRR13089480	HPL00436	PRIMARY_TECHNICAL	HPL00436_J99	NONE	YES	.	53	8	1.0000	HIGH	NONE	ALLELE_STATE
SAMN16801849	SRR13089480	HPL00439	PROVISIONAL_TECHNICAL	HPL00439_26695	NONE	YES	.	45	12	1.0000	HIGH	NONE	ALLELE_STATE
SAMN16801849	SRR13089480	HPL00442	PRIMARY_TECHNICAL	HPL00442_26695	NONE	YES	.	37	8	1.0000	HIGH	NONE	ALLELE_STATE
SAMN16801849	SRR13089480	HPL00443	PRIMARY_TECHNICAL	HPL00443_B8	NONE	YES	.	57	9	0.9649	HIGH	NONE	ALLELE_STATE
SAMN16801849	SRR13089480	HPL00447	PRIMARY_TECHNICAL	HPL00447_26695	NONE	NO	INSUFFICIENT_SPANNING_READS(7<8)	7			NA	NA	UNCALLABLE
SAMN16801849	SRR13089480	HPL00450	PRIMARY_TECHNICAL	HPL00450_J99	NONE	YES	.	47	8	0.9574	HIGH	NONE	ALLELE_STATE
SAMN16801849	SRR13089480	HPL00453	PROVISIONAL_TECHNICAL	HPL00453_26695	NONE	NO	NO_SPANNING_READS	0			NA	NA	UNCALLABLE
SAMN16801849	SRR13089480	HPL00454	PROVISIONAL_TECHNICAL	HPL00454_J99	NONE	YES	.	31	12	1.0000	HIGH	NONE	ALLELE_STATE
SAMN16801849	SRR13089480	HPL00460	PRIMARY_TECHNICAL	HPL00460_26695	NONE	YES	.	26	8	1.0000	HIGH	NONE	ALLELE_STATE
SAMN16801849	SRR13089480	HPL00465	PRIMARY_TECHNICAL	HPL00465_Shi470	NONE	YES	.	47	8	1.0000	HIGH	NONE	ALLELE_STATE
SAMN16801849	SRR13089480	HPL00466	PRIMARY_TECHNICAL	HPL00466_Shi470	NONE	YES	.	39	9	1.0000	HIGH	NONE	ALLELE_STATE
SAMN16801849	SRR13089480	HPL00469	PRIMARY_TECHNICAL	HPL00469_G27	NONE	YES	.	17	8	1.0000	MEDIUM	NONE	ALLELE_STATE
SAMN16801849	SRR13089480	HPL00479	PRIMARY_TECHNICAL	HPL00479_P12	NONE	YES	.	42	8	1.0000	HIGH	NONE	ALLELE_STATE
SAMN16801849	SRR13089480	HPL00482	PRIMARY_TECHNICAL	HPL00482_26695	NONE	YES	.	33	8	1.0000	HIGH	NONE	ALLELE_STATE
SAMN16801849	SRR13089480	HPL00483	PRIMARY_TECHNICAL	HPL00483_J99	NONE	YES	.	39	8	1.0000	HIGH	NONE	ALLELE_STATE
SAMN16801849	SRR13089480	HPL00485	PRIMARY_TECHNICAL	HPL00485_B8	NONE	YES	.	18	8	1.0000	MEDIUM	NONE	ALLELE_STATE
SAMN16801849	SRR13089480	HPL00487	PROVISIONAL_TECHNICAL	HPL00487_G27	NONE	YES	.	38	8	1.0000	HIGH	NONE	ALLELE_STATE
SAMN16801849	SRR13089480	HPL00493	PRIMARY_TECHNICAL	HPL00493_26695	NONE	YES	.	59	8	1.0000	HIGH	NONE	ALLELE_STATE
SAMN16801849	SRR13089480	HPL00496	PRIMARY_TECHNICAL	HPL00496_26695	NONE	YES	.	39	8	1.0000	HIGH	NONE	ALLELE_STATE
SAMN16801849	SRR13089480	HPL00497	PRIMARY_TECHNICAL	HPL00497_India7	NONE	YES	.	23	8	1.0000	HIGH	NONE	AMBIGUOUS
SAMN16801849	SRR13089480	HPL00498	PRIMARY_TECHNICAL	HPL00498_26695	NONE	YES	.	44	8	1.0000	HIGH	NONE	ALLELE_STATE
SAMN16801849	SRR13089480	HPL00499	PROVISIONAL_TECHNICAL	HPL00499_HPAG1	NONE	YES	.	44	8	1.0000	HIGH	NONE	ALLELE_STATE
SAMN16801849	SRR13089480	HPL00501	PRIMARY_TECHNICAL	HPL00501_26695	NONE	YES	.	27	8	1.0000	HIGH	NONE	ALLELE_STATE
SAMN16801849	SRR13089480	HPL00502	PRIMARY_TECHNICAL	HPL00502_B8	NONE	YES	.	30	8	1.0000	HIGH	NONE	ALLELE_STATE
SAMN16801849	SRR13089480	HPL00503	PRIMARY_TECHNICAL	HPL00503_26695	NONE	YES	.	39	7	1.0000	HIGH	NONE	ALLELE_STATE
SAMN16801849	SRR13089480	HPL00505	PRIMARY_TECHNICAL	HPL00505_Shi470	MEMBER_ALLELE_CONFLICT:HPL00505_P12	NO	MEMBER_ALLELE_CONFLICT	38	8	1.0000	NA	NONE	UNCALLABLE
SAMN16801849	SRR13089480	HPL00506	PRIMARY_TECHNICAL	HPL00506_26695	NONE	YES	.	53	8	1.0000	HIGH	NONE	ALLELE_STATE
SAMN16801849	SRR13089480	HPL00510	PROVISIONAL_TECHNICAL	HPL00510_Shi470	NONE	YES	.	31	13	1.0000	HIGH	NONE	ALLELE_STATE
SAMN16801849	SRR13089480	HPL00514	PRIMARY_TECHNICAL	HPL00514_P12	NONE	YES	.	41	8	1.0000	HIGH	NONE	ALLELE_STATE
SAMN16801849	SRR13089480	HPL00518	PROVISIONAL_TECHNICAL	HPL00518_India7	NONE	YES	.	13	7	1.0000	MEDIUM	NONE	ALLELE_STATE
SAMN16801849	SRR13089480	HPL00521	PRIMARY_TECHNICAL	HPL00521_G27	NONE	YES	.	13	9	1.0000	MEDIUM	NONE	ALLELE_STATE
SAMN16801849	SRR13089480	HPL00524	PRIMARY_TECHNICAL	HPL00524_G27	NONE	YES	.	48	8	1.0000	HIGH	NONE	ALLELE_STATE
SAMN16801849	SRR13089480	HPL00529	PRIMARY_TECHNICAL	HPL00529_J99	NONE	YES	.	36	8	1.0000	HIGH	NONE	ALLELE_STATE
SAMN16801849	SRR13089480	HPL00530	PRIMARY_TECHNICAL	HPL00530_G27	NONE	YES	.	33	8	1.0000	HIGH	NONE	ALLELE_STATE
SAMN16801849	SRR13089480	HPL00531	PRIMARY_TECHNICAL	HPL00531_G27	NONE	YES	.	46	8	1.0000	HIGH	NONE	ALLELE_STATE
SAMN16801849	SRR13089480	HPL00533	PROVISIONAL_TECHNICAL	HPL00533_J99	NONE	YES	.	46	8	1.0000	HIGH	NONE	ALLELE_STATE
SAMN16801849	SRR13089480	HPL00540	PRIMARY_TECHNICAL	HPL00540_J99	NONE	YES	.	35	9	0.9714	HIGH	NONE	ALLELE_STATE
SAMN16801849	SRR13089480	HPL00544	PRIMARY_TECHNICAL	HPL00544_J99	NONE	NO	NO_SPANNING_READS	0			NA	NA	UNCALLABLE
SAMN16801849	SRR13089480	HPL00548	PRIMARY_TECHNICAL	HPL00548_J99	NONE	NO	NO_SPANNING_READS	0			NA	NA	UNCALLABLE
SAMN16801849	SRR13089480	HPL00549	PROVISIONAL_TECHNICAL	HPL00549_P12	NONE	YES	.	39	10	1.0000	HIGH	NONE	ALLELE_STATE
SAMN16801849	SRR13089480	HPL00571	PRIMARY_TECHNICAL	HPL00571_P12	NONE	YES	.	16	8	1.0000	MEDIUM	NONE	ALLELE_STATE
SAMN16801849	SRR13089480	HPL00573	PRIMARY_TECHNICAL	HPL00573_J99	NONE	YES	.	32	9	1.0000	HIGH	NONE	ALLELE_STATE
SAMN16801849	SRR13089480	HPL00576	PRIMARY_TECHNICAL	HPL00576_J99	NONE	NO	NO_SPANNING_READS	0			NA	NA	UNCALLABLE
SAMN16801849	SRR13089480	HPL00582	PRIMARY_TECHNICAL	HPL00582_India7	NONE	YES	.	12	8	1.0000	MEDIUM	NONE	ALLELE_STATE
SAMN16801849	SRR13089480	HPL00601	PRIMARY_TECHNICAL	HPL00601_HPAG1	NONE	YES	.	26	8	1.0000	HIGH	NONE	ALLELE_STATE
SAMN16801849	SRR13089480	HPL00603	PRIMARY_TECHNICAL	HPL00603_J99	NONE	NO	NO_SPANNING_READS	0			NA	NA	UNCALLABLE
SAMN16801849	SRR13089480	HPL00604	PRIMARY_TECHNICAL	HPL00604_G27	NONE	YES	.	39	8	1.0000	HIGH	NONE	AMBIGUOUS
SAMN16801849	SRR13089480	HPL00608	PROVISIONAL_TECHNICAL	HPL00608_India7	NONE	YES	.	20	8	1.0000	HIGH	NONE	ALLELE_STATE
SAMN16801849	SRR13089480	HPL00609	PRIMARY_TECHNICAL	HPL00609_B8	NONE	YES	.	18	8	1.0000	MEDIUM	NONE	ALLELE_STATE
SAMN16801849	SRR13089480	HPL00613	PRIMARY_TECHNICAL	HPL00613_G27	NONE	YES	.	33	8	1.0000	HIGH	NONE	ALLELE_STATE
SAMN16801849	SRR13089480	HPL00622	PROVISIONAL_TECHNICAL	HPL00622_India7	NONE	YES	.	27	8	1.0000	HIGH	NONE	ALLELE_STATE
SAMN16801849	SRR13089480	HPL00628	PROVISIONAL_TECHNICAL	HPL00628_India7	NONE	YES	.	29	9	1.0000	HIGH	NONE	ALLELE_STATE
SAMN16801849	SRR13089480	HPL00640	PRIMARY_TECHNICAL	HPL00640_P12	NONE	YES	.	47	8	1.0000	HIGH	NONE	ALLELE_STATE
SAMN16801849	SRR13089480	HPL00645	PRIMARY_TECHNICAL	HPL00645_HPAG1	NONE	YES	.	32	8	1.0000	HIGH	NONE	ALLELE_STATE
SAMN16801849	SRR13089480	HPL00679	PRIMARY_TECHNICAL	HPL00679_J99	NONE	NO	NO_SPANNING_READS	0			NA	NA	UNCALLABLE
SAMN16801849	SRR13089480	HPL00682	PRIMARY_TECHNICAL	HPL00682_J99	NONE	YES	.	25	7	1.0000	HIGH	NONE	ALLELE_STATE
SAMN16801849	SRR13089480	HPL00685	PROVISIONAL_TECHNICAL	HPL00685_J99	NONE	YES	.	17	12	0.8824	LOW	NONE	AMBIGUOUS
SAMN16801849	SRR13089480	HPL00699	PRIMARY_TECHNICAL	HPL00699_B8	NONE	YES	.	13	8	1.0000	MEDIUM	NONE	ALLELE_STATE
SAMN16801849	SRR13089480	HPL00702	PRIMARY_TECHNICAL	HPL00702_G27	NONE	YES	.	19	8	1.0000	MEDIUM	NONE	ALLELE_STATE
SAMN16801849	SRR13089480	HPL00709	PRIMARY_TECHNICAL	HPL00709_HPAG1	NONE	YES	.	31	7	1.0000	HIGH	NONE	ALLELE_STATE
SAMN16801849	SRR13089480	HPL00743	PROVISIONAL_TECHNICAL	HPL00743_India7	NONE	YES	.	22	12	1.0000	HIGH	NONE	ALLELE_STATE
SAMN16801849	SRR13089480	HPL00750	PRIMARY_TECHNICAL	HPL00750_HPAG1	NONE	YES	.	40	8	1.0000	HIGH	NONE	ALLELE_STATE
SAMN16801849	SRR13089480	HPL00751	PRIMARY_TECHNICAL	HPL00751_HPAG1	NONE	YES	.	32	8	1.0000	HIGH	NONE	ALLELE_STATE
SAMN16801849	SRR13089480	HPL00752	PRIMARY_TECHNICAL	HPL00752_G27	NONE	YES	.	26	8	1.0000	HIGH	NONE	ALLELE_STATE
SAMN16801849	SRR13089480	HPL00761	PRIMARY_TECHNICAL	HPL00761_Shi470	NONE	YES	.	25	8	1.0000	HIGH	NONE	ALLELE_STATE
SAMN16801849	SRR13089480	HPL00780	PRIMARY_TECHNICAL	HPL00780_HPAG1	NONE	NO	NO_SPANNING_READS	0			NA	NA	UNCALLABLE
SAMN16801849	SRR13089480	HPL00782	PRIMARY_TECHNICAL	HPL00782_P12	NONE	YES	.	40	8	1.0000	HIGH	NONE	ALLELE_STATE
SAMN16801849	SRR13089480	HPL00804	PRIMARY_TECHNICAL	HPL00804_Shi470	NONE	YES	.	41	8	1.0000	HIGH	NONE	ALLELE_STATE
SAMN16801849	SRR13089480	HPL00809	PRIMARY_TECHNICAL	HPL00809_HPAG1	NONE	NO	NOT_CALLER_ELIGIBLE:NO:not_uniquely_anchorable				NA	NA	NOT_APPLICABLE
SAMN16801849	SRR13089480	HPL00811	PRIMARY_TECHNICAL	HPL00811_Shi470	NONE	YES	.	49	8	1.0000	HIGH	NONE	ALLELE_STATE
SAMN16801849	SRR13089480	HPL00816	PRIMARY_TECHNICAL	HPL00816_HPAG1	NONE	NO	NO_SPANNING_READS	0			NA	NA	UNCALLABLE
SAMN16801849	SRR13089480	HPL00817	PRIMARY_TECHNICAL	HPL00817_P12	NONE	YES	.	25	8	1.0000	HIGH	NONE	ALLELE_STATE
SAMN16801849	SRR13089480	HPL00818	PRIMARY_TECHNICAL	HPL00818_G27	NONE	YES	.	21	6	1.0000	HIGH	NONE	ALLELE_STATE
SAMN16801849	SRR13089480	HPL00835	PRIMARY_TECHNICAL	HPL00835_G27	NONE	YES	.	15	8	1.0000	MEDIUM	NONE	ALLELE_STATE
SAMN16801849	SRR13089480	HPL00838	PRIMARY_TECHNICAL	HPL00838_G27	NONE	YES	.	19	7	1.0000	MEDIUM	NONE	ALLELE_STATE
SAMN16801849	SRR13089480	HPL00839	PRIMARY_TECHNICAL	HPL00839_B8	NONE	YES	.	16	8	1.0000	MEDIUM	NONE	ALLELE_STATE
SAMN16801849	SRR13089480	HPL00840	PRIMARY_TECHNICAL	HPL00840_G27	NONE	NO	NO_SPANNING_READS	0			NA	NA	UNCALLABLE
SAMN16801849	SRR13089480	HPL00841	PRIMARY_TECHNICAL	HPL00841_G27	NONE	NO	NO_SPANNING_READS	0			NA	NA	UNCALLABLE
SAMN16801849	SRR13089480	HPL00849	PRIMARY_TECHNICAL	HPL00849_G27	NONE	NO	NO_SPANNING_READS	0			NA	NA	UNCALLABLE
SAMN16801849	SRR13089480	HPL00884	PRIMARY_TECHNICAL	HPL00884_G27	NONE	YES	.	53	8	1.0000	HIGH	NONE	ALLELE_STATE
SAMN16801849	SRR13089480	HPL00934	PRIMARY_TECHNICAL	HPL00934_G27	NONE	NO	NO_SPANNING_READS	0			NA	NA	UNCALLABLE
SAMN16801849	SRR13089480	HPL00977	PRIMARY_TECHNICAL	HPL00977_P12	NONE	NO	NO_SPANNING_READS	0			NA	NA	UNCALLABLE
SAMN16801849	SRR13089480	HPL01050	PRIMARY_TECHNICAL	HPL01050_B8	NONE	YES	.	34	8	0.9706	HIGH	NONE	ALLELE_STATE
SAMN16801849	SRR13089480	HPL01053	PRIMARY_TECHNICAL	HPL01053_P12	NONE	YES	.	31	7	1.0000	HIGH	NONE	ALLELE_STATE
SAMN16801849	SRR13089480	HPL01081	PRIMARY_TECHNICAL	HPL01081_B8	NONE	NO	NO_SPANNING_READS	0			NA	NA	UNCALLABLE
SAMN16801849	SRR13089480	HPL01098	PROVISIONAL_TECHNICAL	HPL01098_B8	NONE	YES	.	24	12	1.0000	HIGH	NONE	ALLELE_STATE
SAMN16801849	SRR13089480	HPL01110	PRIMARY_TECHNICAL	HPL01110_India7	NONE	YES	.	16	8	1.0000	MEDIUM	NONE	ALLELE_STATE
SAMN16801849	SRR13089480	HPL01140	PRIMARY_TECHNICAL	HPL01140_B8	NONE	NO	NO_SPANNING_READS	0			NA	NA	UNCALLABLE
SAMN16801850	SRR13089479	HPL00001	PRIMARY_TECHNICAL	HPL00001_26695	NONE	YES	.	41	8	1.0000	HIGH	NONE	ALLELE_STATE
SAMN16801850	SRR13089479	HPL00002	PRIMARY_TECHNICAL	HPL00002_B8	NONE	YES	.	26	8	1.0000	HIGH	NONE	ALLELE_STATE
SAMN16801850	SRR13089479	HPL00007	PRIMARY_TECHNICAL	HPL00007_26695	NONE	YES	.	42	8	1.0000	HIGH	NONE	ALLELE_STATE
SAMN16801850	SRR13089479	HPL00008	PRIMARY_TECHNICAL	HPL00008_B8	NONE	YES	.	54	8	1.0000	HIGH	NONE	ALLELE_STATE
SAMN16801850	SRR13089479	HPL00010	PRIMARY_TECHNICAL	HPL00010_Shi470	NONE	YES	.	36	15	0.7500	HIGH	MIXTURE_CANDIDATE	ALLELE_STATE
SAMN16801850	SRR13089479	HPL00013	PRIMARY_TECHNICAL	HPL00013_Shi470	NONE	YES	.	21	8	1.0000	HIGH	NONE	ALLELE_STATE
SAMN16801850	SRR13089479	HPL00014	PRIMARY_TECHNICAL	HPL00014_J99	NONE	YES	.	26	8	1.0000	HIGH	NONE	ALLELE_STATE
SAMN16801850	SRR13089479	HPL00018	PROVISIONAL_TECHNICAL	HPL00018_26695	NONE	NO	NO_SPANNING_READS	0			NA	NA	UNCALLABLE
SAMN16801850	SRR13089479	HPL00019	PRIMARY_TECHNICAL	HPL00019_26695	NONE	NO	NO_SPANNING_READS	0			NA	NA	UNCALLABLE
SAMN16801850	SRR13089479	HPL00022	PROVISIONAL_TECHNICAL	HPL00022_P12	NONE	YES	.	43	14	1.0000	HIGH	NONE	ALLELE_STATE
SAMN16801850	SRR13089479	HPL00024	PRIMARY_TECHNICAL	HPL00024_26695	NONE	YES	.	31	8	1.0000	HIGH	NONE	ALLELE_STATE
SAMN16801850	SRR13089479	HPL00025	PRIMARY_TECHNICAL	HPL00025_26695	NONE	YES	.	40	8	1.0000	HIGH	NONE	ALLELE_STATE
SAMN16801850	SRR13089479	HPL00030	PROVISIONAL_TECHNICAL	HPL00030_HPAG1	NONE	YES	.	17	12	1.0000	MEDIUM	NONE	ALLELE_STATE
SAMN16801850	SRR13089479	HPL00031	PROVISIONAL_TECHNICAL	HPL00031_26695	NONE	YES	.	37	12	1.0000	HIGH	NONE	ALLELE_STATE
SAMN16801850	SRR13089479	HPL00033	PROVISIONAL_TECHNICAL	HPL00033_26695	NONE	YES	.	22	11	1.0000	HIGH	NONE	ALLELE_STATE
SAMN16801850	SRR13089479	HPL00037	PRIMARY_TECHNICAL	HPL00037_26695	NONE	YES	.	41	8	1.0000	HIGH	NONE	ALLELE_STATE
SAMN16801850	SRR13089479	HPL00038	PRIMARY_TECHNICAL	HPL00038_26695	NONE	YES	.	56	8	1.0000	HIGH	NONE	ALLELE_STATE
SAMN16801850	SRR13089479	HPL00040	PRIMARY_TECHNICAL	HPL00040_HPAG1	NONE	YES	.	49	8	1.0000	HIGH	NONE	ALLELE_STATE
SAMN16801850	SRR13089479	HPL00042	PRIMARY_TECHNICAL	HPL00042_Shi470	NONE	YES	.	28	8	1.0000	HIGH	NONE	ALLELE_STATE
SAMN16801850	SRR13089479	HPL00043	PRIMARY_TECHNICAL	HPL00043_26695	NONE	YES	.	40	8	1.0000	HIGH	NONE	ALLELE_STATE
SAMN16801850	SRR13089479	HPL00044	PRIMARY_TECHNICAL	HPL00044_26695	NONE	YES	.	39	8	1.0000	HIGH	NONE	ALLELE_STATE
SAMN16801850	SRR13089479	HPL00045	PROVISIONAL_TECHNICAL	HPL00045_P12	NONE	YES	.	8	14	0.6250	LOW	NONE	AMBIGUOUS
SAMN16801850	SRR13089479	HPL00046	PROVISIONAL_TECHNICAL	HPL00046_HPAG1	NONE	YES	.	46	12	1.0000	HIGH	NONE	ALLELE_STATE
SAMN16801850	SRR13089479	HPL00047	PRIMARY_TECHNICAL	HPL00047_26695	NONE	NO	NO_SPANNING_READS	0			NA	NA	UNCALLABLE
SAMN16801850	SRR13089479	HPL00049	PRIMARY_TECHNICAL	HPL00049_B8	NONE	YES	.	43	8	1.0000	HIGH	NONE	ALLELE_STATE
SAMN16801850	SRR13089479	HPL00050	PRIMARY_TECHNICAL	HPL00050_26695	NONE	YES	.	41	8	1.0000	HIGH	NONE	ALLELE_STATE
SAMN16801850	SRR13089479	HPL00051	PRIMARY_TECHNICAL	HPL00051_Shi470	NONE	YES	.	34	8	1.0000	HIGH	NONE	ALLELE_STATE
SAMN16801850	SRR13089479	HPL00053	PRIMARY_TECHNICAL	HPL00053_26695	NONE	YES	.	39	8	1.0000	HIGH	NONE	ALLELE_STATE
SAMN16801850	SRR13089479	HPL00055	PRIMARY_TECHNICAL	HPL00055_Shi470	NONE	YES	.	50	8	1.0000	HIGH	NONE	ALLELE_STATE
SAMN16801850	SRR13089479	HPL00060	PROVISIONAL_TECHNICAL	HPL00060_26695	NONE	NO	NO_SPANNING_READS	0			NA	NA	UNCALLABLE
SAMN16801850	SRR13089479	HPL00061	PROVISIONAL_TECHNICAL	HPL00061_26695	NONE	YES	.	21	10	0.9524	HIGH	NONE	OFF
SAMN16801850	SRR13089479	HPL00063	PROVISIONAL_TECHNICAL	HPL00063_26695	NONE	YES	.	33	12	1.0000	HIGH	NONE	ALLELE_STATE
SAMN16801850	SRR13089479	HPL00064	PRIMARY_TECHNICAL	HPL00064_26695	NONE	YES	.	48	8	0.9792	HIGH	NONE	ALLELE_STATE
SAMN16801850	SRR13089479	HPL00065	PROVISIONAL_TECHNICAL	HPL00065_HPAG1	NONE	YES	.	41	12	1.0000	HIGH	NONE	ALLELE_STATE
SAMN16801850	SRR13089479	HPL00068	PRIMARY_TECHNICAL	HPL00068_Shi470	NONE	YES	.	43	9	0.9535	HIGH	NONE	ALLELE_STATE
SAMN16801850	SRR13089479	HPL00070	PROVISIONAL_TECHNICAL	HPL00070_26695	NONE	YES	.	34	12	0.9706	HIGH	NONE	ALLELE_STATE
SAMN16801850	SRR13089479	HPL00071	PRIMARY_TECHNICAL	HPL00071_26695	NONE	YES	.	44	8	1.0000	HIGH	NONE	ALLELE_STATE
SAMN16801850	SRR13089479	HPL00072	PRIMARY_TECHNICAL	HPL00072_26695	NONE	YES	.	29	8	1.0000	HIGH	NONE	ALLELE_STATE
SAMN16801850	SRR13089479	HPL00073	PRIMARY_TECHNICAL	HPL00073_26695	NONE	YES	.	40	8	1.0000	HIGH	NONE	ALLELE_STATE
SAMN16801850	SRR13089479	HPL00074	PRIMARY_TECHNICAL	HPL00074_26695	NONE	YES	.	31	8	1.0000	HIGH	NONE	ALLELE_STATE
SAMN16801850	SRR13089479	HPL00075	PRIMARY_TECHNICAL	HPL00075_J99	NONE	YES	.	33	8	1.0000	HIGH	NONE	ALLELE_STATE
SAMN16801850	SRR13089479	HPL00076	PRIMARY_TECHNICAL	HPL00076_Shi470	NONE	YES	.	69	8	1.0000	HIGH	NONE	ALLELE_STATE
SAMN16801850	SRR13089479	HPL00077	PRIMARY_TECHNICAL	HPL00077_B8	NONE	YES	.	46	8	1.0000	HIGH	NONE	ALLELE_STATE
SAMN16801850	SRR13089479	HPL00079	PRIMARY_TECHNICAL	HPL00079_G27	NONE	YES	.	26	8	1.0000	HIGH	NONE	ALLELE_STATE
SAMN16801850	SRR13089479	HPL00080	PRIMARY_TECHNICAL	HPL00080_26695	NONE	YES	.	30	8	0.9667	HIGH	NONE	ALLELE_STATE
SAMN16801850	SRR13089479	HPL00083	PROVISIONAL_TECHNICAL	HPL00083_26695	NONE	YES	.	32	13	1.0000	HIGH	NONE	ALLELE_STATE
SAMN16801850	SRR13089479	HPL00084	PRIMARY_TECHNICAL	HPL00084_Shi470	NONE	YES	.	42	8	1.0000	HIGH	NONE	ALLELE_STATE
SAMN16801850	SRR13089479	HPL00085	PRIMARY_TECHNICAL	HPL00085_26695	NONE	YES	.	38	8	1.0000	HIGH	NONE	ALLELE_STATE
SAMN16801850	SRR13089479	HPL00087	PRIMARY_TECHNICAL	HPL00087_HPAG1	NONE	YES	.	33	9	1.0000	HIGH	NONE	AMBIGUOUS
SAMN16801850	SRR13089479	HPL00089	PRIMARY_TECHNICAL	HPL00089_Shi470	NONE	YES	.	38	8	1.0000	HIGH	NONE	ALLELE_STATE
SAMN16801850	SRR13089479	HPL00090	PRIMARY_TECHNICAL	HPL00090_India7	NONE	YES	.	40	8	1.0000	HIGH	NONE	ALLELE_STATE
SAMN16801850	SRR13089479	HPL00099	PRIMARY_TECHNICAL	HPL00099_HPAG1	NONE	YES	.	39	8	1.0000	HIGH	NONE	ALLELE_STATE
SAMN16801850	SRR13089479	HPL00103	PRIMARY_TECHNICAL	HPL00103_B8	NONE	YES	.	27	15	0.7407	HIGH	MIXTURE_CANDIDATE	ALLELE_STATE
SAMN16801850	SRR13089479	HPL00104	PRIMARY_TECHNICAL	HPL00104_26695	NONE	NO	NO_SPANNING_READS	0			NA	NA	UNCALLABLE
SAMN16801850	SRR13089479	HPL00105	PRIMARY_TECHNICAL	HPL00105_B8	NONE	YES	.	28	8	1.0000	HIGH	NONE	ALLELE_STATE
SAMN16801850	SRR13089479	HPL00106	PRIMARY_TECHNICAL	HPL00106_G27	NONE	YES	.	38	8	0.9737	HIGH	NONE	ALLELE_STATE
SAMN16801850	SRR13089479	HPL00107	PRIMARY_TECHNICAL	HPL00107_Shi470	NONE	YES	.	27	8	1.0000	HIGH	NONE	ALLELE_STATE
SAMN16801850	SRR13089479	HPL00108	PRIMARY_TECHNICAL	HPL00108_B8	NONE	YES	.	45	8	0.9778	HIGH	NONE	ALLELE_STATE
SAMN16801850	SRR13089479	HPL00109	PRIMARY_TECHNICAL	HPL00109_26695	NONE	YES	.	37	8	1.0000	HIGH	NONE	ALLELE_STATE
SAMN16801850	SRR13089479	HPL00111	PRIMARY_TECHNICAL	HPL00111_26695	NONE	YES	.	35	8	1.0000	HIGH	NONE	ALLELE_STATE
SAMN16801850	SRR13089479	HPL00112	PRIMARY_TECHNICAL	HPL00112_Shi470	NONE	YES	.	27	9	0.9630	HIGH	NONE	ALLELE_STATE
SAMN16801850	SRR13089479	HPL00113	PRIMARY_TECHNICAL	HPL00113_P12	NONE	YES	.	37	8	1.0000	HIGH	NONE	ALLELE_STATE
SAMN16801850	SRR13089479	HPL00116	PRIMARY_TECHNICAL	HPL00116_26695	NONE	YES	.	41	8	1.0000	HIGH	NONE	ALLELE_STATE
SAMN16801850	SRR13089479	HPL00117	PRIMARY_TECHNICAL	HPL00117_B8	NONE	YES	.	46	9	1.0000	HIGH	NONE	AMBIGUOUS
SAMN16801850	SRR13089479	HPL00119	PRIMARY_TECHNICAL	HPL00119_Shi470	NONE	YES	.	42	8	1.0000	HIGH	NONE	ALLELE_STATE
SAMN16801850	SRR13089479	HPL00120	PRIMARY_TECHNICAL	HPL00120_Shi470	NONE	YES	.	51	8	1.0000	HIGH	NONE	ALLELE_STATE
SAMN16801850	SRR13089479	HPL00121	PRIMARY_TECHNICAL	HPL00121_26695	NONE	YES	.	36	7	1.0000	HIGH	NONE	ALLELE_STATE
SAMN16801850	SRR13089479	HPL00123	PRIMARY_TECHNICAL	HPL00123_HPAG1	NONE	YES	.	35	8	1.0000	HIGH	NONE	ALLELE_STATE
SAMN16801850	SRR13089479	HPL00125	PRIMARY_TECHNICAL	HPL00125_26695	NONE	YES	.	49	8	1.0000	HIGH	NONE	ALLELE_STATE
SAMN16801850	SRR13089479	HPL00126	PRIMARY_TECHNICAL	HPL00126_HPAG1	NONE	YES	.	46	8	1.0000	HIGH	NONE	ALLELE_STATE
SAMN16801850	SRR13089479	HPL00127	PRIMARY_TECHNICAL	HPL00127_B8	NONE	YES	.	36	9	1.0000	HIGH	NONE	ALLELE_STATE
SAMN16801850	SRR13089479	HPL00134	PRIMARY_TECHNICAL	HPL00134_26695	NONE	NO	NO_SPANNING_READS	0			NA	NA	UNCALLABLE
SAMN16801850	SRR13089479	HPL00138	PRIMARY_TECHNICAL	HPL00138_B8	NONE	YES	.	45	8	1.0000	HIGH	NONE	ALLELE_STATE
SAMN16801850	SRR13089479	HPL00139	PRIMARY_TECHNICAL	HPL00139_26695	NONE	YES	.	34	8	1.0000	HIGH	NONE	ALLELE_STATE
SAMN16801850	SRR13089479	HPL00141	PRIMARY_TECHNICAL	HPL00141_B8	NONE	YES	.	28	8	1.0000	HIGH	NONE	ALLELE_STATE
SAMN16801850	SRR13089479	HPL00143	PRIMARY_TECHNICAL	HPL00143_B8	NONE	YES	.	46	8	1.0000	HIGH	NONE	ALLELE_STATE
SAMN16801850	SRR13089479	HPL00145	PRIMARY_TECHNICAL	HPL00145_India7	NONE	YES	.	47	8	1.0000	HIGH	NONE	ALLELE_STATE
SAMN16801850	SRR13089479	HPL00150	PRIMARY_TECHNICAL	HPL00150_Shi470	NONE	YES	.	40	9	1.0000	HIGH	NONE	ALLELE_STATE
SAMN16801850	SRR13089479	HPL00151	PROVISIONAL_TECHNICAL	HPL00151_HPAG1	NONE	YES	.	28	8	1.0000	HIGH	NONE	ALLELE_STATE
SAMN16801850	SRR13089479	HPL00154	PRIMARY_TECHNICAL	HPL00154_Shi470	NONE	YES	.	19	8	1.0000	MEDIUM	NONE	ALLELE_STATE
SAMN16801850	SRR13089479	HPL00155	PRIMARY_TECHNICAL	HPL00155_HPAG1	NONE	YES	.	23	9	1.0000	HIGH	NONE	ALLELE_STATE
SAMN16801850	SRR13089479	HPL00156	PRIMARY_TECHNICAL	HPL00156_26695	NONE	YES	.	53	8	1.0000	HIGH	NONE	ALLELE_STATE
SAMN16801850	SRR13089479	HPL00157	PRIMARY_TECHNICAL	HPL00157_P12	NONE	YES	.	35	8	1.0000	HIGH	NONE	ALLELE_STATE
SAMN16801850	SRR13089479	HPL00158	PRIMARY_TECHNICAL	HPL00158_26695	NONE	YES	.	42	7	1.0000	HIGH	NONE	ALLELE_STATE
SAMN16801850	SRR13089479	HPL00162	PRIMARY_TECHNICAL	HPL00162_26695	NONE	YES	.	36	8	1.0000	HIGH	NONE	ALLELE_STATE
SAMN16801850	SRR13089479	HPL00163	PRIMARY_TECHNICAL	HPL00163_G27	NONE	YES	.	37	8	0.9730	HIGH	NONE	ALLELE_STATE
SAMN16801850	SRR13089479	HPL00165	PRIMARY_TECHNICAL	HPL00165_HPAG1	NONE	YES	.	59	8	1.0000	HIGH	NONE	ALLELE_STATE
SAMN16801850	SRR13089479	HPL00166	PRIMARY_TECHNICAL	HPL00166_26695	NONE	NO	NO_SPANNING_READS	0			NA	NA	UNCALLABLE
SAMN16801850	SRR13089479	HPL00169	PRIMARY_TECHNICAL	HPL00169_J99	NONE	YES	.	38	8	1.0000	HIGH	NONE	ALLELE_STATE
SAMN16801850	SRR13089479	HPL00170	PRIMARY_TECHNICAL	HPL00170_26695	NONE	NO	NOT_CALLER_ELIGIBLE:NO:not_uniquely_anchorable				NA	NA	NOT_APPLICABLE
SAMN16801850	SRR13089479	HPL00172	PRIMARY_TECHNICAL	HPL00172_HPAG1	NONE	YES	.	39	8	1.0000	HIGH	NONE	ALLELE_STATE
SAMN16801850	SRR13089479	HPL00174	PRIMARY_TECHNICAL	HPL00174_J99	NONE	YES	.	22	8	1.0000	HIGH	NONE	ALLELE_STATE
SAMN16801850	SRR13089479	HPL00177	PRIMARY_TECHNICAL	HPL00177_Shi470	NONE	YES	.	30	10	1.0000	HIGH	NONE	AMBIGUOUS
SAMN16801850	SRR13089479	HPL00178	PRIMARY_TECHNICAL	HPL00178_P12	NONE	YES	.	26	8	1.0000	HIGH	NONE	ALLELE_STATE
SAMN16801850	SRR13089479	HPL00181	PRIMARY_TECHNICAL	HPL00181_26695	NONE	YES	.	36	8	1.0000	HIGH	NONE	ALLELE_STATE
SAMN16801850	SRR13089479	HPL00183	PRIMARY_TECHNICAL	HPL00183_Shi470	NONE	YES	.	28	8	1.0000	HIGH	NONE	ALLELE_STATE
SAMN16801850	SRR13089479	HPL00187	PRIMARY_TECHNICAL	HPL00187_J99	NONE	YES	.	37	9	1.0000	HIGH	NONE	ALLELE_STATE
SAMN16801850	SRR13089479	HPL00189	PRIMARY_TECHNICAL	HPL00189_Shi470	NONE	YES	.	30	8	1.0000	HIGH	NONE	ALLELE_STATE
SAMN16801850	SRR13089479	HPL00191	PRIMARY_TECHNICAL	HPL00191_Shi470	NONE	YES	.	46	8	1.0000	HIGH	NONE	ALLELE_STATE
SAMN16801850	SRR13089479	HPL00193	PRIMARY_TECHNICAL	HPL00193_P12	NONE	YES	.	29	8	1.0000	HIGH	NONE	ALLELE_STATE
SAMN16801850	SRR13089479	HPL00194	PRIMARY_TECHNICAL	HPL00194_Shi470	NONE	YES	.	31	9	1.0000	HIGH	NONE	ALLELE_STATE
SAMN16801850	SRR13089479	HPL00197	PROVISIONAL_TECHNICAL	HPL00197_26695	NONE	YES	.	34	8	0.9412	HIGH	NONE	ALLELE_STATE
SAMN16801850	SRR13089479	HPL00198	PRIMARY_TECHNICAL	HPL00198_B8	NONE	YES	.	43	8	1.0000	HIGH	NONE	ALLELE_STATE
SAMN16801850	SRR13089479	HPL00199	PRIMARY_TECHNICAL	HPL00199_26695	NONE	YES	.	33	8	1.0000	HIGH	NONE	ALLELE_STATE
SAMN16801850	SRR13089479	HPL00202	PRIMARY_TECHNICAL	HPL00202_India7	NONE	YES	.	30	9	1.0000	HIGH	NONE	AMBIGUOUS
SAMN16801850	SRR13089479	HPL00204	PRIMARY_TECHNICAL	HPL00204_26695	NONE	YES	.	46	8	1.0000	HIGH	NONE	ALLELE_STATE
SAMN16801850	SRR13089479	HPL00206	PRIMARY_TECHNICAL	HPL00206_26695	NONE	YES	.	39	8	1.0000	HIGH	NONE	ALLELE_STATE
SAMN16801850	SRR13089479	HPL00209	PRIMARY_TECHNICAL	HPL00209_26695	NONE	YES	.	40	8	0.9750	HIGH	NONE	ALLELE_STATE
SAMN16801850	SRR13089479	HPL00210	PRIMARY_TECHNICAL	HPL00210_26695	NONE	YES	.	38	8	1.0000	HIGH	NONE	ALLELE_STATE
SAMN16801850	SRR13089479	HPL00214	PRIMARY_TECHNICAL	HPL00214_26695	NONE	YES	.	44	8	1.0000	HIGH	NONE	ALLELE_STATE
SAMN16801850	SRR13089479	HPL00222	PRIMARY_TECHNICAL	HPL00222_P12	NONE	YES	.	24	8	1.0000	HIGH	NONE	ALLELE_STATE
SAMN16801850	SRR13089479	HPL00223	PRIMARY_TECHNICAL	HPL00223_26695	NONE	NO	NO_SPANNING_READS	0			NA	NA	UNCALLABLE
SAMN16801850	SRR13089479	HPL00224	PRIMARY_TECHNICAL	HPL00224_Shi470	NONE	YES	.	47	8	1.0000	HIGH	NONE	ALLELE_STATE
SAMN16801850	SRR13089479	HPL00225	PRIMARY_TECHNICAL	HPL00225_26695	NONE	NO	NO_SPANNING_READS	0			NA	NA	UNCALLABLE
SAMN16801850	SRR13089479	HPL00229	PRIMARY_TECHNICAL	HPL00229_HPAG1	NONE	YES	.	23	8	1.0000	HIGH	NONE	ALLELE_STATE
SAMN16801850	SRR13089479	HPL00230	PROVISIONAL_TECHNICAL	HPL00230_26695	NONE	YES	.	32	9	1.0000	HIGH	NONE	ALLELE_STATE
SAMN16801850	SRR13089479	HPL00231	PRIMARY_TECHNICAL	HPL00231_26695	NONE	YES	.	36	8	1.0000	HIGH	NONE	ALLELE_STATE
SAMN16801850	SRR13089479	HPL00232	PRIMARY_TECHNICAL	HPL00232_J99	NONE	YES	.	31	8	1.0000	HIGH	NONE	ALLELE_STATE
SAMN16801850	SRR13089479	HPL00234	PRIMARY_TECHNICAL	HPL00234_26695	NONE	YES	.	37	8	1.0000	HIGH	NONE	ALLELE_STATE
SAMN16801850	SRR13089479	HPL00239	PRIMARY_TECHNICAL	HPL00239_Shi470	NONE	YES	.	35	8	1.0000	HIGH	NONE	ALLELE_STATE
SAMN16801850	SRR13089479	HPL00241	PRIMARY_TECHNICAL	HPL00241_26695	NONE	YES	.	34	8	0.9706	HIGH	NONE	ALLELE_STATE
SAMN16801850	SRR13089479	HPL00242	PRIMARY_TECHNICAL	HPL00242_P12	NONE	YES	.	40	8	1.0000	HIGH	NONE	ALLELE_STATE
SAMN16801850	SRR13089479	HPL00243	PRIMARY_TECHNICAL	HPL00243_HPAG1	NONE	YES	.	47	8	1.0000	HIGH	NONE	ALLELE_STATE
SAMN16801850	SRR13089479	HPL00244	PRIMARY_TECHNICAL	HPL00244_Shi470	NONE	YES	.	52	8	0.9615	HIGH	NONE	ALLELE_STATE
SAMN16801850	SRR13089479	HPL00245	PRIMARY_TECHNICAL	HPL00245_HPAG1	NONE	YES	.	24	8	1.0000	HIGH	NONE	ALLELE_STATE
SAMN16801850	SRR13089479	HPL00246	PRIMARY_TECHNICAL	HPL00246_P12	NONE	YES	.	40	8	1.0000	HIGH	NONE	ALLELE_STATE
SAMN16801850	SRR13089479	HPL00247	PRIMARY_TECHNICAL	HPL00247_J99	NONE	YES	.	28	8	1.0000	HIGH	NONE	ALLELE_STATE
SAMN16801850	SRR13089479	HPL00251	PRIMARY_TECHNICAL	HPL00251_26695	NONE	YES	.	47	8	1.0000	HIGH	NONE	ALLELE_STATE
SAMN16801850	SRR13089479	HPL00259	PRIMARY_TECHNICAL	HPL00259_G27	NONE	YES	.	23	8	1.0000	HIGH	NONE	ALLELE_STATE
SAMN16801850	SRR13089479	HPL00261	PRIMARY_TECHNICAL	HPL00261_26695	NONE	YES	.	25	8	1.0000	HIGH	NONE	ALLELE_STATE
SAMN16801850	SRR13089479	HPL00262	PRIMARY_TECHNICAL	HPL00262_26695	NONE	YES	.	27	8	1.0000	HIGH	NONE	ALLELE_STATE
SAMN16801850	SRR13089479	HPL00264	PRIMARY_TECHNICAL	HPL00264_26695	NONE	NO	NO_SPANNING_READS	0			NA	NA	UNCALLABLE
SAMN16801850	SRR13089479	HPL00267	PRIMARY_TECHNICAL	HPL00267_26695	NONE	YES	.	25	8	1.0000	HIGH	NONE	ALLELE_STATE
SAMN16801850	SRR13089479	HPL00270	PRIMARY_TECHNICAL	HPL00270_Shi470	NONE	YES	.	28	8	1.0000	HIGH	NONE	ALLELE_STATE
SAMN16801850	SRR13089479	HPL00273	PRIMARY_TECHNICAL	HPL00273_G27	NONE	YES	.	45	8	1.0000	HIGH	NONE	ALLELE_STATE
SAMN16801850	SRR13089479	HPL00274	PRIMARY_TECHNICAL	HPL00274_India7	NONE	YES	.	44	8	1.0000	HIGH	NONE	ALLELE_STATE
SAMN16801850	SRR13089479	HPL00275	PRIMARY_TECHNICAL	HPL00275_J99	NONE	YES	.	37	8	0.9730	HIGH	NONE	ALLELE_STATE
SAMN16801850	SRR13089479	HPL00276	PRIMARY_TECHNICAL	HPL00276_26695	NONE	YES	.	40	8	1.0000	HIGH	NONE	ALLELE_STATE
SAMN16801850	SRR13089479	HPL00277	PRIMARY_TECHNICAL	HPL00277_26695	NONE	YES	.	52	8	1.0000	HIGH	NONE	ALLELE_STATE
SAMN16801850	SRR13089479	HPL00288	PRIMARY_TECHNICAL	HPL00288_HPAG1	NONE	YES	.	18	8	1.0000	MEDIUM	NONE	ALLELE_STATE
SAMN16801850	SRR13089479	HPL00289	PRIMARY_TECHNICAL	HPL00289_Shi470	NONE	YES	.	13	9	1.0000	MEDIUM	NONE	ALLELE_STATE
SAMN16801850	SRR13089479	HPL00290	PRIMARY_TECHNICAL	HPL00290_Shi470	NONE	NO	INSUFFICIENT_SPANNING_READS(2<8)	2			NA	NA	UNCALLABLE
SAMN16801850	SRR13089479	HPL00291	PROVISIONAL_TECHNICAL	HPL00291_26695	NONE	YES	.	26	8	1.0000	HIGH	NONE	ALLELE_STATE
SAMN16801850	SRR13089479	HPL00292	PRIMARY_TECHNICAL	HPL00292_26695	NONE	NO	NO_SPANNING_READS	0			NA	NA	UNCALLABLE
SAMN16801850	SRR13089479	HPL00293	PRIMARY_TECHNICAL	HPL00293_G27	NONE	YES	.	30	8	1.0000	HIGH	NONE	ALLELE_STATE
SAMN16801850	SRR13089479	HPL00297	PRIMARY_TECHNICAL	HPL00297_India7	NONE	YES	.	23	8	1.0000	HIGH	NONE	ALLELE_STATE
SAMN16801850	SRR13089479	HPL00299	PROVISIONAL_TECHNICAL	HPL00299_J99	NONE	YES	.	42	12	1.0000	HIGH	NONE	ALLELE_STATE
SAMN16801850	SRR13089479	HPL00301	PRIMARY_TECHNICAL	HPL00301_G27	NONE	YES	.	39	8	1.0000	HIGH	NONE	ALLELE_STATE
SAMN16801850	SRR13089479	HPL00303	PRIMARY_TECHNICAL	HPL00303_26695	NONE	YES	.	49	8	1.0000	HIGH	NONE	ALLELE_STATE
SAMN16801850	SRR13089479	HPL00304	PRIMARY_TECHNICAL	HPL00304_P12	NONE	YES	.	13	8	1.0000	MEDIUM	NONE	ALLELE_STATE
SAMN16801850	SRR13089479	HPL00305	PRIMARY_TECHNICAL	HPL00305_26695	NONE	YES	.	47	8	1.0000	HIGH	NONE	ALLELE_STATE
SAMN16801850	SRR13089479	HPL00306	PRIMARY_TECHNICAL	HPL00306_26695	NONE	YES	.	30	8	1.0000	HIGH	NONE	ALLELE_STATE
SAMN16801850	SRR13089479	HPL00311	PRIMARY_TECHNICAL	HPL00311_J99	NONE	YES	.	33	8	1.0000	HIGH	NONE	ALLELE_STATE
SAMN16801850	SRR13089479	HPL00312	PROVISIONAL_TECHNICAL	HPL00312_P12	NONE	YES	.	46	13	1.0000	HIGH	NONE	ALLELE_STATE
SAMN16801850	SRR13089479	HPL00313	PRIMARY_TECHNICAL	HPL00313_26695	NONE	YES	.	36	8	1.0000	HIGH	NONE	ALLELE_STATE
SAMN16801850	SRR13089479	HPL00314	PRIMARY_TECHNICAL	HPL00314_26695	NONE	YES	.	40	8	0.9750	HIGH	NONE	ALLELE_STATE
SAMN16801850	SRR13089479	HPL00316	PRIMARY_TECHNICAL	HPL00316_26695	NONE	NO	NO_SPANNING_READS	0			NA	NA	UNCALLABLE
SAMN16801850	SRR13089479	HPL00318	PRIMARY_TECHNICAL	HPL00318_P12	NONE	YES	.	50	8	1.0000	HIGH	NONE	ALLELE_STATE
SAMN16801850	SRR13089479	HPL00319	PRIMARY_TECHNICAL	HPL00319_26695	NONE	YES	.	58	8	1.0000	HIGH	NONE	OFF
SAMN16801850	SRR13089479	HPL00321	PRIMARY_TECHNICAL	HPL00321_26695	NONE	NO	NO_SPANNING_READS	0			NA	NA	UNCALLABLE
SAMN16801850	SRR13089479	HPL00322	PRIMARY_TECHNICAL	HPL00322_G27	NONE	YES	.	47	8	1.0000	HIGH	NONE	ALLELE_STATE
SAMN16801850	SRR13089479	HPL00325	PRIMARY_TECHNICAL	HPL00325_P12	NONE	YES	.	24	8	1.0000	HIGH	NONE	ALLELE_STATE
SAMN16801850	SRR13089479	HPL00329	PRIMARY_TECHNICAL	HPL00329_HPAG1	NONE	YES	.	47	8	1.0000	HIGH	NONE	ALLELE_STATE
SAMN16801850	SRR13089479	HPL00330	PROVISIONAL_TECHNICAL	HPL00330_26695	NONE	YES	.	63	8	1.0000	HIGH	NONE	ALLELE_STATE
SAMN16801850	SRR13089479	HPL00332	PRIMARY_TECHNICAL	HPL00332_26695	NONE	YES	.	36	8	1.0000	HIGH	NONE	ALLELE_STATE
SAMN16801850	SRR13089479	HPL00333	PRIMARY_TECHNICAL	HPL00333_B8	NONE	YES	.	26	8	1.0000	HIGH	NONE	ALLELE_STATE
SAMN16801850	SRR13089479	HPL00337	PRIMARY_TECHNICAL	HPL00337_26695	NONE	YES	.	55	8	1.0000	HIGH	NONE	ALLELE_STATE
SAMN16801850	SRR13089479	HPL00341	PRIMARY_TECHNICAL	HPL00341_26695	NONE	YES	.	39	8	1.0000	HIGH	NONE	ALLELE_STATE
SAMN16801850	SRR13089479	HPL00342	PRIMARY_TECHNICAL	HPL00342_26695	NONE	YES	.	55	8	1.0000	HIGH	NONE	ALLELE_STATE
SAMN16801850	SRR13089479	HPL00344	PRIMARY_TECHNICAL	HPL00344_26695	NONE	YES	.	37	8	1.0000	HIGH	NONE	ALLELE_STATE
SAMN16801850	SRR13089479	HPL00345	PRIMARY_TECHNICAL	HPL00345_Shi470	NONE	YES	.	42	8	1.0000	HIGH	NONE	ALLELE_STATE
SAMN16801850	SRR13089479	HPL00347	PRIMARY_TECHNICAL	HPL00347_B8	NONE	YES	.	29	8	0.9655	HIGH	NONE	ALLELE_STATE
SAMN16801850	SRR13089479	HPL00350	PRIMARY_TECHNICAL	HPL00350_Shi470	NONE	YES	.	34	9	0.9706	HIGH	NONE	ALLELE_STATE
SAMN16801850	SRR13089479	HPL00351	PRIMARY_TECHNICAL	HPL00351_26695	NONE	NO	NO_SPANNING_READS	0			NA	NA	UNCALLABLE
SAMN16801850	SRR13089479	HPL00352	PRIMARY_TECHNICAL	HPL00352_26695	NONE	NO	NO_SPANNING_READS	0			NA	NA	UNCALLABLE
SAMN16801850	SRR13089479	HPL00353	PRIMARY_TECHNICAL	HPL00353_26695	NONE	YES	.	20	8	1.0000	HIGH	NONE	ALLELE_STATE
SAMN16801850	SRR13089479	HPL00354	PRIMARY_TECHNICAL	HPL00354_26695	NONE	YES	.	46	8	1.0000	HIGH	NONE	ALLELE_STATE
SAMN16801850	SRR13089479	HPL00357	PRIMARY_TECHNICAL	HPL00357_26695	NONE	YES	.	37	8	0.9459	HIGH	NONE	ALLELE_STATE
SAMN16801850	SRR13089479	HPL00360	PRIMARY_TECHNICAL	HPL00360_J99	NONE	YES	.	38	8	1.0000	HIGH	NONE	ALLELE_STATE
SAMN16801850	SRR13089479	HPL00361	PRIMARY_TECHNICAL	HPL00361_26695	NONE	YES	.	37	8	1.0000	HIGH	NONE	ALLELE_STATE
SAMN16801850	SRR13089479	HPL00364	PRIMARY_TECHNICAL	HPL00364_Shi470	NONE	YES	.	33	8	1.0000	HIGH	NONE	ALLELE_STATE
SAMN16801850	SRR13089479	HPL00365	PRIMARY_TECHNICAL	HPL00365_26695	NONE	YES	.	37	8	1.0000	HIGH	NONE	ALLELE_STATE
SAMN16801850	SRR13089479	HPL00369	PRIMARY_TECHNICAL	HPL00369_26695	NONE	YES	.	35	9	1.0000	HIGH	NONE	ALLELE_STATE
SAMN16801850	SRR13089479	HPL00370	PRIMARY_TECHNICAL	HPL00370_26695	NONE	YES	.	20	8	1.0000	HIGH	NONE	ALLELE_STATE
SAMN16801850	SRR13089479	HPL00376	PRIMARY_TECHNICAL	HPL00376_26695	NONE	YES	.	32	8	1.0000	HIGH	NONE	ALLELE_STATE
SAMN16801850	SRR13089479	HPL00377	PRIMARY_TECHNICAL	HPL00377_26695	NONE	YES	.	45	8	1.0000	HIGH	NONE	ALLELE_STATE
SAMN16801850	SRR13089479	HPL00378	PRIMARY_TECHNICAL	HPL00378_J99	NONE	YES	.	26	8	1.0000	HIGH	NONE	ALLELE_STATE
SAMN16801850	SRR13089479	HPL00379	PRIMARY_TECHNICAL	HPL00379_26695	NONE	YES	.	47	8	0.9787	HIGH	NONE	ALLELE_STATE
SAMN16801850	SRR13089479	HPL00380	PRIMARY_TECHNICAL	HPL00380_B8	NONE	YES	.	27	8	1.0000	HIGH	NONE	ALLELE_STATE
SAMN16801850	SRR13089479	HPL00381	PROVISIONAL_TECHNICAL	HPL00381_Shi470	NONE	YES	.	23	8	1.0000	HIGH	NONE	ALLELE_STATE
SAMN16801850	SRR13089479	HPL00383	PRIMARY_TECHNICAL	HPL00383_26695	NONE	YES	.	50	8	1.0000	HIGH	NONE	ALLELE_STATE
SAMN16801850	SRR13089479	HPL00385	PROVISIONAL_TECHNICAL	HPL00385_Shi470	NONE	YES	.	30	10	1.0000	HIGH	NONE	ALLELE_STATE
SAMN16801850	SRR13089479	HPL00386	PRIMARY_TECHNICAL	HPL00386_26695	NONE	YES	.	39	8	1.0000	HIGH	NONE	ALLELE_STATE
SAMN16801850	SRR13089479	HPL00387	PROVISIONAL_TECHNICAL	HPL00387_26695	NONE	NO	NO_SPANNING_READS	0			NA	NA	UNCALLABLE
SAMN16801850	SRR13089479	HPL00390	PRIMARY_TECHNICAL	HPL00390_26695	NONE	YES	.	24	8	1.0000	HIGH	NONE	ALLELE_STATE
SAMN16801850	SRR13089479	HPL00392	PRIMARY_TECHNICAL	HPL00392_HPAG1	NONE	YES	.	16	8	1.0000	MEDIUM	NONE	ALLELE_STATE
SAMN16801850	SRR13089479	HPL00393	PRIMARY_TECHNICAL	HPL00393_26695	NONE	YES	.	12	6	1.0000	MEDIUM	NONE	ALLELE_STATE
SAMN16801850	SRR13089479	HPL00403	PRIMARY_TECHNICAL	HPL00403_Shi470	NONE	YES	.	41	8	1.0000	HIGH	NONE	ALLELE_STATE
SAMN16801850	SRR13089479	HPL00404	PRIMARY_TECHNICAL	HPL00404_26695	NONE	YES	.	24	8	1.0000	HIGH	NONE	ALLELE_STATE
SAMN16801850	SRR13089479	HPL00407	PRIMARY_TECHNICAL	HPL00407_26695	NONE	YES	.	20	8	1.0000	HIGH	NONE	ALLELE_STATE
SAMN16801850	SRR13089479	HPL00409	PRIMARY_TECHNICAL	HPL00409_26695	NONE	YES	.	28	8	1.0000	HIGH	NONE	ALLELE_STATE
SAMN16801850	SRR13089479	HPL00413	PRIMARY_TECHNICAL	HPL00413_26695	NONE	YES	.	26	8	1.0000	HIGH	NONE	ALLELE_STATE
SAMN16801850	SRR13089479	HPL00414	PRIMARY_TECHNICAL	HPL00414_Shi470	NONE	YES	.	30	8	1.0000	HIGH	NONE	ALLELE_STATE
SAMN16801850	SRR13089479	HPL00415	PRIMARY_TECHNICAL	HPL00415_India7	NONE	YES	.	52	8	1.0000	HIGH	NONE	ALLELE_STATE
SAMN16801850	SRR13089479	HPL00419	PRIMARY_TECHNICAL	HPL00419_B8	NONE	YES	.	33	8	1.0000	HIGH	NONE	ALLELE_STATE
SAMN16801850	SRR13089479	HPL00421	PRIMARY_TECHNICAL	HPL00421_HPAG1	NONE	YES	.	43	8	1.0000	HIGH	NONE	ALLELE_STATE
SAMN16801850	SRR13089479	HPL00423	PRIMARY_TECHNICAL	HPL00423_Shi470	NONE	YES	.	37	8	1.0000	HIGH	NONE	ALLELE_STATE
SAMN16801850	SRR13089479	HPL00424	PRIMARY_TECHNICAL	HPL00424_Shi470	NONE	YES	.	43	8	1.0000	HIGH	NONE	ALLELE_STATE
SAMN16801850	SRR13089479	HPL00426	PROVISIONAL_TECHNICAL	HPL00426_26695	MEMBER_ALLELE_CONFLICT:HPL00426_Shi470	NO	MEMBER_ALLELE_CONFLICT	11	13	0.8182	NA	NONE	UNCALLABLE
SAMN16801850	SRR13089479	HPL00429	PRIMARY_TECHNICAL	HPL00429_26695	NONE	YES	.	24	8	1.0000	HIGH	NONE	ALLELE_STATE
SAMN16801850	SRR13089479	HPL00430	PRIMARY_TECHNICAL	HPL00430_26695	NONE	NO	NO_SPANNING_READS	0			NA	NA	UNCALLABLE
SAMN16801850	SRR13089479	HPL00435	PRIMARY_TECHNICAL	HPL00435_HPAG1	NONE	YES	.	57	9	1.0000	HIGH	NONE	ALLELE_STATE
SAMN16801850	SRR13089479	HPL00436	PRIMARY_TECHNICAL	HPL00436_J99	NONE	YES	.	41	8	1.0000	HIGH	NONE	ALLELE_STATE
SAMN16801850	SRR13089479	HPL00439	PROVISIONAL_TECHNICAL	HPL00439_26695	NONE	YES	.	58	12	1.0000	HIGH	NONE	ALLELE_STATE
SAMN16801850	SRR13089479	HPL00442	PRIMARY_TECHNICAL	HPL00442_Shi470	NONE	YES	.	41	8	1.0000	HIGH	NONE	ALLELE_STATE
SAMN16801850	SRR13089479	HPL00443	PRIMARY_TECHNICAL	HPL00443_Shi470	NONE	YES	.	42	9	1.0000	HIGH	NONE	ALLELE_STATE
SAMN16801850	SRR13089479	HPL00447	PRIMARY_TECHNICAL	HPL00447_26695	NONE	NO	INSUFFICIENT_SPANNING_READS(5<8)	5			NA	NA	UNCALLABLE
SAMN16801850	SRR13089479	HPL00450	PRIMARY_TECHNICAL	HPL00450_India7	NONE	YES	.	48	8	1.0000	HIGH	NONE	ALLELE_STATE
SAMN16801850	SRR13089479	HPL00453	PROVISIONAL_TECHNICAL	HPL00453_26695	NONE	YES	.	41	19	0.9756	HIGH	NONE	ON
SAMN16801850	SRR13089479	HPL00454	PROVISIONAL_TECHNICAL	HPL00454_P12	NONE	YES	.	23	12	1.0000	HIGH	NONE	ALLELE_STATE
SAMN16801850	SRR13089479	HPL00460	PRIMARY_TECHNICAL	HPL00460_26695	NONE	YES	.	27	8	1.0000	HIGH	NONE	ALLELE_STATE
SAMN16801850	SRR13089479	HPL00465	PRIMARY_TECHNICAL	HPL00465_26695	NONE	YES	.	44	8	1.0000	HIGH	NONE	ALLELE_STATE
SAMN16801850	SRR13089479	HPL00466	PRIMARY_TECHNICAL	HPL00466_B8	NONE	YES	.	43	9	1.0000	HIGH	NONE	ALLELE_STATE
SAMN16801850	SRR13089479	HPL00469	PRIMARY_TECHNICAL	HPL00469_G27	NONE	YES	.	18	8	1.0000	MEDIUM	NONE	ALLELE_STATE
SAMN16801850	SRR13089479	HPL00479	PRIMARY_TECHNICAL	HPL00479_P12	NONE	YES	.	36	8	1.0000	HIGH	NONE	ALLELE_STATE
SAMN16801850	SRR13089479	HPL00482	PRIMARY_TECHNICAL	HPL00482_26695	NONE	YES	.	27	8	1.0000	HIGH	NONE	ALLELE_STATE
SAMN16801850	SRR13089479	HPL00483	PRIMARY_TECHNICAL	HPL00483_India7	NONE	YES	.	43	8	1.0000	HIGH	NONE	ALLELE_STATE
SAMN16801850	SRR13089479	HPL00485	PRIMARY_TECHNICAL	HPL00485_B8	NONE	YES	.	23	8	1.0000	HIGH	NONE	ALLELE_STATE
SAMN16801850	SRR13089479	HPL00487	PROVISIONAL_TECHNICAL	HPL00487_26695	NONE	YES	.	48	8	1.0000	HIGH	NONE	ALLELE_STATE
SAMN16801850	SRR13089479	HPL00493	PRIMARY_TECHNICAL	HPL00493_26695	NONE	YES	.	45	8	1.0000	HIGH	NONE	ALLELE_STATE
SAMN16801850	SRR13089479	HPL00496	PRIMARY_TECHNICAL	HPL00496_Shi470	NONE	YES	.	33	8	1.0000	HIGH	NONE	ALLELE_STATE
SAMN16801850	SRR13089479	HPL00497	PRIMARY_TECHNICAL	HPL00497_Shi470	NONE	YES	.	31	8	1.0000	HIGH	NONE	AMBIGUOUS
SAMN16801850	SRR13089479	HPL00498	PRIMARY_TECHNICAL	HPL00498_J99	NONE	YES	.	30	8	0.9333	HIGH	NONE	ALLELE_STATE
SAMN16801850	SRR13089479	HPL00499	PROVISIONAL_TECHNICAL	HPL00499_India7	NONE	YES	.	40	8	1.0000	HIGH	NONE	ALLELE_STATE
SAMN16801850	SRR13089479	HPL00501	PRIMARY_TECHNICAL	HPL00501_B8	NONE	YES	.	42	8	1.0000	HIGH	NONE	ALLELE_STATE
SAMN16801850	SRR13089479	HPL00502	PRIMARY_TECHNICAL	HPL00502_26695	NONE	YES	.	30	8	1.0000	HIGH	NONE	ALLELE_STATE
SAMN16801850	SRR13089479	HPL00503	PRIMARY_TECHNICAL	HPL00503_26695	NONE	YES	.	41	7	1.0000	HIGH	NONE	ALLELE_STATE
SAMN16801850	SRR13089479	HPL00505	PRIMARY_TECHNICAL	HPL00505_HPAG1	MEMBER_ALLELE_CONFLICT:HPL00505_P12	NO	MEMBER_ALLELE_CONFLICT	48	8	1.0000	NA	NONE	UNCALLABLE
SAMN16801850	SRR13089479	HPL00506	PRIMARY_TECHNICAL	HPL00506_26695	NONE	YES	.	43	8	0.9767	HIGH	NONE	ALLELE_STATE
SAMN16801850	SRR13089479	HPL00510	PROVISIONAL_TECHNICAL	HPL00510_J99	NONE	NO	NO_SPANNING_READS	0			NA	NA	UNCALLABLE
SAMN16801850	SRR13089479	HPL00514	PRIMARY_TECHNICAL	HPL00514_J99	NONE	YES	.	37	8	1.0000	HIGH	NONE	ALLELE_STATE
SAMN16801850	SRR13089479	HPL00518	PROVISIONAL_TECHNICAL	HPL00518_India7	NONE	YES	.	37	8	1.0000	HIGH	NONE	ALLELE_STATE
SAMN16801850	SRR13089479	HPL00521	PRIMARY_TECHNICAL	HPL00521_India7	NONE	YES	.	38	8	1.0000	HIGH	NONE	ALLELE_STATE
SAMN16801850	SRR13089479	HPL00524	PRIMARY_TECHNICAL	HPL00524_G27	NONE	YES	.	28	8	1.0000	HIGH	NONE	ALLELE_STATE
SAMN16801850	SRR13089479	HPL00529	PRIMARY_TECHNICAL	HPL00529_B8	NONE	YES	.	27	8	1.0000	HIGH	NONE	ALLELE_STATE
SAMN16801850	SRR13089479	HPL00530	PRIMARY_TECHNICAL	HPL00530_G27	NONE	NO	INSUFFICIENT_SPANNING_READS(7<8)	7			NA	NA	UNCALLABLE
SAMN16801850	SRR13089479	HPL00531	PRIMARY_TECHNICAL	HPL00531_J99	NONE	YES	.	39	8	1.0000	HIGH	NONE	ALLELE_STATE
SAMN16801850	SRR13089479	HPL00533	PROVISIONAL_TECHNICAL	HPL00533_J99	NONE	YES	.	53	8	1.0000	HIGH	NONE	ALLELE_STATE
SAMN16801850	SRR13089479	HPL00540	PRIMARY_TECHNICAL	HPL00540_HPAG1	NONE	YES	.	9	9	1.0000	LOW	NONE	ALLELE_STATE
SAMN16801850	SRR13089479	HPL00544	PRIMARY_TECHNICAL	HPL00544_J99	NONE	YES	.	51	9	1.0000	HIGH	NONE	ALLELE_STATE
SAMN16801850	SRR13089479	HPL00548	PRIMARY_TECHNICAL	HPL00548_J99	NONE	NO	NO_SPANNING_READS	0			NA	NA	UNCALLABLE
SAMN16801850	SRR13089479	HPL00549	PROVISIONAL_TECHNICAL	HPL00549_P12	NONE	YES	.	38	10	1.0000	HIGH	NONE	ALLELE_STATE
SAMN16801850	SRR13089479	HPL00571	PRIMARY_TECHNICAL	HPL00571_P12	NONE	YES	.	23	8	1.0000	HIGH	NONE	ALLELE_STATE
SAMN16801850	SRR13089479	HPL00573	PRIMARY_TECHNICAL	HPL00573_Shi470	NONE	YES	.	46	9	1.0000	HIGH	NONE	ALLELE_STATE
SAMN16801850	SRR13089479	HPL00576	PRIMARY_TECHNICAL	HPL00576_J99	NONE	NO	NO_SPANNING_READS	0			NA	NA	UNCALLABLE
SAMN16801850	SRR13089479	HPL00582	PRIMARY_TECHNICAL	HPL00582_HPAG1	NONE	YES	.	24	8	1.0000	HIGH	NONE	ALLELE_STATE
SAMN16801850	SRR13089479	HPL00601	PRIMARY_TECHNICAL	HPL00601_HPAG1	NONE	YES	.	35	8	1.0000	HIGH	NONE	ALLELE_STATE
SAMN16801850	SRR13089479	HPL00603	PRIMARY_TECHNICAL	HPL00603_J99	NONE	NO	NO_SPANNING_READS	0			NA	NA	UNCALLABLE
SAMN16801850	SRR13089479	HPL00604	PRIMARY_TECHNICAL	HPL00604_G27	NONE	YES	.	51	8	1.0000	HIGH	NONE	AMBIGUOUS
SAMN16801850	SRR13089479	HPL00608	PROVISIONAL_TECHNICAL	HPL00608_P12	NONE	YES	.	26	8	1.0000	HIGH	NONE	ALLELE_STATE
SAMN16801850	SRR13089479	HPL00609	PRIMARY_TECHNICAL	HPL00609_India7	NONE	YES	.	34	8	1.0000	HIGH	NONE	ALLELE_STATE
SAMN16801850	SRR13089479	HPL00613	PRIMARY_TECHNICAL	HPL00613_J99	NONE	YES	.	33	8	1.0000	HIGH	NONE	ALLELE_STATE
SAMN16801850	SRR13089479	HPL00622	PROVISIONAL_TECHNICAL	HPL00622_India7	NONE	YES	.	38	8	1.0000	HIGH	NONE	ALLELE_STATE
SAMN16801850	SRR13089479	HPL00628	PROVISIONAL_TECHNICAL	HPL00628_J99	NONE	NO	NO_SPANNING_READS	0			NA	NA	UNCALLABLE
SAMN16801850	SRR13089479	HPL00640	PRIMARY_TECHNICAL	HPL00640_J99	NONE	YES	.	42	8	1.0000	HIGH	NONE	ALLELE_STATE
SAMN16801850	SRR13089479	HPL00645	PRIMARY_TECHNICAL	HPL00645_Shi470	NONE	YES	.	30	8	0.9333	HIGH	NONE	ALLELE_STATE
SAMN16801850	SRR13089479	HPL00679	PRIMARY_TECHNICAL	HPL00679_J99	NONE	NO	NO_SPANNING_READS	0			NA	NA	UNCALLABLE
SAMN16801850	SRR13089479	HPL00682	PRIMARY_TECHNICAL	HPL00682_J99	NONE	NO	NO_SPANNING_READS	0			NA	NA	UNCALLABLE
SAMN16801850	SRR13089479	HPL00685	PROVISIONAL_TECHNICAL	HPL00685_J99	NONE	NO	NO_SPANNING_READS	0			NA	NA	UNCALLABLE
SAMN16801850	SRR13089479	HPL00699	PRIMARY_TECHNICAL	HPL00699_J99	NONE	YES	.	41	8	1.0000	HIGH	NONE	ALLELE_STATE
SAMN16801850	SRR13089479	HPL00702	PRIMARY_TECHNICAL	HPL00702_G27	NONE	YES	.	31	8	1.0000	HIGH	NONE	ALLELE_STATE
SAMN16801850	SRR13089479	HPL00709	PRIMARY_TECHNICAL	HPL00709_HPAG1	NONE	YES	.	37	7	1.0000	HIGH	NONE	ALLELE_STATE
SAMN16801850	SRR13089479	HPL00743	PROVISIONAL_TECHNICAL	HPL00743_HPAG1	NONE	NO	NO_SPANNING_READS	0			NA	NA	UNCALLABLE
SAMN16801850	SRR13089479	HPL00750	PRIMARY_TECHNICAL	HPL00750_HPAG1	NONE	YES	.	24	8	1.0000	HIGH	NONE	ALLELE_STATE
SAMN16801850	SRR13089479	HPL00751	PRIMARY_TECHNICAL	HPL00751_India7	NONE	YES	.	42	8	1.0000	HIGH	NONE	ALLELE_STATE
SAMN16801850	SRR13089479	HPL00752	PRIMARY_TECHNICAL	HPL00752_G27	NONE	YES	.	35	8	1.0000	HIGH	NONE	ALLELE_STATE
SAMN16801850	SRR13089479	HPL00761	PRIMARY_TECHNICAL	HPL00761_Shi470	NONE	YES	.	46	8	1.0000	HIGH	NONE	ALLELE_STATE
SAMN16801850	SRR13089479	HPL00780	PRIMARY_TECHNICAL	HPL00780_HPAG1	NONE	NO	NO_SPANNING_READS	0			NA	NA	UNCALLABLE
SAMN16801850	SRR13089479	HPL00782	PRIMARY_TECHNICAL	HPL00782_P12	NONE	YES	.	26	8	1.0000	HIGH	NONE	ALLELE_STATE
SAMN16801850	SRR13089479	HPL00804	PRIMARY_TECHNICAL	HPL00804_HPAG1	NONE	YES	.	36	8	1.0000	HIGH	NONE	ALLELE_STATE
SAMN16801850	SRR13089479	HPL00809	PRIMARY_TECHNICAL	HPL00809_HPAG1	NONE	NO	NOT_CALLER_ELIGIBLE:NO:not_uniquely_anchorable				NA	NA	NOT_APPLICABLE
SAMN16801850	SRR13089479	HPL00811	PRIMARY_TECHNICAL	HPL00811_B8	NONE	YES	.	42	8	1.0000	HIGH	NONE	ALLELE_STATE
SAMN16801850	SRR13089479	HPL00816	PRIMARY_TECHNICAL	HPL00816_G27	NONE	NO	INSUFFICIENT_SPANNING_READS(1<8)	1			NA	NA	UNCALLABLE
SAMN16801850	SRR13089479	HPL00817	PRIMARY_TECHNICAL	HPL00817_HPAG1	NONE	YES	.	35	8	0.9714	HIGH	NONE	ALLELE_STATE
SAMN16801850	SRR13089479	HPL00818	PRIMARY_TECHNICAL	HPL00818_G27	NONE	NO	INSUFFICIENT_SPANNING_READS(1<8)	1			NA	NA	UNCALLABLE
SAMN16801850	SRR13089479	HPL00835	PRIMARY_TECHNICAL	HPL00835_G27	NONE	NO	INSUFFICIENT_SPANNING_READS(7<8)	7			NA	NA	UNCALLABLE
SAMN16801850	SRR13089479	HPL00838	PRIMARY_TECHNICAL	HPL00838_G27	NONE	NO	NO_SPANNING_READS	0			NA	NA	UNCALLABLE
SAMN16801850	SRR13089479	HPL00839	PRIMARY_TECHNICAL	HPL00839_G27	NONE	NO	NO_SPANNING_READS	0			NA	NA	UNCALLABLE
SAMN16801850	SRR13089479	HPL00840	PRIMARY_TECHNICAL	HPL00840_G27	NONE	NO	NO_SPANNING_READS	0			NA	NA	UNCALLABLE
SAMN16801850	SRR13089479	HPL00841	PRIMARY_TECHNICAL	HPL00841_G27	NONE	YES	.	37	8	1.0000	HIGH	NONE	ALLELE_STATE
SAMN16801850	SRR13089479	HPL00849	PRIMARY_TECHNICAL	HPL00849_G27	NONE	NO	NO_SPANNING_READS	0			NA	NA	UNCALLABLE
SAMN16801850	SRR13089479	HPL00884	PRIMARY_TECHNICAL	HPL00884_Shi470	NONE	YES	.	40	8	1.0000	HIGH	NONE	ALLELE_STATE
SAMN16801850	SRR13089479	HPL00934	PRIMARY_TECHNICAL	HPL00934_G27	NONE	NO	NO_SPANNING_READS	0			NA	NA	UNCALLABLE
SAMN16801850	SRR13089479	HPL00977	PRIMARY_TECHNICAL	HPL00977_India7	NONE	YES	.	39	8	1.0000	HIGH	NONE	ALLELE_STATE
SAMN16801850	SRR13089479	HPL01050	PRIMARY_TECHNICAL	HPL01050_B8	NONE	YES	.	14	8	1.0000	MEDIUM	NONE	ALLELE_STATE
SAMN16801850	SRR13089479	HPL01053	PRIMARY_TECHNICAL	HPL01053_P12	NONE	YES	.	30	8	1.0000	HIGH	NONE	ALLELE_STATE
SAMN16801850	SRR13089479	HPL01081	PRIMARY_TECHNICAL	HPL01081_B8	NONE	YES	.	33	7	1.0000	HIGH	NONE	ALLELE_STATE
SAMN16801850	SRR13089479	HPL01098	PROVISIONAL_TECHNICAL	HPL01098_B8	NONE	YES	.	30	12	1.0000	HIGH	NONE	ALLELE_STATE
SAMN16801850	SRR13089479	HPL01110	PRIMARY_TECHNICAL	HPL01110_B8	NONE	YES	.	36	8	1.0000	HIGH	NONE	ALLELE_STATE
SAMN16801850	SRR13089479	HPL01140	PRIMARY_TECHNICAL	HPL01140_B8	NONE	NO	NO_SPANNING_READS	0			NA	NA	UNCALLABLE
SAMN16801851	SRR13089478	HPL00001	PRIMARY_TECHNICAL	HPL00001_26695	NONE	YES	.	28	8	1.0000	HIGH	NONE	ALLELE_STATE
SAMN16801851	SRR13089478	HPL00002	PRIMARY_TECHNICAL	HPL00002_P12	NONE	YES	.	40	8	1.0000	HIGH	NONE	ALLELE_STATE
SAMN16801851	SRR13089478	HPL00007	PRIMARY_TECHNICAL	HPL00007_26695	NONE	YES	.	36	8	1.0000	HIGH	NONE	ALLELE_STATE
SAMN16801851	SRR13089478	HPL00008	PRIMARY_TECHNICAL	HPL00008_B8	NONE	YES	.	42	8	1.0000	HIGH	NONE	ALLELE_STATE
SAMN16801851	SRR13089478	HPL00010	PRIMARY_TECHNICAL	HPL00010_Shi470	NONE	YES	.	26	13	0.9615	HIGH	NONE	ALLELE_STATE
SAMN16801851	SRR13089478	HPL00013	PRIMARY_TECHNICAL	HPL00013_Shi470	NONE	YES	.	24	8	1.0000	HIGH	NONE	ALLELE_STATE
SAMN16801851	SRR13089478	HPL00014	PRIMARY_TECHNICAL	HPL00014_J99	NONE	YES	.	28	8	1.0000	HIGH	NONE	ALLELE_STATE
SAMN16801851	SRR13089478	HPL00018	PROVISIONAL_TECHNICAL	HPL00018_26695	NONE	NO	NO_SPANNING_READS	0			NA	NA	UNCALLABLE
SAMN16801851	SRR13089478	HPL00019	PRIMARY_TECHNICAL	HPL00019_26695	NONE	NO	NO_SPANNING_READS	0			NA	NA	UNCALLABLE
SAMN16801851	SRR13089478	HPL00022	PROVISIONAL_TECHNICAL	HPL00022_P12	NONE	YES	.	23	14	1.0000	HIGH	NONE	ALLELE_STATE
SAMN16801851	SRR13089478	HPL00024	PRIMARY_TECHNICAL	HPL00024_26695	NONE	YES	.	36	8	1.0000	HIGH	NONE	ALLELE_STATE
SAMN16801851	SRR13089478	HPL00025	PRIMARY_TECHNICAL	HPL00025_G27	NONE	YES	.	42	8	1.0000	HIGH	NONE	ALLELE_STATE
SAMN16801851	SRR13089478	HPL00030	PROVISIONAL_TECHNICAL	HPL00030_26695	NONE	YES	.	20	12	1.0000	HIGH	NONE	ALLELE_STATE
SAMN16801851	SRR13089478	HPL00031	PROVISIONAL_TECHNICAL	HPL00031_P12	NONE	YES	.	34	12	1.0000	HIGH	NONE	ALLELE_STATE
SAMN16801851	SRR13089478	HPL00033	PROVISIONAL_TECHNICAL	HPL00033_26695	NONE	YES	.	35	11	1.0000	HIGH	NONE	ALLELE_STATE
SAMN16801851	SRR13089478	HPL00037	PRIMARY_TECHNICAL	HPL00037_B8	NONE	YES	.	37	8	1.0000	HIGH	NONE	ALLELE_STATE
SAMN16801851	SRR13089478	HPL00038	PRIMARY_TECHNICAL	HPL00038_26695	NONE	YES	.	50	8	1.0000	HIGH	NONE	ALLELE_STATE
SAMN16801851	SRR13089478	HPL00040	PRIMARY_TECHNICAL	HPL00040_HPAG1	NONE	YES	.	25	8	1.0000	HIGH	NONE	ALLELE_STATE
SAMN16801851	SRR13089478	HPL00042	PRIMARY_TECHNICAL	HPL00042_26695	NONE	YES	.	42	8	1.0000	HIGH	NONE	ALLELE_STATE
SAMN16801851	SRR13089478	HPL00043	PRIMARY_TECHNICAL	HPL00043_G27	NONE	YES	.	26	8	1.0000	HIGH	NONE	ALLELE_STATE
SAMN16801851	SRR13089478	HPL00044	PRIMARY_TECHNICAL	HPL00044_Shi470	MEMBER_ALLELE_CONFLICT:HPL00044_26695,HPL00044_India7,HPL00044_P12	NO	MEMBER_ALLELE_CONFLICT	42	9	0.9762	NA	NONE	UNCALLABLE
SAMN16801851	SRR13089478	HPL00045	PROVISIONAL_TECHNICAL	HPL00045_P12	NONE	NO	INSUFFICIENT_SPANNING_READS(4<8)	4			NA	NA	UNCALLABLE
SAMN16801851	SRR13089478	HPL00046	PROVISIONAL_TECHNICAL	HPL00046_HPAG1	NONE	YES	.	26	12	1.0000	HIGH	NONE	ALLELE_STATE
SAMN16801851	SRR13089478	HPL00047	PRIMARY_TECHNICAL	HPL00047_26695	NONE	YES	.	38	8	1.0000	HIGH	NONE	ALLELE_STATE
SAMN16801851	SRR13089478	HPL00049	PRIMARY_TECHNICAL	HPL00049_26695	NONE	YES	.	44	8	1.0000	HIGH	NONE	ALLELE_STATE
SAMN16801851	SRR13089478	HPL00050	PRIMARY_TECHNICAL	HPL00050_26695	NONE	YES	.	45	8	1.0000	HIGH	NONE	ALLELE_STATE
SAMN16801851	SRR13089478	HPL00051	PRIMARY_TECHNICAL	HPL00051_Shi470	NONE	YES	.	31	8	1.0000	HIGH	NONE	ALLELE_STATE
SAMN16801851	SRR13089478	HPL00053	PRIMARY_TECHNICAL	HPL00053_26695	NONE	YES	.	32	8	1.0000	HIGH	NONE	ALLELE_STATE
SAMN16801851	SRR13089478	HPL00055	PRIMARY_TECHNICAL	HPL00055_Shi470	NONE	YES	.	36	8	1.0000	HIGH	NONE	ALLELE_STATE
SAMN16801851	SRR13089478	HPL00060	PROVISIONAL_TECHNICAL	HPL00060_26695	NONE	NO	NO_SPANNING_READS	0			NA	NA	UNCALLABLE
SAMN16801851	SRR13089478	HPL00061	PROVISIONAL_TECHNICAL	HPL00061_26695	NONE	YES	.	16	10	1.0000	MEDIUM	NONE	OFF
SAMN16801851	SRR13089478	HPL00063	PROVISIONAL_TECHNICAL	HPL00063_26695	NONE	YES	.	40	12	1.0000	HIGH	NONE	ALLELE_STATE
SAMN16801851	SRR13089478	HPL00064	PRIMARY_TECHNICAL	HPL00064_26695	NONE	YES	.	49	8	1.0000	HIGH	NONE	ALLELE_STATE
SAMN16801851	SRR13089478	HPL00065	PROVISIONAL_TECHNICAL	HPL00065_HPAG1	NONE	YES	.	34	12	1.0000	HIGH	NONE	ALLELE_STATE
SAMN16801851	SRR13089478	HPL00068	PRIMARY_TECHNICAL	HPL00068_B8	NONE	YES	.	46	8	1.0000	HIGH	NONE	ALLELE_STATE
SAMN16801851	SRR13089478	HPL00070	PROVISIONAL_TECHNICAL	HPL00070_26695	NONE	YES	.	26	12	1.0000	HIGH	NONE	ALLELE_STATE
SAMN16801851	SRR13089478	HPL00071	PRIMARY_TECHNICAL	HPL00071_26695	NONE	YES	.	49	8	1.0000	HIGH	NONE	ALLELE_STATE
SAMN16801851	SRR13089478	HPL00072	PRIMARY_TECHNICAL	HPL00072_26695	NONE	YES	.	28	8	1.0000	HIGH	NONE	ALLELE_STATE
SAMN16801851	SRR13089478	HPL00073	PRIMARY_TECHNICAL	HPL00073_J99	NONE	YES	.	42	8	1.0000	HIGH	NONE	ALLELE_STATE
SAMN16801851	SRR13089478	HPL00074	PRIMARY_TECHNICAL	HPL00074_India7	NONE	YES	.	34	8	1.0000	HIGH	NONE	ALLELE_STATE
SAMN16801851	SRR13089478	HPL00075	PRIMARY_TECHNICAL	HPL00075_J99	NONE	YES	.	27	8	1.0000	HIGH	NONE	ALLELE_STATE
SAMN16801851	SRR13089478	HPL00076	PRIMARY_TECHNICAL	HPL00076_Shi470	NONE	YES	.	33	8	1.0000	HIGH	NONE	ALLELE_STATE
SAMN16801851	SRR13089478	HPL00077	PRIMARY_TECHNICAL	HPL00077_26695	NONE	YES	.	48	8	1.0000	HIGH	NONE	ALLELE_STATE
SAMN16801851	SRR13089478	HPL00079	PRIMARY_TECHNICAL	HPL00079_G27	NONE	YES	.	38	8	1.0000	HIGH	NONE	ALLELE_STATE
SAMN16801851	SRR13089478	HPL00080	PRIMARY_TECHNICAL	HPL00080_B8	NONE	YES	.	53	8	1.0000	HIGH	NONE	ALLELE_STATE
SAMN16801851	SRR13089478	HPL00083	PROVISIONAL_TECHNICAL	HPL00083_J99	NONE	YES	.	36	13	1.0000	HIGH	NONE	ALLELE_STATE
SAMN16801851	SRR13089478	HPL00084	PRIMARY_TECHNICAL	HPL00084_J99	NONE	YES	.	32	8	1.0000	HIGH	NONE	ALLELE_STATE
SAMN16801851	SRR13089478	HPL00085	PRIMARY_TECHNICAL	HPL00085_26695	NONE	YES	.	41	8	1.0000	HIGH	NONE	ALLELE_STATE
SAMN16801851	SRR13089478	HPL00087	PRIMARY_TECHNICAL	HPL00087_Shi470	NONE	YES	.	19	9	0.9474	MEDIUM	NONE	AMBIGUOUS
SAMN16801851	SRR13089478	HPL00089	PRIMARY_TECHNICAL	HPL00089_26695	NONE	NO	NO_SPANNING_READS	0			NA	NA	UNCALLABLE
SAMN16801851	SRR13089478	HPL00090	PRIMARY_TECHNICAL	HPL00090_B8	NONE	YES	.	39	8	1.0000	HIGH	NONE	ALLELE_STATE
SAMN16801851	SRR13089478	HPL00099	PRIMARY_TECHNICAL	HPL00099_India7	NONE	YES	.	44	8	1.0000	HIGH	NONE	ALLELE_STATE
SAMN16801851	SRR13089478	HPL00103	PRIMARY_TECHNICAL	HPL00103_B8	NONE	YES	.	42	13	0.6429	HIGH	MIXTURE_CANDIDATE	ALLELE_STATE
SAMN16801851	SRR13089478	HPL00104	PRIMARY_TECHNICAL	HPL00104_26695	NONE	NO	NO_SPANNING_READS	0			NA	NA	UNCALLABLE
SAMN16801851	SRR13089478	HPL00105	PRIMARY_TECHNICAL	HPL00105_26695	NONE	YES	.	27	8	1.0000	HIGH	NONE	ALLELE_STATE
SAMN16801851	SRR13089478	HPL00106	PRIMARY_TECHNICAL	HPL00106_G27	NONE	YES	.	47	8	1.0000	HIGH	NONE	ALLELE_STATE
SAMN16801851	SRR13089478	HPL00107	PRIMARY_TECHNICAL	HPL00107_HPAG1	NONE	YES	.	30	8	0.9667	HIGH	NONE	ALLELE_STATE
SAMN16801851	SRR13089478	HPL00108	PRIMARY_TECHNICAL	HPL00108_J99	NONE	YES	.	48	8	1.0000	HIGH	NONE	ALLELE_STATE
SAMN16801851	SRR13089478	HPL00109	PRIMARY_TECHNICAL	HPL00109_Shi470	NONE	YES	.	35	8	1.0000	HIGH	NONE	ALLELE_STATE
SAMN16801851	SRR13089478	HPL00111	PRIMARY_TECHNICAL	HPL00111_26695	NONE	YES	.	41	8	1.0000	HIGH	NONE	ALLELE_STATE
SAMN16801851	SRR13089478	HPL00112	PRIMARY_TECHNICAL	HPL00112_G27	NONE	YES	.	25	9	0.9600	HIGH	NONE	ALLELE_STATE
SAMN16801851	SRR13089478	HPL00113	PRIMARY_TECHNICAL	HPL00113_P12	NONE	YES	.	33	8	1.0000	HIGH	NONE	ALLELE_STATE
SAMN16801851	SRR13089478	HPL00116	PRIMARY_TECHNICAL	HPL00116_P12	NONE	YES	.	28	8	1.0000	HIGH	NONE	ALLELE_STATE
SAMN16801851	SRR13089478	HPL00117	PRIMARY_TECHNICAL	HPL00117_HPAG1	NONE	YES	.	43	9	1.0000	HIGH	NONE	AMBIGUOUS
SAMN16801851	SRR13089478	HPL00119	PRIMARY_TECHNICAL	HPL00119_Shi470	NONE	YES	.	35	8	1.0000	HIGH	NONE	ALLELE_STATE
SAMN16801851	SRR13089478	HPL00120	PRIMARY_TECHNICAL	HPL00120_Shi470	NONE	YES	.	63	8	1.0000	HIGH	NONE	ALLELE_STATE
SAMN16801851	SRR13089478	HPL00121	PRIMARY_TECHNICAL	HPL00121_J99	NONE	YES	.	30	8	1.0000	HIGH	NONE	ALLELE_STATE
SAMN16801851	SRR13089478	HPL00123	PRIMARY_TECHNICAL	HPL00123_HPAG1	NONE	YES	.	27	8	0.9630	HIGH	NONE	ALLELE_STATE
SAMN16801851	SRR13089478	HPL00125	PRIMARY_TECHNICAL	HPL00125_26695	NONE	YES	.	53	8	1.0000	HIGH	NONE	ALLELE_STATE
SAMN16801851	SRR13089478	HPL00126	PRIMARY_TECHNICAL	HPL00126_26695	NONE	YES	.	27	8	1.0000	HIGH	NONE	ALLELE_STATE
SAMN16801851	SRR13089478	HPL00127	PRIMARY_TECHNICAL	HPL00127_26695	NONE	YES	.	36	9	1.0000	HIGH	NONE	ALLELE_STATE
SAMN16801851	SRR13089478	HPL00134	PRIMARY_TECHNICAL	HPL00134_India7	NONE	YES	.	28	8	1.0000	HIGH	NONE	ALLELE_STATE
SAMN16801851	SRR13089478	HPL00138	PRIMARY_TECHNICAL	HPL00138_26695	NONE	YES	.	38	8	1.0000	HIGH	NONE	ALLELE_STATE
SAMN16801851	SRR13089478	HPL00139	PRIMARY_TECHNICAL	HPL00139_26695	NONE	YES	.	37	8	1.0000	HIGH	NONE	ALLELE_STATE
SAMN16801851	SRR13089478	HPL00141	PRIMARY_TECHNICAL	HPL00141_Shi470	NONE	YES	.	20	6	1.0000	HIGH	NONE	ALLELE_STATE
SAMN16801851	SRR13089478	HPL00143	PRIMARY_TECHNICAL	HPL00143_26695	NONE	YES	.	49	8	1.0000	HIGH	NONE	ALLELE_STATE
SAMN16801851	SRR13089478	HPL00145	PRIMARY_TECHNICAL	HPL00145_26695	NONE	YES	.	33	8	1.0000	HIGH	NONE	ALLELE_STATE
SAMN16801851	SRR13089478	HPL00150	PRIMARY_TECHNICAL	HPL00150_P12	NONE	YES	.	35	9	1.0000	HIGH	NONE	ALLELE_STATE
SAMN16801851	SRR13089478	HPL00151	PROVISIONAL_TECHNICAL	HPL00151_B8	NONE	YES	.	36	8	1.0000	HIGH	NONE	ALLELE_STATE
SAMN16801851	SRR13089478	HPL00154	PRIMARY_TECHNICAL	HPL00154_Shi470	NONE	YES	.	29	8	1.0000	HIGH	NONE	ALLELE_STATE
SAMN16801851	SRR13089478	HPL00155	PRIMARY_TECHNICAL	HPL00155_26695	NONE	YES	.	32	9	1.0000	HIGH	NONE	ALLELE_STATE
SAMN16801851	SRR13089478	HPL00156	PRIMARY_TECHNICAL	HPL00156_J99	NONE	YES	.	38	8	1.0000	HIGH	NONE	ALLELE_STATE
SAMN16801851	SRR13089478	HPL00157	PRIMARY_TECHNICAL	HPL00157_G27	NONE	YES	.	53	8	1.0000	HIGH	NONE	ALLELE_STATE
SAMN16801851	SRR13089478	HPL00158	PRIMARY_TECHNICAL	HPL00158_26695	NONE	NO	INSUFFICIENT_SPANNING_READS(2<8)	2			NA	NA	UNCALLABLE
SAMN16801851	SRR13089478	HPL00162	PRIMARY_TECHNICAL	HPL00162_26695	NONE	YES	.	29	8	0.9655	HIGH	NONE	ALLELE_STATE
SAMN16801851	SRR13089478	HPL00163	PRIMARY_TECHNICAL	HPL00163_G27	NONE	YES	.	42	8	1.0000	HIGH	NONE	ALLELE_STATE
SAMN16801851	SRR13089478	HPL00165	PRIMARY_TECHNICAL	HPL00165_26695	NONE	YES	.	44	8	1.0000	HIGH	NONE	ALLELE_STATE
SAMN16801851	SRR13089478	HPL00166	PRIMARY_TECHNICAL	HPL00166_J99	NONE	YES	.	28	8	1.0000	HIGH	NONE	ALLELE_STATE
SAMN16801851	SRR13089478	HPL00169	PRIMARY_TECHNICAL	HPL00169_J99	NONE	YES	.	31	8	1.0000	HIGH	NONE	ALLELE_STATE
SAMN16801851	SRR13089478	HPL00170	PRIMARY_TECHNICAL	HPL00170_26695	NONE	NO	NOT_CALLER_ELIGIBLE:NO:not_uniquely_anchorable				NA	NA	NOT_APPLICABLE
SAMN16801851	SRR13089478	HPL00172	PRIMARY_TECHNICAL	HPL00172_HPAG1	NONE	YES	.	28	8	1.0000	HIGH	NONE	ALLELE_STATE
SAMN16801851	SRR13089478	HPL00174	PRIMARY_TECHNICAL	HPL00174_J99	NONE	YES	.	41	8	1.0000	HIGH	NONE	ALLELE_STATE
SAMN16801851	SRR13089478	HPL00177	PRIMARY_TECHNICAL	HPL00177_Shi470	NONE	YES	.	29	10	1.0000	HIGH	NONE	AMBIGUOUS
SAMN16801851	SRR13089478	HPL00178	PRIMARY_TECHNICAL	HPL00178_P12	NONE	YES	.	24	8	1.0000	HIGH	NONE	ALLELE_STATE
SAMN16801851	SRR13089478	HPL00181	PRIMARY_TECHNICAL	HPL00181_B8	NONE	YES	.	44	8	0.9773	HIGH	NONE	ALLELE_STATE
SAMN16801851	SRR13089478	HPL00183	PRIMARY_TECHNICAL	HPL00183_HPAG1	NONE	YES	.	47	8	1.0000	HIGH	NONE	ALLELE_STATE
SAMN16801851	SRR13089478	HPL00187	PRIMARY_TECHNICAL	HPL00187_B8	NONE	YES	.	32	9	0.9688	HIGH	NONE	ALLELE_STATE
SAMN16801851	SRR13089478	HPL00189	PRIMARY_TECHNICAL	HPL00189_Shi470	NONE	YES	.	25	8	1.0000	HIGH	NONE	ALLELE_STATE
SAMN16801851	SRR13089478	HPL00191	PRIMARY_TECHNICAL	HPL00191_26695	NONE	YES	.	41	8	1.0000	HIGH	NONE	ALLELE_STATE
SAMN16801851	SRR13089478	HPL00193	PRIMARY_TECHNICAL	HPL00193_26695	NONE	NO	NO_SPANNING_READS	0			NA	NA	UNCALLABLE
SAMN16801851	SRR13089478	HPL00194	PRIMARY_TECHNICAL	HPL00194_26695	NONE	NO	NO_SPANNING_READS	0			NA	NA	UNCALLABLE
SAMN16801851	SRR13089478	HPL00197	PROVISIONAL_TECHNICAL	HPL00197_HPAG1	NONE	YES	.	27	8	1.0000	HIGH	NONE	ALLELE_STATE
SAMN16801851	SRR13089478	HPL00198	PRIMARY_TECHNICAL	HPL00198_26695	NONE	YES	.	48	8	1.0000	HIGH	NONE	ALLELE_STATE
SAMN16801851	SRR13089478	HPL00199	PRIMARY_TECHNICAL	HPL00199_26695	NONE	YES	.	34	8	1.0000	HIGH	NONE	ALLELE_STATE
SAMN16801851	SRR13089478	HPL00202	PRIMARY_TECHNICAL	HPL00202_Shi470	MEMBER_ALLELE_CONFLICT:HPL00202_B8	NO	MEMBER_ALLELE_CONFLICT	32	9	1.0000	NA	NONE	UNCALLABLE
SAMN16801851	SRR13089478	HPL00204	PRIMARY_TECHNICAL	HPL00204_26695	NONE	YES	.	47	8	1.0000	HIGH	NONE	ALLELE_STATE
SAMN16801851	SRR13089478	HPL00206	PRIMARY_TECHNICAL	HPL00206_26695	NONE	YES	.	47	8	1.0000	HIGH	NONE	ALLELE_STATE
SAMN16801851	SRR13089478	HPL00209	PRIMARY_TECHNICAL	HPL00209_26695	NONE	YES	.	45	8	1.0000	HIGH	NONE	ALLELE_STATE
SAMN16801851	SRR13089478	HPL00210	PRIMARY_TECHNICAL	HPL00210_Shi470	NONE	YES	.	44	8	1.0000	HIGH	NONE	ALLELE_STATE
SAMN16801851	SRR13089478	HPL00214	PRIMARY_TECHNICAL	HPL00214_26695	NONE	YES	.	42	8	0.9762	HIGH	NONE	ALLELE_STATE
SAMN16801851	SRR13089478	HPL00222	PRIMARY_TECHNICAL	HPL00222_India7	NONE	YES	.	42	8	1.0000	HIGH	NONE	ALLELE_STATE
SAMN16801851	SRR13089478	HPL00223	PRIMARY_TECHNICAL	HPL00223_HPAG1	NONE	YES	.	24	8	1.0000	HIGH	NONE	ALLELE_STATE
SAMN16801851	SRR13089478	HPL00224	PRIMARY_TECHNICAL	HPL00224_P12	NONE	YES	.	47	8	1.0000	HIGH	NONE	ALLELE_STATE
SAMN16801851	SRR13089478	HPL00225	PRIMARY_TECHNICAL	HPL00225_26695	NONE	YES	.	37	8	1.0000	HIGH	NONE	ALLELE_STATE
SAMN16801851	SRR13089478	HPL00229	PRIMARY_TECHNICAL	HPL00229_Shi470	NONE	YES	.	27	8	1.0000	HIGH	NONE	ALLELE_STATE
SAMN16801851	SRR13089478	HPL00230	PROVISIONAL_TECHNICAL	HPL00230_26695	NONE	YES	.	41	12	1.0000	HIGH	NONE	ALLELE_STATE
SAMN16801851	SRR13089478	HPL00231	PRIMARY_TECHNICAL	HPL00231_G27	NONE	YES	.	33	8	1.0000	HIGH	NONE	ALLELE_STATE
SAMN16801851	SRR13089478	HPL00232	PRIMARY_TECHNICAL	HPL00232_J99	NONE	YES	.	34	8	1.0000	HIGH	NONE	ALLELE_STATE
SAMN16801851	SRR13089478	HPL00234	PRIMARY_TECHNICAL	HPL00234_Shi470	NONE	YES	.	50	8	1.0000	HIGH	NONE	ALLELE_STATE
SAMN16801851	SRR13089478	HPL00239	PRIMARY_TECHNICAL	HPL00239_26695	NONE	YES	.	32	8	1.0000	HIGH	NONE	ALLELE_STATE
SAMN16801851	SRR13089478	HPL00241	PRIMARY_TECHNICAL	HPL00241_Shi470	NONE	YES	.	41	8	1.0000	HIGH	NONE	ALLELE_STATE
SAMN16801851	SRR13089478	HPL00242	PRIMARY_TECHNICAL	HPL00242_P12	NONE	YES	.	48	8	1.0000	HIGH	NONE	ALLELE_STATE
SAMN16801851	SRR13089478	HPL00243	PRIMARY_TECHNICAL	HPL00243_HPAG1	NONE	YES	.	32	8	1.0000	HIGH	NONE	ALLELE_STATE
SAMN16801851	SRR13089478	HPL00244	PRIMARY_TECHNICAL	HPL00244_26695	NONE	YES	.	32	8	1.0000	HIGH	NONE	ALLELE_STATE
SAMN16801851	SRR13089478	HPL00245	PRIMARY_TECHNICAL	HPL00245_HPAG1	NONE	YES	.	35	8	1.0000	HIGH	NONE	ALLELE_STATE
SAMN16801851	SRR13089478	HPL00246	PRIMARY_TECHNICAL	HPL00246_26695	NONE	NO	INSUFFICIENT_SPANNING_READS(1<8)	1			NA	NA	UNCALLABLE
SAMN16801851	SRR13089478	HPL00247	PRIMARY_TECHNICAL	HPL00247_J99	NONE	YES	.	51	8	1.0000	HIGH	NONE	ALLELE_STATE
SAMN16801851	SRR13089478	HPL00251	PRIMARY_TECHNICAL	HPL00251_HPAG1	NONE	YES	.	27	8	1.0000	HIGH	NONE	ALLELE_STATE
SAMN16801851	SRR13089478	HPL00259	PRIMARY_TECHNICAL	HPL00259_26695	NONE	YES	.	45	8	1.0000	HIGH	NONE	ALLELE_STATE
SAMN16801851	SRR13089478	HPL00261	PRIMARY_TECHNICAL	HPL00261_G27	NONE	YES	.	34	8	1.0000	HIGH	NONE	ALLELE_STATE
SAMN16801851	SRR13089478	HPL00262	PRIMARY_TECHNICAL	HPL00262_India7	NONE	YES	.	33	8	1.0000	HIGH	NONE	ALLELE_STATE
SAMN16801851	SRR13089478	HPL00264	PRIMARY_TECHNICAL	HPL00264_B8	NONE	YES	.	42	8	1.0000	HIGH	NONE	ALLELE_STATE
SAMN16801851	SRR13089478	HPL00267	PRIMARY_TECHNICAL	HPL00267_26695	NONE	YES	.	39	8	1.0000	HIGH	NONE	ALLELE_STATE
SAMN16801851	SRR13089478	HPL00270	PRIMARY_TECHNICAL	HPL00270_Shi470	NONE	YES	.	41	8	0.9024	HIGH	NONE	ALLELE_STATE
SAMN16801851	SRR13089478	HPL00273	PRIMARY_TECHNICAL	HPL00273_B8	NONE	YES	.	41	8	1.0000	HIGH	NONE	ALLELE_STATE
SAMN16801851	SRR13089478	HPL00274	PRIMARY_TECHNICAL	HPL00274_26695	NONE	NO	NO_SPANNING_READS	0			NA	NA	UNCALLABLE
SAMN16801851	SRR13089478	HPL00275	PRIMARY_TECHNICAL	HPL00275_26695	NONE	YES	.	43	8	1.0000	HIGH	NONE	ALLELE_STATE
SAMN16801851	SRR13089478	HPL00276	PRIMARY_TECHNICAL	HPL00276_J99	NONE	YES	.	44	8	1.0000	HIGH	NONE	ALLELE_STATE
SAMN16801851	SRR13089478	HPL00277	PRIMARY_TECHNICAL	HPL00277_26695	NONE	YES	.	47	8	0.9362	HIGH	NONE	ALLELE_STATE
SAMN16801851	SRR13089478	HPL00288	PRIMARY_TECHNICAL	HPL00288_B8	NONE	YES	.	34	8	1.0000	HIGH	NONE	ALLELE_STATE
SAMN16801851	SRR13089478	HPL00289	PRIMARY_TECHNICAL	HPL00289_India7	NONE	YES	.	24	9	0.9167	HIGH	NONE	ALLELE_STATE
SAMN16801851	SRR13089478	HPL00290	PRIMARY_TECHNICAL	HPL00290_Shi470	NONE	YES	.	40	8	1.0000	HIGH	NONE	ALLELE_STATE
SAMN16801851	SRR13089478	HPL00291	PROVISIONAL_TECHNICAL	HPL00291_26695	NONE	YES	.	28	8	1.0000	HIGH	NONE	ALLELE_STATE
SAMN16801851	SRR13089478	HPL00292	PRIMARY_TECHNICAL	HPL00292_26695	NONE	NO	NO_SPANNING_READS	0			NA	NA	UNCALLABLE
SAMN16801851	SRR13089478	HPL00293	PRIMARY_TECHNICAL	HPL00293_Shi470	NONE	YES	.	41	8	0.9756	HIGH	NONE	ALLELE_STATE
SAMN16801851	SRR13089478	HPL00297	PRIMARY_TECHNICAL	HPL00297_HPAG1	NONE	YES	.	10	8	1.0000	MEDIUM	NONE	ALLELE_STATE
SAMN16801851	SRR13089478	HPL00299	PROVISIONAL_TECHNICAL	HPL00299_J99	NONE	YES	.	30	12	1.0000	HIGH	NONE	ALLELE_STATE
SAMN16801851	SRR13089478	HPL00301	PRIMARY_TECHNICAL	HPL00301_Shi470	NONE	YES	.	41	8	1.0000	HIGH	NONE	ALLELE_STATE
SAMN16801851	SRR13089478	HPL00303	PRIMARY_TECHNICAL	HPL00303_26695	NONE	YES	.	26	8	1.0000	HIGH	NONE	ALLELE_STATE
SAMN16801851	SRR13089478	HPL00304	PRIMARY_TECHNICAL	HPL00304_HPAG1	NONE	YES	.	25	8	1.0000	HIGH	NONE	ALLELE_STATE
SAMN16801851	SRR13089478	HPL00305	PRIMARY_TECHNICAL	HPL00305_P12	NONE	YES	.	43	8	1.0000	HIGH	NONE	ALLELE_STATE
SAMN16801851	SRR13089478	HPL00306	PRIMARY_TECHNICAL	HPL00306_26695	NONE	YES	.	42	8	1.0000	HIGH	NONE	ALLELE_STATE
SAMN16801851	SRR13089478	HPL00311	PRIMARY_TECHNICAL	HPL00311_J99	NONE	YES	.	24	8	1.0000	HIGH	NONE	ALLELE_STATE
SAMN16801851	SRR13089478	HPL00312	PROVISIONAL_TECHNICAL	HPL00312_P12	NONE	YES	.	30	13	1.0000	HIGH	NONE	ALLELE_STATE
SAMN16801851	SRR13089478	HPL00313	PRIMARY_TECHNICAL	HPL00313_26695	NONE	YES	.	36	8	1.0000	HIGH	NONE	ALLELE_STATE
SAMN16801851	SRR13089478	HPL00314	PRIMARY_TECHNICAL	HPL00314_26695	NONE	YES	.	48	8	1.0000	HIGH	NONE	ALLELE_STATE
SAMN16801851	SRR13089478	HPL00316	PRIMARY_TECHNICAL	HPL00316_Shi470	NONE	YES	.	36	9	1.0000	HIGH	NONE	ALLELE_STATE
SAMN16801851	SRR13089478	HPL00318	PRIMARY_TECHNICAL	HPL00318_26695	NONE	NO	NO_SPANNING_READS	0			NA	NA	UNCALLABLE
SAMN16801851	SRR13089478	HPL00319	PRIMARY_TECHNICAL	HPL00319_26695	NONE	NO	NO_SPANNING_READS	0			NA	NA	UNCALLABLE
SAMN16801851	SRR13089478	HPL00321	PRIMARY_TECHNICAL	HPL00321_26695	NONE	NO	NO_SPANNING_READS	0			NA	NA	UNCALLABLE
SAMN16801851	SRR13089478	HPL00322	PRIMARY_TECHNICAL	HPL00322_G27	NONE	YES	.	49	8	1.0000	HIGH	NONE	ALLELE_STATE
SAMN16801851	SRR13089478	HPL00325	PRIMARY_TECHNICAL	HPL00325_26695	NONE	YES	.	19	8	1.0000	MEDIUM	NONE	ALLELE_STATE
SAMN16801851	SRR13089478	HPL00329	PRIMARY_TECHNICAL	HPL00329_HPAG1	NONE	YES	.	26	8	1.0000	HIGH	NONE	ALLELE_STATE
SAMN16801851	SRR13089478	HPL00330	PROVISIONAL_TECHNICAL	HPL00330_P12	NONE	YES	.	25	8	1.0000	HIGH	NONE	ALLELE_STATE
SAMN16801851	SRR13089478	HPL00332	PRIMARY_TECHNICAL	HPL00332_HPAG1	NONE	YES	.	36	8	1.0000	HIGH	NONE	ALLELE_STATE
SAMN16801851	SRR13089478	HPL00333	PRIMARY_TECHNICAL	HPL00333_26695	NONE	YES	.	26	8	1.0000	HIGH	NONE	ALLELE_STATE
SAMN16801851	SRR13089478	HPL00337	PRIMARY_TECHNICAL	HPL00337_26695	NONE	YES	.	41	8	1.0000	HIGH	NONE	ALLELE_STATE
SAMN16801851	SRR13089478	HPL00341	PRIMARY_TECHNICAL	HPL00341_26695	NONE	YES	.	40	8	0.9750	HIGH	NONE	ALLELE_STATE
SAMN16801851	SRR13089478	HPL00342	PRIMARY_TECHNICAL	HPL00342_Shi470	NONE	YES	.	34	8	1.0000	HIGH	NONE	ALLELE_STATE
SAMN16801851	SRR13089478	HPL00344	PRIMARY_TECHNICAL	HPL00344_26695	NONE	YES	.	29	8	1.0000	HIGH	NONE	ALLELE_STATE
SAMN16801851	SRR13089478	HPL00345	PRIMARY_TECHNICAL	HPL00345_Shi470	NONE	YES	.	51	8	1.0000	HIGH	NONE	ALLELE_STATE
SAMN16801851	SRR13089478	HPL00347	PRIMARY_TECHNICAL	HPL00347_B8	NONE	YES	.	44	8	1.0000	HIGH	NONE	ALLELE_STATE
SAMN16801851	SRR13089478	HPL00350	PRIMARY_TECHNICAL	HPL00350_HPAG1	NONE	YES	.	36	9	1.0000	HIGH	NONE	ALLELE_STATE
SAMN16801851	SRR13089478	HPL00351	PRIMARY_TECHNICAL	HPL00351_Shi470	NONE	YES	.	33	8	1.0000	HIGH	NONE	ALLELE_STATE
SAMN16801851	SRR13089478	HPL00352	PRIMARY_TECHNICAL	HPL00352_26695	NONE	NO	NO_SPANNING_READS	0			NA	NA	UNCALLABLE
SAMN16801851	SRR13089478	HPL00353	PRIMARY_TECHNICAL	HPL00353_26695	NONE	YES	.	38	8	1.0000	HIGH	NONE	ALLELE_STATE
SAMN16801851	SRR13089478	HPL00354	PRIMARY_TECHNICAL	HPL00354_26695	NONE	YES	.	42	8	1.0000	HIGH	NONE	ALLELE_STATE
SAMN16801851	SRR13089478	HPL00357	PRIMARY_TECHNICAL	HPL00357_Shi470	NONE	YES	.	41	8	0.9512	HIGH	NONE	ALLELE_STATE
SAMN16801851	SRR13089478	HPL00360	PRIMARY_TECHNICAL	HPL00360_J99	NONE	YES	.	47	8	1.0000	HIGH	NONE	ALLELE_STATE
SAMN16801851	SRR13089478	HPL00361	PRIMARY_TECHNICAL	HPL00361_B8	NONE	YES	.	50	8	1.0000	HIGH	NONE	ALLELE_STATE
SAMN16801851	SRR13089478	HPL00364	PRIMARY_TECHNICAL	HPL00364_Shi470	NONE	YES	.	48	8	1.0000	HIGH	NONE	ALLELE_STATE
SAMN16801851	SRR13089478	HPL00365	PRIMARY_TECHNICAL	HPL00365_26695	NONE	YES	.	36	8	1.0000	HIGH	NONE	ALLELE_STATE
SAMN16801851	SRR13089478	HPL00369	PRIMARY_TECHNICAL	HPL00369_P12	NONE	YES	.	29	9	1.0000	HIGH	NONE	ALLELE_STATE
SAMN16801851	SRR13089478	HPL00370	PRIMARY_TECHNICAL	HPL00370_G27	NONE	YES	.	24	8	1.0000	HIGH	NONE	ALLELE_STATE
SAMN16801851	SRR13089478	HPL00376	PRIMARY_TECHNICAL	HPL00376_26695	NONE	YES	.	34	8	1.0000	HIGH	NONE	ALLELE_STATE
SAMN16801851	SRR13089478	HPL00377	PRIMARY_TECHNICAL	HPL00377_26695	NONE	YES	.	34	8	1.0000	HIGH	NONE	ALLELE_STATE
SAMN16801851	SRR13089478	HPL00378	PRIMARY_TECHNICAL	HPL00378_J99	NONE	YES	.	24	8	1.0000	HIGH	NONE	ALLELE_STATE
SAMN16801851	SRR13089478	HPL00379	PRIMARY_TECHNICAL	HPL00379_26695	NONE	YES	.	21	8	1.0000	HIGH	NONE	ALLELE_STATE
SAMN16801851	SRR13089478	HPL00380	PRIMARY_TECHNICAL	HPL00380_Shi470	NONE	YES	.	18	8	1.0000	MEDIUM	NONE	ALLELE_STATE
SAMN16801851	SRR13089478	HPL00381	PROVISIONAL_TECHNICAL	HPL00381_Shi470	NONE	YES	.	32	8	1.0000	HIGH	NONE	ALLELE_STATE
SAMN16801851	SRR13089478	HPL00383	PRIMARY_TECHNICAL	HPL00383_26695	NONE	YES	.	37	8	1.0000	HIGH	NONE	ALLELE_STATE
SAMN16801851	SRR13089478	HPL00385	PROVISIONAL_TECHNICAL	HPL00385_26695	NONE	NO	NO_SPANNING_READS	0			NA	NA	UNCALLABLE
SAMN16801851	SRR13089478	HPL00386	PRIMARY_TECHNICAL	HPL00386_26695	NONE	YES	.	36	8	1.0000	HIGH	NONE	ALLELE_STATE
SAMN16801851	SRR13089478	HPL00387	PROVISIONAL_TECHNICAL	HPL00387_G27	NONE	YES	.	52	12	1.0000	HIGH	NONE	ALLELE_STATE
SAMN16801851	SRR13089478	HPL00390	PRIMARY_TECHNICAL	HPL00390_26695	NONE	YES	.	24	8	1.0000	HIGH	NONE	ALLELE_STATE
SAMN16801851	SRR13089478	HPL00392	PRIMARY_TECHNICAL	HPL00392_J99	NONE	YES	.	26	8	1.0000	HIGH	NONE	ALLELE_STATE
SAMN16801851	SRR13089478	HPL00393	PRIMARY_TECHNICAL	HPL00393_26695	NONE	YES	.	9	6	1.0000	LOW	NONE	ALLELE_STATE
SAMN16801851	SRR13089478	HPL00403	PRIMARY_TECHNICAL	HPL00403_26695	NONE	YES	.	42	8	1.0000	HIGH	NONE	ALLELE_STATE
SAMN16801851	SRR13089478	HPL00404	PRIMARY_TECHNICAL	HPL00404_Shi470	NONE	YES	.	16	8	1.0000	MEDIUM	NONE	ALLELE_STATE
SAMN16801851	SRR13089478	HPL00407	PRIMARY_TECHNICAL	HPL00407_India7	NONE	YES	.	21	8	0.9524	HIGH	NONE	ALLELE_STATE
SAMN16801851	SRR13089478	HPL00409	PRIMARY_TECHNICAL	HPL00409_26695	NONE	YES	.	33	8	1.0000	HIGH	NONE	ALLELE_STATE
SAMN16801851	SRR13089478	HPL00413	PRIMARY_TECHNICAL	HPL00413_26695	NONE	YES	.	27	8	1.0000	HIGH	NONE	ALLELE_STATE
SAMN16801851	SRR13089478	HPL00414	PRIMARY_TECHNICAL	HPL00414_Shi470	NONE	YES	.	33	8	1.0000	HIGH	NONE	ALLELE_STATE
SAMN16801851	SRR13089478	HPL00415	PRIMARY_TECHNICAL	HPL00415_India7	NONE	YES	.	44	8	1.0000	HIGH	NONE	ALLELE_STATE
SAMN16801851	SRR13089478	HPL00419	PRIMARY_TECHNICAL	HPL00419_26695	NONE	YES	.	31	8	1.0000	HIGH	NONE	ALLELE_STATE
SAMN16801851	SRR13089478	HPL00421	PRIMARY_TECHNICAL	HPL00421_26695	NONE	YES	.	15	8	1.0000	MEDIUM	NONE	ALLELE_STATE
SAMN16801851	SRR13089478	HPL00423	PRIMARY_TECHNICAL	HPL00423_Shi470	NONE	YES	.	42	8	1.0000	HIGH	NONE	ALLELE_STATE
SAMN16801851	SRR13089478	HPL00424	PRIMARY_TECHNICAL	HPL00424_Shi470	NONE	YES	.	40	8	1.0000	HIGH	NONE	ALLELE_STATE
SAMN16801851	SRR13089478	HPL00426	PROVISIONAL_TECHNICAL	HPL00426_HPAG1	NONE	YES	.	24	9	1.0000	HIGH	NONE	AMBIGUOUS
SAMN16801851	SRR13089478	HPL00429	PRIMARY_TECHNICAL	HPL00429_26695	NONE	YES	.	32	8	1.0000	HIGH	NONE	ALLELE_STATE
SAMN16801851	SRR13089478	HPL00430	PRIMARY_TECHNICAL	HPL00430_26695	NONE	NO	NO_SPANNING_READS	0			NA	NA	UNCALLABLE
SAMN16801851	SRR13089478	HPL00435	PRIMARY_TECHNICAL	HPL00435_Shi470	NONE	YES	.	50	9	1.0000	HIGH	NONE	ALLELE_STATE
SAMN16801851	SRR13089478	HPL00436	PRIMARY_TECHNICAL	HPL00436_Shi470	NONE	YES	.	36	8	1.0000	HIGH	NONE	ALLELE_STATE
SAMN16801851	SRR13089478	HPL00439	PROVISIONAL_TECHNICAL	HPL00439_26695	NONE	YES	.	34	12	1.0000	HIGH	NONE	ALLELE_STATE
SAMN16801851	SRR13089478	HPL00442	PRIMARY_TECHNICAL	HPL00442_Shi470	NONE	YES	.	47	8	1.0000	HIGH	NONE	ALLELE_STATE
SAMN16801851	SRR13089478	HPL00443	PRIMARY_TECHNICAL	HPL00443_26695	NONE	YES	.	48	9	0.9792	HIGH	NONE	ALLELE_STATE
SAMN16801851	SRR13089478	HPL00447	PRIMARY_TECHNICAL	HPL00447_26695	NONE	NO	NO_SPANNING_READS	0			NA	NA	UNCALLABLE
SAMN16801851	SRR13089478	HPL00450	PRIMARY_TECHNICAL	HPL00450_India7	NONE	YES	.	38	8	1.0000	HIGH	NONE	ALLELE_STATE
SAMN16801851	SRR13089478	HPL00453	PROVISIONAL_TECHNICAL	HPL00453_26695	NONE	NO	NO_SPANNING_READS	0			NA	NA	UNCALLABLE
SAMN16801851	SRR13089478	HPL00454	PROVISIONAL_TECHNICAL	HPL00454_J99	NONE	YES	.	38	12	1.0000	HIGH	NONE	ALLELE_STATE
SAMN16801851	SRR13089478	HPL00460	PRIMARY_TECHNICAL	HPL00460_26695	NONE	YES	.	44	8	1.0000	HIGH	NONE	ALLELE_STATE
SAMN16801851	SRR13089478	HPL00465	PRIMARY_TECHNICAL	HPL00465_Shi470	NONE	YES	.	55	8	0.9818	HIGH	NONE	ALLELE_STATE
SAMN16801851	SRR13089478	HPL00466	PRIMARY_TECHNICAL	HPL00466_Shi470	NONE	YES	.	35	9	1.0000	HIGH	NONE	ALLELE_STATE
SAMN16801851	SRR13089478	HPL00469	PRIMARY_TECHNICAL	HPL00469_G27	NONE	YES	.	16	8	1.0000	MEDIUM	NONE	ALLELE_STATE
SAMN16801851	SRR13089478	HPL00479	PRIMARY_TECHNICAL	HPL00479_Shi470	NONE	YES	.	49	8	1.0000	HIGH	NONE	ALLELE_STATE
SAMN16801851	SRR13089478	HPL00482	PRIMARY_TECHNICAL	HPL00482_26695	NONE	YES	.	32	8	1.0000	HIGH	NONE	ALLELE_STATE
SAMN16801851	SRR13089478	HPL00483	PRIMARY_TECHNICAL	HPL00483_G27	NONE	YES	.	55	8	1.0000	HIGH	NONE	ALLELE_STATE
SAMN16801851	SRR13089478	HPL00485	PRIMARY_TECHNICAL	HPL00485_B8	NONE	YES	.	16	8	1.0000	MEDIUM	NONE	ALLELE_STATE
SAMN16801851	SRR13089478	HPL00487	PROVISIONAL_TECHNICAL	HPL00487_HPAG1	NONE	YES	.	24	8	1.0000	HIGH	NONE	ALLELE_STATE
SAMN16801851	SRR13089478	HPL00493	PRIMARY_TECHNICAL	HPL00493_P12	NONE	YES	.	59	8	1.0000	HIGH	NONE	ALLELE_STATE
SAMN16801851	SRR13089478	HPL00496	PRIMARY_TECHNICAL	HPL00496_Shi470	NONE	YES	.	27	8	1.0000	HIGH	NONE	ALLELE_STATE
SAMN16801851	SRR13089478	HPL00497	PRIMARY_TECHNICAL	HPL00497_India7	NONE	YES	.	39	8	1.0000	HIGH	NONE	AMBIGUOUS
SAMN16801851	SRR13089478	HPL00498	PRIMARY_TECHNICAL	HPL00498_26695	NONE	YES	.	36	8	1.0000	HIGH	NONE	ALLELE_STATE
SAMN16801851	SRR13089478	HPL00499	PROVISIONAL_TECHNICAL	HPL00499_J99	NONE	YES	.	42	8	1.0000	HIGH	NONE	ALLELE_STATE
SAMN16801851	SRR13089478	HPL00501	PRIMARY_TECHNICAL	HPL00501_B8	NONE	YES	.	60	8	1.0000	HIGH	NONE	ALLELE_STATE
SAMN16801851	SRR13089478	HPL00502	PRIMARY_TECHNICAL	HPL00502_G27	NONE	YES	.	26	8	1.0000	HIGH	NONE	ALLELE_STATE
SAMN16801851	SRR13089478	HPL00503	PRIMARY_TECHNICAL	HPL00503_26695	NONE	NO	NO_SPANNING_READS	0			NA	NA	UNCALLABLE
SAMN16801851	SRR13089478	HPL00505	PRIMARY_TECHNICAL	HPL00505_J99	MEMBER_ALLELE_CONFLICT:HPL00505_P12	NO	MEMBER_ALLELE_CONFLICT	37	8	1.0000	NA	NONE	UNCALLABLE
SAMN16801851	SRR13089478	HPL00506	PRIMARY_TECHNICAL	HPL00506_26695	NONE	YES	.	35	8	1.0000	HIGH	NONE	ALLELE_STATE
SAMN16801851	SRR13089478	HPL00510	PROVISIONAL_TECHNICAL	HPL00510_Shi470	NONE	YES	.	30	13	1.0000	HIGH	NONE	ALLELE_STATE
SAMN16801851	SRR13089478	HPL00514	PRIMARY_TECHNICAL	HPL00514_J99	NONE	YES	.	43	8	1.0000	HIGH	NONE	ALLELE_STATE
SAMN16801851	SRR13089478	HPL00518	PROVISIONAL_TECHNICAL	HPL00518_India7	NONE	YES	.	46	6	1.0000	HIGH	NONE	ALLELE_STATE
SAMN16801851	SRR13089478	HPL00521	PRIMARY_TECHNICAL	HPL00521_J99	NONE	NO	NO_SPANNING_READS	0			NA	NA	UNCALLABLE
SAMN16801851	SRR13089478	HPL00524	PRIMARY_TECHNICAL	HPL00524_G27	NONE	YES	.	34	8	1.0000	HIGH	NONE	ALLELE_STATE
SAMN16801851	SRR13089478	HPL00529	PRIMARY_TECHNICAL	HPL00529_J99	NONE	YES	.	23	8	1.0000	HIGH	NONE	ALLELE_STATE
SAMN16801851	SRR13089478	HPL00530	PRIMARY_TECHNICAL	HPL00530_Shi470	NONE	YES	.	31	8	1.0000	HIGH	NONE	ALLELE_STATE
SAMN16801851	SRR13089478	HPL00531	PRIMARY_TECHNICAL	HPL00531_G27	NONE	YES	.	53	8	1.0000	HIGH	NONE	ALLELE_STATE
SAMN16801851	SRR13089478	HPL00533	PROVISIONAL_TECHNICAL	HPL00533_P12	NONE	YES	.	45	8	1.0000	HIGH	NONE	ALLELE_STATE
SAMN16801851	SRR13089478	HPL00540	PRIMARY_TECHNICAL	HPL00540_HPAG1	NONE	YES	.	36	9	0.9722	HIGH	NONE	ALLELE_STATE
SAMN16801851	SRR13089478	HPL00544	PRIMARY_TECHNICAL	HPL00544_J99	NONE	NO	NO_SPANNING_READS	0			NA	NA	UNCALLABLE
SAMN16801851	SRR13089478	HPL00548	PRIMARY_TECHNICAL	HPL00548_J99	NONE	NO	NO_SPANNING_READS	0			NA	NA	UNCALLABLE
SAMN16801851	SRR13089478	HPL00549	PROVISIONAL_TECHNICAL	HPL00549_P12	NONE	YES	.	55	10	1.0000	HIGH	NONE	ALLELE_STATE
SAMN16801851	SRR13089478	HPL00571	PRIMARY_TECHNICAL	HPL00571_P12	NONE	YES	.	24	8	1.0000	HIGH	NONE	ALLELE_STATE
SAMN16801851	SRR13089478	HPL00573	PRIMARY_TECHNICAL	HPL00573_Shi470	NONE	YES	.	29	9	1.0000	HIGH	NONE	ALLELE_STATE
SAMN16801851	SRR13089478	HPL00576	PRIMARY_TECHNICAL	HPL00576_B8	NONE	YES	.	22	8	1.0000	HIGH	NONE	ALLELE_STATE
SAMN16801851	SRR13089478	HPL00582	PRIMARY_TECHNICAL	HPL00582_B8	NONE	YES	.	26	8	1.0000	HIGH	NONE	ALLELE_STATE
SAMN16801851	SRR13089478	HPL00601	PRIMARY_TECHNICAL	HPL00601_J99	NONE	NO	NO_SPANNING_READS	0			NA	NA	UNCALLABLE
SAMN16801851	SRR13089478	HPL00603	PRIMARY_TECHNICAL	HPL00603_J99	NONE	NO	NO_SPANNING_READS	0			NA	NA	UNCALLABLE
SAMN16801851	SRR13089478	HPL00604	PRIMARY_TECHNICAL	HPL00604_G27	NONE	YES	.	45	8	1.0000	HIGH	NONE	AMBIGUOUS
SAMN16801851	SRR13089478	HPL00608	PROVISIONAL_TECHNICAL	HPL00608_India7	NONE	YES	.	23	8	1.0000	HIGH	NONE	ALLELE_STATE
SAMN16801851	SRR13089478	HPL00609	PRIMARY_TECHNICAL	HPL00609_India7	NONE	YES	.	22	8	1.0000	HIGH	NONE	ALLELE_STATE
SAMN16801851	SRR13089478	HPL00613	PRIMARY_TECHNICAL	HPL00613_India7	NONE	YES	.	29	8	1.0000	HIGH	NONE	ALLELE_STATE
SAMN16801851	SRR13089478	HPL00622	PROVISIONAL_TECHNICAL	HPL00622_India7	NONE	YES	.	41	8	1.0000	HIGH	NONE	ALLELE_STATE
SAMN16801851	SRR13089478	HPL00628	PROVISIONAL_TECHNICAL	HPL00628_India7	NONE	YES	.	43	9	1.0000	HIGH	NONE	ALLELE_STATE
SAMN16801851	SRR13089478	HPL00640	PRIMARY_TECHNICAL	HPL00640_P12	NONE	YES	.	34	8	1.0000	HIGH	NONE	ALLELE_STATE
SAMN16801851	SRR13089478	HPL00645	PRIMARY_TECHNICAL	HPL00645_Shi470	NONE	YES	.	55	7	1.0000	HIGH	NONE	ALLELE_STATE
SAMN16801851	SRR13089478	HPL00679	PRIMARY_TECHNICAL	HPL00679_J99	NONE	NO	NO_SPANNING_READS	0			NA	NA	UNCALLABLE
SAMN16801851	SRR13089478	HPL00682	PRIMARY_TECHNICAL	HPL00682_J99	NONE	NO	NO_SPANNING_READS	0			NA	NA	UNCALLABLE
SAMN16801851	SRR13089478	HPL00685	PROVISIONAL_TECHNICAL	HPL00685_J99	NONE	NO	NO_SPANNING_READS	0			NA	NA	UNCALLABLE
SAMN16801851	SRR13089478	HPL00699	PRIMARY_TECHNICAL	HPL00699_Shi470	NONE	YES	.	43	8	1.0000	HIGH	NONE	ALLELE_STATE
SAMN16801851	SRR13089478	HPL00702	PRIMARY_TECHNICAL	HPL00702_G27	NONE	YES	.	28	8	1.0000	HIGH	NONE	ALLELE_STATE
SAMN16801851	SRR13089478	HPL00709	PRIMARY_TECHNICAL	HPL00709_HPAG1	NONE	YES	.	45	7	1.0000	HIGH	NONE	ALLELE_STATE
SAMN16801851	SRR13089478	HPL00743	PROVISIONAL_TECHNICAL	HPL00743_India7	NONE	YES	.	29	12	1.0000	HIGH	NONE	ALLELE_STATE
SAMN16801851	SRR13089478	HPL00750	PRIMARY_TECHNICAL	HPL00750_HPAG1	NONE	YES	.	23	8	1.0000	HIGH	NONE	ALLELE_STATE
SAMN16801851	SRR13089478	HPL00751	PRIMARY_TECHNICAL	HPL00751_India7	NONE	YES	.	30	8	1.0000	HIGH	NONE	ALLELE_STATE
SAMN16801851	SRR13089478	HPL00752	PRIMARY_TECHNICAL	HPL00752_G27	NONE	YES	.	30	8	1.0000	HIGH	NONE	ALLELE_STATE
SAMN16801851	SRR13089478	HPL00761	PRIMARY_TECHNICAL	HPL00761_G27	NONE	YES	.	29	8	1.0000	HIGH	NONE	ALLELE_STATE
SAMN16801851	SRR13089478	HPL00780	PRIMARY_TECHNICAL	HPL00780_HPAG1	NONE	YES	.	25	8	1.0000	HIGH	NONE	ALLELE_STATE
SAMN16801851	SRR13089478	HPL00782	PRIMARY_TECHNICAL	HPL00782_P12	NONE	YES	.	19	8	1.0000	MEDIUM	NONE	ALLELE_STATE
SAMN16801851	SRR13089478	HPL00804	PRIMARY_TECHNICAL	HPL00804_HPAG1	NONE	YES	.	49	8	1.0000	HIGH	NONE	ALLELE_STATE
SAMN16801851	SRR13089478	HPL00809	PRIMARY_TECHNICAL	HPL00809_HPAG1	NONE	NO	NOT_CALLER_ELIGIBLE:NO:not_uniquely_anchorable				NA	NA	NOT_APPLICABLE
SAMN16801851	SRR13089478	HPL00811	PRIMARY_TECHNICAL	HPL00811_HPAG1	NONE	YES	.	36	8	1.0000	HIGH	NONE	ALLELE_STATE
SAMN16801851	SRR13089478	HPL00816	PRIMARY_TECHNICAL	HPL00816_HPAG1	NONE	YES	.	28	8	1.0000	HIGH	NONE	ALLELE_STATE
SAMN16801851	SRR13089478	HPL00817	PRIMARY_TECHNICAL	HPL00817_Shi470	NONE	YES	.	32	8	1.0000	HIGH	NONE	ALLELE_STATE
SAMN16801851	SRR13089478	HPL00818	PRIMARY_TECHNICAL	HPL00818_HPAG1	NONE	NO	NO_SPANNING_READS	0			NA	NA	UNCALLABLE
SAMN16801851	SRR13089478	HPL00835	PRIMARY_TECHNICAL	HPL00835_G27	NONE	NO	NO_SPANNING_READS	0			NA	NA	UNCALLABLE
SAMN16801851	SRR13089478	HPL00838	PRIMARY_TECHNICAL	HPL00838_G27	NONE	NO	NO_SPANNING_READS	0			NA	NA	UNCALLABLE
SAMN16801851	SRR13089478	HPL00839	PRIMARY_TECHNICAL	HPL00839_B8	NONE	YES	.	23	8	1.0000	HIGH	NONE	ALLELE_STATE
SAMN16801851	SRR13089478	HPL00840	PRIMARY_TECHNICAL	HPL00840_G27	NONE	YES	.	31	7	1.0000	HIGH	NONE	ALLELE_STATE
SAMN16801851	SRR13089478	HPL00841	PRIMARY_TECHNICAL	HPL00841_G27	NONE	NO	NO_SPANNING_READS	0			NA	NA	UNCALLABLE
SAMN16801851	SRR13089478	HPL00849	PRIMARY_TECHNICAL	HPL00849_G27	NONE	NO	NO_SPANNING_READS	0			NA	NA	UNCALLABLE
SAMN16801851	SRR13089478	HPL00884	PRIMARY_TECHNICAL	HPL00884_G27	NONE	YES	.	35	8	1.0000	HIGH	NONE	ALLELE_STATE
SAMN16801851	SRR13089478	HPL00934	PRIMARY_TECHNICAL	HPL00934_G27	NONE	YES	.	31	8	1.0000	HIGH	NONE	AMBIGUOUS
SAMN16801851	SRR13089478	HPL00977	PRIMARY_TECHNICAL	HPL00977_India7	NONE	YES	.	31	8	1.0000	HIGH	NONE	ALLELE_STATE
SAMN16801851	SRR13089478	HPL01050	PRIMARY_TECHNICAL	HPL01050_B8	NONE	YES	.	45	8	1.0000	HIGH	NONE	ALLELE_STATE
SAMN16801851	SRR13089478	HPL01053	PRIMARY_TECHNICAL	HPL01053_B8	NONE	YES	.	35	8	0.9714	HIGH	NONE	ALLELE_STATE
SAMN16801851	SRR13089478	HPL01081	PRIMARY_TECHNICAL	HPL01081_B8	NONE	NO	NO_SPANNING_READS	0			NA	NA	UNCALLABLE
SAMN16801851	SRR13089478	HPL01098	PROVISIONAL_TECHNICAL	HPL01098_B8	NONE	YES	.	22	12	1.0000	HIGH	NONE	ALLELE_STATE
SAMN16801851	SRR13089478	HPL01110	PRIMARY_TECHNICAL	HPL01110_B8	NONE	YES	.	20	8	1.0000	HIGH	NONE	ALLELE_STATE
SAMN16801851	SRR13089478	HPL01140	PRIMARY_TECHNICAL	HPL01140_B8	NONE	NO	NO_SPANNING_READS	0			NA	NA	UNCALLABLE
SAMN16801852	SRR13089477	HPL00001	PRIMARY_TECHNICAL	HPL00001_26695	NONE	YES	.	44	8	1.0000	HIGH	NONE	ALLELE_STATE
SAMN16801852	SRR13089477	HPL00002	PRIMARY_TECHNICAL	HPL00002_P12	NONE	YES	.	50	8	1.0000	HIGH	NONE	ALLELE_STATE
SAMN16801852	SRR13089477	HPL00007	PRIMARY_TECHNICAL	HPL00007_26695	NONE	YES	.	44	8	1.0000	HIGH	NONE	ALLELE_STATE
SAMN16801852	SRR13089477	HPL00008	PRIMARY_TECHNICAL	HPL00008_26695	NONE	YES	.	41	8	1.0000	HIGH	NONE	ALLELE_STATE
SAMN16801852	SRR13089477	HPL00010	PRIMARY_TECHNICAL	HPL00010_Shi470	NONE	YES	.	18	14	0.6667	MEDIUM	MIXTURE_CANDIDATE	ALLELE_STATE
SAMN16801852	SRR13089477	HPL00013	PRIMARY_TECHNICAL	HPL00013_Shi470	NONE	YES	.	26	8	1.0000	HIGH	NONE	ALLELE_STATE
SAMN16801852	SRR13089477	HPL00014	PRIMARY_TECHNICAL	HPL00014_J99	NONE	YES	.	32	8	1.0000	HIGH	NONE	ALLELE_STATE
SAMN16801852	SRR13089477	HPL00018	PROVISIONAL_TECHNICAL	HPL00018_26695	NONE	NO	NO_SPANNING_READS	0			NA	NA	UNCALLABLE
SAMN16801852	SRR13089477	HPL00019	PRIMARY_TECHNICAL	HPL00019_26695	NONE	NO	NO_SPANNING_READS	0			NA	NA	UNCALLABLE
SAMN16801852	SRR13089477	HPL00022	PROVISIONAL_TECHNICAL	HPL00022_P12	NONE	YES	.	27	14	1.0000	HIGH	NONE	ALLELE_STATE
SAMN16801852	SRR13089477	HPL00024	PRIMARY_TECHNICAL	HPL00024_26695	NONE	YES	.	29	8	1.0000	HIGH	NONE	ALLELE_STATE
SAMN16801852	SRR13089477	HPL00025	PRIMARY_TECHNICAL	HPL00025_26695	NONE	YES	.	21	8	1.0000	HIGH	NONE	ALLELE_STATE
SAMN16801852	SRR13089477	HPL00030	PROVISIONAL_TECHNICAL	HPL00030_HPAG1	NONE	YES	.	26	12	1.0000	HIGH	NONE	ALLELE_STATE
SAMN16801852	SRR13089477	HPL00031	PROVISIONAL_TECHNICAL	HPL00031_P12	NONE	YES	.	13	12	1.0000	MEDIUM	NONE	ALLELE_STATE
SAMN16801852	SRR13089477	HPL00033	PROVISIONAL_TECHNICAL	HPL00033_26695	NONE	YES	.	29	11	1.0000	HIGH	NONE	ALLELE_STATE
SAMN16801852	SRR13089477	HPL00037	PRIMARY_TECHNICAL	HPL00037_26695	NONE	YES	.	42	8	1.0000	HIGH	NONE	ALLELE_STATE
SAMN16801852	SRR13089477	HPL00038	PRIMARY_TECHNICAL	HPL00038_26695	NONE	YES	.	39	8	1.0000	HIGH	NONE	ALLELE_STATE
SAMN16801852	SRR13089477	HPL00040	PRIMARY_TECHNICAL	HPL00040_J99	NONE	YES	.	44	8	1.0000	HIGH	NONE	ALLELE_STATE
SAMN16801852	SRR13089477	HPL00042	PRIMARY_TECHNICAL	HPL00042_Shi470	NONE	YES	.	42	8	1.0000	HIGH	NONE	ALLELE_STATE
SAMN16801852	SRR13089477	HPL00043	PRIMARY_TECHNICAL	HPL00043_B8	NONE	YES	.	32	8	1.0000	HIGH	NONE	ALLELE_STATE
SAMN16801852	SRR13089477	HPL00044	PRIMARY_TECHNICAL	HPL00044_26695	MEMBER_ALLELE_CONFLICT:HPL00044_Shi470	NO	MEMBER_ALLELE_CONFLICT	48	8	1.0000	NA	NONE	UNCALLABLE
SAMN16801852	SRR13089477	HPL00045	PROVISIONAL_TECHNICAL	HPL00045_G27	NONE	YES	.	14	8	1.0000	MEDIUM	NONE	AMBIGUOUS
SAMN16801852	SRR13089477	HPL00046	PROVISIONAL_TECHNICAL	HPL00046_HPAG1	NONE	YES	.	35	12	1.0000	HIGH	NONE	ALLELE_STATE
SAMN16801852	SRR13089477	HPL00047	PRIMARY_TECHNICAL	HPL00047_Shi470	NONE	YES	.	22	8	1.0000	HIGH	NONE	ALLELE_STATE
SAMN16801852	SRR13089477	HPL00049	PRIMARY_TECHNICAL	HPL00049_J99	NONE	YES	.	31	8	1.0000	HIGH	NONE	ALLELE_STATE
SAMN16801852	SRR13089477	HPL00050	PRIMARY_TECHNICAL	HPL00050_26695	NONE	YES	.	40	8	1.0000	HIGH	NONE	ALLELE_STATE
SAMN16801852	SRR13089477	HPL00051	PRIMARY_TECHNICAL	HPL00051_26695	NONE	NO	NO_SPANNING_READS	0			NA	NA	UNCALLABLE
SAMN16801852	SRR13089477	HPL00053	PRIMARY_TECHNICAL	HPL00053_26695	NONE	YES	.	33	8	0.9697	HIGH	NONE	ALLELE_STATE
SAMN16801852	SRR13089477	HPL00055	PRIMARY_TECHNICAL	HPL00055_Shi470	NONE	YES	.	53	8	1.0000	HIGH	NONE	ALLELE_STATE
SAMN16801852	SRR13089477	HPL00060	PROVISIONAL_TECHNICAL	HPL00060_26695	NONE	NO	NO_SPANNING_READS	0			NA	NA	UNCALLABLE
SAMN16801852	SRR13089477	HPL00061	PROVISIONAL_TECHNICAL	HPL00061_26695	NONE	YES	.	17	10	1.0000	MEDIUM	NONE	OFF
SAMN16801852	SRR13089477	HPL00063	PROVISIONAL_TECHNICAL	HPL00063_26695	NONE	YES	.	59	12	0.9831	HIGH	NONE	ALLELE_STATE
SAMN16801852	SRR13089477	HPL00064	PRIMARY_TECHNICAL	HPL00064_26695	NONE	YES	.	43	8	1.0000	HIGH	NONE	ALLELE_STATE
SAMN16801852	SRR13089477	HPL00065	PROVISIONAL_TECHNICAL	HPL00065_26695	NONE	YES	.	47	12	1.0000	HIGH	NONE	ALLELE_STATE
SAMN16801852	SRR13089477	HPL00068	PRIMARY_TECHNICAL	HPL00068_26695	NONE	NO	NOT_CALLER_ELIGIBLE:NO:not_uniquely_anchorable				NA	NA	NOT_APPLICABLE
SAMN16801852	SRR13089477	HPL00070	PROVISIONAL_TECHNICAL	HPL00070_26695	NONE	YES	.	29	12	1.0000	HIGH	NONE	ALLELE_STATE
SAMN16801852	SRR13089477	HPL00071	PRIMARY_TECHNICAL	HPL00071_26695	NONE	YES	.	39	8	1.0000	HIGH	NONE	ALLELE_STATE
SAMN16801852	SRR13089477	HPL00072	PRIMARY_TECHNICAL	HPL00072_26695	NONE	YES	.	51	8	1.0000	HIGH	NONE	ALLELE_STATE
SAMN16801852	SRR13089477	HPL00073	PRIMARY_TECHNICAL	HPL00073_J99	NONE	YES	.	35	8	1.0000	HIGH	NONE	ALLELE_STATE
SAMN16801852	SRR13089477	HPL00074	PRIMARY_TECHNICAL	HPL00074_B8	NONE	YES	.	34	8	1.0000	HIGH	NONE	ALLELE_STATE
SAMN16801852	SRR13089477	HPL00075	PRIMARY_TECHNICAL	HPL00075_J99	NONE	YES	.	35	8	1.0000	HIGH	NONE	ALLELE_STATE
SAMN16801852	SRR13089477	HPL00076	PRIMARY_TECHNICAL	HPL00076_Shi470	NONE	YES	.	52	8	1.0000	HIGH	NONE	ALLELE_STATE
SAMN16801852	SRR13089477	HPL00077	PRIMARY_TECHNICAL	HPL00077_26695	NONE	YES	.	50	8	1.0000	HIGH	NONE	ALLELE_STATE
SAMN16801852	SRR13089477	HPL00079	PRIMARY_TECHNICAL	HPL00079_26695	NONE	YES	.	37	8	1.0000	HIGH	NONE	ALLELE_STATE
SAMN16801852	SRR13089477	HPL00080	PRIMARY_TECHNICAL	HPL00080_26695	NONE	YES	.	29	8	1.0000	HIGH	NONE	ALLELE_STATE
SAMN16801852	SRR13089477	HPL00083	PROVISIONAL_TECHNICAL	HPL00083_26695	NONE	YES	.	20	13	1.0000	HIGH	NONE	ALLELE_STATE
SAMN16801852	SRR13089477	HPL00084	PRIMARY_TECHNICAL	HPL00084_Shi470	NONE	YES	.	42	8	1.0000	HIGH	NONE	ALLELE_STATE
SAMN16801852	SRR13089477	HPL00085	PRIMARY_TECHNICAL	HPL00085_26695	NONE	YES	.	32	8	1.0000	HIGH	NONE	ALLELE_STATE
SAMN16801852	SRR13089477	HPL00087	PRIMARY_TECHNICAL	HPL00087_Shi470	NONE	YES	.	13	9	1.0000	MEDIUM	NONE	AMBIGUOUS
SAMN16801852	SRR13089477	HPL00089	PRIMARY_TECHNICAL	HPL00089_Shi470	NONE	YES	.	16	8	1.0000	MEDIUM	NONE	ALLELE_STATE
SAMN16801852	SRR13089477	HPL00090	PRIMARY_TECHNICAL	HPL00090_26695	NONE	YES	.	37	8	1.0000	HIGH	NONE	ALLELE_STATE
SAMN16801852	SRR13089477	HPL00099	PRIMARY_TECHNICAL	HPL00099_J99	NONE	YES	.	27	8	1.0000	HIGH	NONE	ALLELE_STATE
SAMN16801852	SRR13089477	HPL00103	PRIMARY_TECHNICAL	HPL00103_26695	NONE	YES	.	29	14	0.8276	HIGH	MIXTURE_CANDIDATE	ALLELE_STATE
SAMN16801852	SRR13089477	HPL00104	PRIMARY_TECHNICAL	HPL00104_26695	NONE	NO	NO_SPANNING_READS	0			NA	NA	UNCALLABLE
SAMN16801852	SRR13089477	HPL00105	PRIMARY_TECHNICAL	HPL00105_J99	NONE	YES	.	21	8	1.0000	HIGH	NONE	ALLELE_STATE
SAMN16801852	SRR13089477	HPL00106	PRIMARY_TECHNICAL	HPL00106_G27	NONE	YES	.	44	8	1.0000	HIGH	NONE	ALLELE_STATE
SAMN16801852	SRR13089477	HPL00107	PRIMARY_TECHNICAL	HPL00107_26695	NONE	YES	.	38	8	1.0000	HIGH	NONE	ALLELE_STATE
SAMN16801852	SRR13089477	HPL00108	PRIMARY_TECHNICAL	HPL00108_B8	NONE	YES	.	43	8	1.0000	HIGH	NONE	ALLELE_STATE
SAMN16801852	SRR13089477	HPL00109	PRIMARY_TECHNICAL	HPL00109_Shi470	NONE	YES	.	42	8	1.0000	HIGH	NONE	ALLELE_STATE
SAMN16801852	SRR13089477	HPL00111	PRIMARY_TECHNICAL	HPL00111_26695	NONE	YES	.	47	8	1.0000	HIGH	NONE	ALLELE_STATE
SAMN16801852	SRR13089477	HPL00112	PRIMARY_TECHNICAL	HPL00112_P12	NONE	YES	.	28	9	0.8929	HIGH	NONE	ALLELE_STATE
SAMN16801852	SRR13089477	HPL00113	PRIMARY_TECHNICAL	HPL00113_P12	NONE	YES	.	46	8	1.0000	HIGH	NONE	ALLELE_STATE
SAMN16801852	SRR13089477	HPL00116	PRIMARY_TECHNICAL	HPL00116_P12	NONE	YES	.	20	8	1.0000	HIGH	NONE	ALLELE_STATE
SAMN16801852	SRR13089477	HPL00117	PRIMARY_TECHNICAL	HPL00117_B8	NONE	YES	.	24	9	1.0000	HIGH	NONE	AMBIGUOUS
SAMN16801852	SRR13089477	HPL00119	PRIMARY_TECHNICAL	HPL00119_Shi470	NONE	YES	.	36	8	1.0000	HIGH	NONE	ALLELE_STATE
SAMN16801852	SRR13089477	HPL00120	PRIMARY_TECHNICAL	HPL00120_Shi470	NONE	YES	.	52	8	0.9808	HIGH	NONE	ALLELE_STATE
SAMN16801852	SRR13089477	HPL00121	PRIMARY_TECHNICAL	HPL00121_P12	NONE	YES	.	27	8	1.0000	HIGH	NONE	ALLELE_STATE
SAMN16801852	SRR13089477	HPL00123	PRIMARY_TECHNICAL	HPL00123_HPAG1	NONE	YES	.	52	8	1.0000	HIGH	NONE	ALLELE_STATE
SAMN16801852	SRR13089477	HPL00125	PRIMARY_TECHNICAL	HPL00125_26695	NONE	YES	.	43	8	1.0000	HIGH	NONE	ALLELE_STATE
SAMN16801852	SRR13089477	HPL00126	PRIMARY_TECHNICAL	HPL00126_HPAG1	NONE	YES	.	32	8	1.0000	HIGH	NONE	ALLELE_STATE
SAMN16801852	SRR13089477	HPL00127	PRIMARY_TECHNICAL	HPL00127_J99	NONE	YES	.	23	9	1.0000	HIGH	NONE	ALLELE_STATE
SAMN16801852	SRR13089477	HPL00134	PRIMARY_TECHNICAL	HPL00134_India7	NONE	YES	.	45	8	1.0000	HIGH	NONE	ALLELE_STATE
SAMN16801852	SRR13089477	HPL00138	PRIMARY_TECHNICAL	HPL00138_26695	NONE	YES	.	29	8	1.0000	HIGH	NONE	ALLELE_STATE
SAMN16801852	SRR13089477	HPL00139	PRIMARY_TECHNICAL	HPL00139_26695	NONE	YES	.	35	8	1.0000	HIGH	NONE	ALLELE_STATE
SAMN16801852	SRR13089477	HPL00141	PRIMARY_TECHNICAL	HPL00141_Shi470	NONE	YES	.	27	7	1.0000	HIGH	NONE	ALLELE_STATE
SAMN16801852	SRR13089477	HPL00143	PRIMARY_TECHNICAL	HPL00143_26695	NONE	YES	.	24	8	1.0000	HIGH	NONE	ALLELE_STATE
SAMN16801852	SRR13089477	HPL00145	PRIMARY_TECHNICAL	HPL00145_India7	NONE	YES	.	28	8	1.0000	HIGH	NONE	ALLELE_STATE
SAMN16801852	SRR13089477	HPL00150	PRIMARY_TECHNICAL	HPL00150_J99	NONE	YES	.	21	9	1.0000	HIGH	NONE	ALLELE_STATE
SAMN16801852	SRR13089477	HPL00151	PROVISIONAL_TECHNICAL	HPL00151_HPAG1	NONE	YES	.	19	7	0.5789	LOW	MIXTURE_CANDIDATE	ALLELE_STATE
SAMN16801852	SRR13089477	HPL00154	PRIMARY_TECHNICAL	HPL00154_Shi470	NONE	YES	.	33	8	1.0000	HIGH	NONE	ALLELE_STATE
SAMN16801852	SRR13089477	HPL00155	PRIMARY_TECHNICAL	HPL00155_HPAG1	NONE	YES	.	18	9	1.0000	MEDIUM	NONE	ALLELE_STATE
SAMN16801852	SRR13089477	HPL00156	PRIMARY_TECHNICAL	HPL00156_J99	NONE	YES	.	41	8	1.0000	HIGH	NONE	ALLELE_STATE
SAMN16801852	SRR13089477	HPL00157	PRIMARY_TECHNICAL	HPL00157_P12	NONE	YES	.	56	8	0.9821	HIGH	NONE	ALLELE_STATE
SAMN16801852	SRR13089477	HPL00158	PRIMARY_TECHNICAL	HPL00158_26695	NONE	YES	.	19	7	1.0000	MEDIUM	NONE	ALLELE_STATE
SAMN16801852	SRR13089477	HPL00162	PRIMARY_TECHNICAL	HPL00162_26695	NONE	YES	.	23	8	1.0000	HIGH	NONE	ALLELE_STATE
SAMN16801852	SRR13089477	HPL00163	PRIMARY_TECHNICAL	HPL00163_26695	NONE	YES	.	24	8	1.0000	HIGH	NONE	ALLELE_STATE
SAMN16801852	SRR13089477	HPL00165	PRIMARY_TECHNICAL	HPL00165_India7	NONE	YES	.	25	8	1.0000	HIGH	NONE	ALLELE_STATE
SAMN16801852	SRR13089477	HPL00166	PRIMARY_TECHNICAL	HPL00166_P12	NONE	YES	.	23	8	1.0000	HIGH	NONE	ALLELE_STATE
SAMN16801852	SRR13089477	HPL00169	PRIMARY_TECHNICAL	HPL00169_J99	NONE	YES	.	17	8	1.0000	MEDIUM	NONE	ALLELE_STATE
SAMN16801852	SRR13089477	HPL00170	PRIMARY_TECHNICAL	HPL00170_26695	NONE	NO	NOT_CALLER_ELIGIBLE:NO:not_uniquely_anchorable				NA	NA	NOT_APPLICABLE
SAMN16801852	SRR13089477	HPL00172	PRIMARY_TECHNICAL	HPL00172_HPAG1	NONE	YES	.	26	8	1.0000	HIGH	NONE	ALLELE_STATE
SAMN16801852	SRR13089477	HPL00174	PRIMARY_TECHNICAL	HPL00174_G27	NONE	YES	.	21	8	1.0000	HIGH	NONE	ALLELE_STATE
SAMN16801852	SRR13089477	HPL00177	PRIMARY_TECHNICAL	HPL00177_Shi470	NONE	YES	.	22	10	1.0000	HIGH	NONE	AMBIGUOUS
SAMN16801852	SRR13089477	HPL00178	PRIMARY_TECHNICAL	HPL00178_P12	NONE	YES	.	26	8	1.0000	HIGH	NONE	ALLELE_STATE
SAMN16801852	SRR13089477	HPL00181	PRIMARY_TECHNICAL	HPL00181_G27	NONE	YES	.	15	8	1.0000	MEDIUM	NONE	ALLELE_STATE
SAMN16801852	SRR13089477	HPL00183	PRIMARY_TECHNICAL	HPL00183_India7	NONE	YES	.	29	8	0.8966	HIGH	MIXTURE_CANDIDATE	ALLELE_STATE
SAMN16801852	SRR13089477	HPL00187	PRIMARY_TECHNICAL	HPL00187_26695	NONE	YES	.	34	9	1.0000	HIGH	NONE	ALLELE_STATE
SAMN16801852	SRR13089477	HPL00189	PRIMARY_TECHNICAL	HPL00189_Shi470	NONE	YES	.	24	8	1.0000	HIGH	NONE	ALLELE_STATE
SAMN16801852	SRR13089477	HPL00191	PRIMARY_TECHNICAL	HPL00191_Shi470	NONE	YES	.	26	8	1.0000	HIGH	NONE	ALLELE_STATE
SAMN16801852	SRR13089477	HPL00193	PRIMARY_TECHNICAL	HPL00193_26695	NONE	NO	NO_SPANNING_READS	0			NA	NA	UNCALLABLE
SAMN16801852	SRR13089477	HPL00194	PRIMARY_TECHNICAL	HPL00194_26695	NONE	NO	NO_SPANNING_READS	0			NA	NA	UNCALLABLE
SAMN16801852	SRR13089477	HPL00197	PROVISIONAL_TECHNICAL	HPL00197_B8	NONE	YES	.	51	8	0.9804	HIGH	NONE	ALLELE_STATE
SAMN16801852	SRR13089477	HPL00198	PRIMARY_TECHNICAL	HPL00198_India7	NONE	YES	.	34	8	1.0000	HIGH	NONE	ALLELE_STATE
SAMN16801852	SRR13089477	HPL00199	PRIMARY_TECHNICAL	HPL00199_26695	NONE	YES	.	35	8	1.0000	HIGH	NONE	ALLELE_STATE
SAMN16801852	SRR13089477	HPL00202	PRIMARY_TECHNICAL	HPL00202_Shi470	NONE	YES	.	13	9	1.0000	MEDIUM	NONE	AMBIGUOUS
SAMN16801852	SRR13089477	HPL00204	PRIMARY_TECHNICAL	HPL00204_Shi470	NONE	YES	.	23	8	1.0000	HIGH	NONE	ALLELE_STATE
SAMN16801852	SRR13089477	HPL00206	PRIMARY_TECHNICAL	HPL00206_B8	NONE	YES	.	31	8	1.0000	HIGH	NONE	ALLELE_STATE
SAMN16801852	SRR13089477	HPL00209	PRIMARY_TECHNICAL	HPL00209_26695	NONE	YES	.	36	8	0.9722	HIGH	NONE	ALLELE_STATE
SAMN16801852	SRR13089477	HPL00210	PRIMARY_TECHNICAL	HPL00210_26695	NONE	YES	.	32	8	0.9688	HIGH	NONE	ALLELE_STATE
SAMN16801852	SRR13089477	HPL00214	PRIMARY_TECHNICAL	HPL00214_J99	NONE	YES	.	23	8	1.0000	HIGH	NONE	ALLELE_STATE
SAMN16801852	SRR13089477	HPL00222	PRIMARY_TECHNICAL	HPL00222_Shi470	NONE	YES	.	27	8	1.0000	HIGH	NONE	ALLELE_STATE
SAMN16801852	SRR13089477	HPL00223	PRIMARY_TECHNICAL	HPL00223_Shi470	NONE	YES	.	20	8	1.0000	HIGH	NONE	ALLELE_STATE
SAMN16801852	SRR13089477	HPL00224	PRIMARY_TECHNICAL	HPL00224_26695	NONE	YES	.	30	8	1.0000	HIGH	NONE	ALLELE_STATE
SAMN16801852	SRR13089477	HPL00225	PRIMARY_TECHNICAL	HPL00225_26695	NONE	NO	NO_SPANNING_READS	0			NA	NA	UNCALLABLE
SAMN16801852	SRR13089477	HPL00229	PRIMARY_TECHNICAL	HPL00229_HPAG1	NONE	YES	.	28	8	1.0000	HIGH	NONE	ALLELE_STATE
SAMN16801852	SRR13089477	HPL00230	PROVISIONAL_TECHNICAL	HPL00230_26695	NONE	YES	.	34	12	1.0000	HIGH	NONE	ALLELE_STATE
SAMN16801852	SRR13089477	HPL00231	PRIMARY_TECHNICAL	HPL00231_26695	NONE	YES	.	39	8	0.9744	HIGH	NONE	ALLELE_STATE
SAMN16801852	SRR13089477	HPL00232	PRIMARY_TECHNICAL	HPL00232_Shi470	NONE	YES	.	46	8	1.0000	HIGH	NONE	ALLELE_STATE
SAMN16801852	SRR13089477	HPL00234	PRIMARY_TECHNICAL	HPL00234_26695	NONE	YES	.	31	8	0.9677	HIGH	NONE	ALLELE_STATE
SAMN16801852	SRR13089477	HPL00239	PRIMARY_TECHNICAL	HPL00239_Shi470	NONE	YES	.	39	8	1.0000	HIGH	NONE	ALLELE_STATE
SAMN16801852	SRR13089477	HPL00241	PRIMARY_TECHNICAL	HPL00241_26695	NONE	YES	.	30	8	1.0000	HIGH	NONE	ALLELE_STATE
SAMN16801852	SRR13089477	HPL00242	PRIMARY_TECHNICAL	HPL00242_P12	NONE	YES	.	37	8	1.0000	HIGH	NONE	ALLELE_STATE
SAMN16801852	SRR13089477	HPL00243	PRIMARY_TECHNICAL	HPL00243_HPAG1	NONE	YES	.	33	8	1.0000	HIGH	NONE	ALLELE_STATE
SAMN16801852	SRR13089477	HPL00244	PRIMARY_TECHNICAL	HPL00244_26695	NONE	YES	.	32	8	1.0000	HIGH	NONE	ALLELE_STATE
SAMN16801852	SRR13089477	HPL00245	PRIMARY_TECHNICAL	HPL00245_J99	NONE	YES	.	21	8	0.9524	HIGH	NONE	ALLELE_STATE
SAMN16801852	SRR13089477	HPL00246	PRIMARY_TECHNICAL	HPL00246_India7	NONE	YES	.	33	8	1.0000	HIGH	NONE	ALLELE_STATE
SAMN16801852	SRR13089477	HPL00247	PRIMARY_TECHNICAL	HPL00247_G27	NONE	YES	.	37	8	1.0000	HIGH	NONE	ALLELE_STATE
SAMN16801852	SRR13089477	HPL00251	PRIMARY_TECHNICAL	HPL00251_26695	NONE	YES	.	28	8	1.0000	HIGH	NONE	ALLELE_STATE
SAMN16801852	SRR13089477	HPL00259	PRIMARY_TECHNICAL	HPL00259_26695	NONE	YES	.	30	8	0.9667	HIGH	NONE	ALLELE_STATE
SAMN16801852	SRR13089477	HPL00261	PRIMARY_TECHNICAL	HPL00261_26695	NONE	NO	NO_SPANNING_READS	0			NA	NA	UNCALLABLE
SAMN16801852	SRR13089477	HPL00262	PRIMARY_TECHNICAL	HPL00262_India7	NONE	YES	.	24	8	1.0000	HIGH	NONE	ALLELE_STATE
SAMN16801852	SRR13089477	HPL00264	PRIMARY_TECHNICAL	HPL00264_26695	NONE	YES	.	25	8	1.0000	HIGH	NONE	ALLELE_STATE
SAMN16801852	SRR13089477	HPL00267	PRIMARY_TECHNICAL	HPL00267_Shi470	NONE	YES	.	21	8	0.9524	HIGH	NONE	ALLELE_STATE
SAMN16801852	SRR13089477	HPL00270	PRIMARY_TECHNICAL	HPL00270_26695	NONE	NO	NO_SPANNING_READS	0			NA	NA	UNCALLABLE
SAMN16801852	SRR13089477	HPL00273	PRIMARY_TECHNICAL	HPL00273_G27	NONE	YES	.	25	8	1.0000	HIGH	NONE	ALLELE_STATE
SAMN16801852	SRR13089477	HPL00274	PRIMARY_TECHNICAL	HPL00274_India7	NONE	YES	.	16	8	1.0000	MEDIUM	NONE	ALLELE_STATE
SAMN16801852	SRR13089477	HPL00275	PRIMARY_TECHNICAL	HPL00275_J99	NONE	YES	.	29	8	1.0000	HIGH	NONE	ALLELE_STATE
SAMN16801852	SRR13089477	HPL00276	PRIMARY_TECHNICAL	HPL00276_J99	NONE	YES	.	43	8	1.0000	HIGH	NONE	ALLELE_STATE
SAMN16801852	SRR13089477	HPL00277	PRIMARY_TECHNICAL	HPL00277_26695	NONE	YES	.	30	8	1.0000	HIGH	NONE	ALLELE_STATE
SAMN16801852	SRR13089477	HPL00288	PRIMARY_TECHNICAL	HPL00288_26695	NONE	NO	NO_SPANNING_READS	0			NA	NA	UNCALLABLE
SAMN16801852	SRR13089477	HPL00289	PRIMARY_TECHNICAL	HPL00289_Shi470	NONE	YES	.	11	9	1.0000	LOW	NONE	ALLELE_STATE
SAMN16801852	SRR13089477	HPL00290	PRIMARY_TECHNICAL	HPL00290_Shi470	NONE	YES	.	25	8	1.0000	HIGH	NONE	ALLELE_STATE
SAMN16801852	SRR13089477	HPL00291	PROVISIONAL_TECHNICAL	HPL00291_26695	NONE	YES	.	26	8	1.0000	HIGH	NONE	ALLELE_STATE
SAMN16801852	SRR13089477	HPL00292	PRIMARY_TECHNICAL	HPL00292_India7	NONE	YES	.	37	8	1.0000	HIGH	NONE	ALLELE_STATE
SAMN16801852	SRR13089477	HPL00293	PRIMARY_TECHNICAL	HPL00293_G27	NONE	YES	.	26	8	1.0000	HIGH	NONE	ALLELE_STATE
SAMN16801852	SRR13089477	HPL00297	PRIMARY_TECHNICAL	HPL00297_Shi470	NONE	YES	.	51	8	1.0000	HIGH	NONE	ALLELE_STATE
SAMN16801852	SRR13089477	HPL00299	PROVISIONAL_TECHNICAL	HPL00299_J99	NONE	YES	.	43	12	1.0000	HIGH	NONE	ALLELE_STATE
SAMN16801852	SRR13089477	HPL00301	PRIMARY_TECHNICAL	HPL00301_26695	NONE	YES	.	47	8	1.0000	HIGH	NONE	ALLELE_STATE
SAMN16801852	SRR13089477	HPL00303	PRIMARY_TECHNICAL	HPL00303_26695	NONE	YES	.	34	8	1.0000	HIGH	NONE	ALLELE_STATE
SAMN16801852	SRR13089477	HPL00304	PRIMARY_TECHNICAL	HPL00304_HPAG1	NONE	YES	.	29	8	1.0000	HIGH	NONE	ALLELE_STATE
SAMN16801852	SRR13089477	HPL00305	PRIMARY_TECHNICAL	HPL00305_26695	NONE	NO	NO_SPANNING_READS	0			NA	NA	UNCALLABLE
SAMN16801852	SRR13089477	HPL00306	PRIMARY_TECHNICAL	HPL00306_26695	NONE	YES	.	26	8	1.0000	HIGH	NONE	ALLELE_STATE
SAMN16801852	SRR13089477	HPL00311	PRIMARY_TECHNICAL	HPL00311_J99	NONE	YES	.	25	8	1.0000	HIGH	NONE	ALLELE_STATE
SAMN16801852	SRR13089477	HPL00312	PROVISIONAL_TECHNICAL	HPL00312_P12	NONE	YES	.	26	13	1.0000	HIGH	NONE	ALLELE_STATE
SAMN16801852	SRR13089477	HPL00313	PRIMARY_TECHNICAL	HPL00313_26695	NONE	YES	.	41	8	1.0000	HIGH	NONE	ALLELE_STATE
SAMN16801852	SRR13089477	HPL00314	PRIMARY_TECHNICAL	HPL00314_26695	NONE	YES	.	36	8	1.0000	HIGH	NONE	ALLELE_STATE
SAMN16801852	SRR13089477	HPL00316	PRIMARY_TECHNICAL	HPL00316_26695	NONE	NO	NO_SPANNING_READS	0			NA	NA	UNCALLABLE
SAMN16801852	SRR13089477	HPL00318	PRIMARY_TECHNICAL	HPL00318_26695	NONE	NO	NO_SPANNING_READS	0			NA	NA	UNCALLABLE
SAMN16801852	SRR13089477	HPL00319	PRIMARY_TECHNICAL	HPL00319_26695	NONE	NO	NO_SPANNING_READS	0			NA	NA	UNCALLABLE
SAMN16801852	SRR13089477	HPL00321	PRIMARY_TECHNICAL	HPL00321_26695	NONE	NO	NO_SPANNING_READS	0			NA	NA	UNCALLABLE
SAMN16801852	SRR13089477	HPL00322	PRIMARY_TECHNICAL	HPL00322_26695	NONE	NO	NO_SPANNING_READS	0			NA	NA	UNCALLABLE
SAMN16801852	SRR13089477	HPL00325	PRIMARY_TECHNICAL	HPL00325_Shi470	NONE	YES	.	34	8	1.0000	HIGH	NONE	ALLELE_STATE
SAMN16801852	SRR13089477	HPL00329	PRIMARY_TECHNICAL	HPL00329_26695	NONE	YES	.	34	8	0.9706	HIGH	NONE	ALLELE_STATE
SAMN16801852	SRR13089477	HPL00330	PROVISIONAL_TECHNICAL	HPL00330_HPAG1	NONE	YES	.	41	8	1.0000	HIGH	NONE	ALLELE_STATE
SAMN16801852	SRR13089477	HPL00332	PRIMARY_TECHNICAL	HPL00332_26695	NONE	YES	.	25	8	1.0000	HIGH	NONE	ALLELE_STATE
SAMN16801852	SRR13089477	HPL00333	PRIMARY_TECHNICAL	HPL00333_HPAG1	NONE	YES	.	22	8	1.0000	HIGH	NONE	ALLELE_STATE
SAMN16801852	SRR13089477	HPL00337	PRIMARY_TECHNICAL	HPL00337_26695	NONE	YES	.	47	8	0.9574	HIGH	NONE	ALLELE_STATE
SAMN16801852	SRR13089477	HPL00341	PRIMARY_TECHNICAL	HPL00341_26695	NONE	YES	.	37	8	1.0000	HIGH	NONE	ALLELE_STATE
SAMN16801852	SRR13089477	HPL00342	PRIMARY_TECHNICAL	HPL00342_Shi470	NONE	YES	.	34	8	1.0000	HIGH	NONE	ALLELE_STATE
SAMN16801852	SRR13089477	HPL00344	PRIMARY_TECHNICAL	HPL00344_26695	NONE	YES	.	42	8	1.0000	HIGH	NONE	ALLELE_STATE
SAMN16801852	SRR13089477	HPL00345	PRIMARY_TECHNICAL	HPL00345_Shi470	NONE	YES	.	42	8	1.0000	HIGH	NONE	ALLELE_STATE
SAMN16801852	SRR13089477	HPL00347	PRIMARY_TECHNICAL	HPL00347_B8	NONE	YES	.	16	8	1.0000	MEDIUM	NONE	ALLELE_STATE
SAMN16801852	SRR13089477	HPL00350	PRIMARY_TECHNICAL	HPL00350_Shi470	NONE	YES	.	26	9	1.0000	HIGH	NONE	ALLELE_STATE
SAMN16801852	SRR13089477	HPL00351	PRIMARY_TECHNICAL	HPL00351_Shi470	NONE	YES	.	31	8	1.0000	HIGH	NONE	ALLELE_STATE
SAMN16801852	SRR13089477	HPL00352	PRIMARY_TECHNICAL	HPL00352_26695	NONE	NO	NO_SPANNING_READS	0			NA	NA	UNCALLABLE
SAMN16801852	SRR13089477	HPL00353	PRIMARY_TECHNICAL	HPL00353_26695	NONE	YES	.	31	8	1.0000	HIGH	NONE	ALLELE_STATE
SAMN16801852	SRR13089477	HPL00354	PRIMARY_TECHNICAL	HPL00354_26695	NONE	YES	.	34	8	1.0000	HIGH	NONE	ALLELE_STATE
SAMN16801852	SRR13089477	HPL00357	PRIMARY_TECHNICAL	HPL00357_26695	NONE	YES	.	46	8	1.0000	HIGH	NONE	ALLELE_STATE
SAMN16801852	SRR13089477	HPL00360	PRIMARY_TECHNICAL	HPL00360_J99	NONE	YES	.	16	8	1.0000	MEDIUM	NONE	ALLELE_STATE
SAMN16801852	SRR13089477	HPL00361	PRIMARY_TECHNICAL	HPL00361_HPAG1	NONE	YES	.	39	8	1.0000	HIGH	NONE	ALLELE_STATE
SAMN16801852	SRR13089477	HPL00364	PRIMARY_TECHNICAL	HPL00364_P12	NONE	YES	.	40	8	1.0000	HIGH	NONE	ALLELE_STATE
SAMN16801852	SRR13089477	HPL00365	PRIMARY_TECHNICAL	HPL00365_26695	NONE	YES	.	42	8	1.0000	HIGH	NONE	ALLELE_STATE
SAMN16801852	SRR13089477	HPL00369	PRIMARY_TECHNICAL	HPL00369_Shi470	NONE	YES	.	29	9	1.0000	HIGH	NONE	ALLELE_STATE
SAMN16801852	SRR13089477	HPL00370	PRIMARY_TECHNICAL	HPL00370_G27	NONE	YES	.	26	8	1.0000	HIGH	NONE	ALLELE_STATE
SAMN16801852	SRR13089477	HPL00376	PRIMARY_TECHNICAL	HPL00376_26695	NONE	YES	.	20	8	1.0000	HIGH	NONE	ALLELE_STATE
SAMN16801852	SRR13089477	HPL00377	PRIMARY_TECHNICAL	HPL00377_26695	NONE	YES	.	34	8	1.0000	HIGH	NONE	ALLELE_STATE
SAMN16801852	SRR13089477	HPL00378	PRIMARY_TECHNICAL	HPL00378_India7	NONE	YES	.	27	8	1.0000	HIGH	NONE	ALLELE_STATE
SAMN16801852	SRR13089477	HPL00379	PRIMARY_TECHNICAL	HPL00379_26695	NONE	YES	.	40	8	1.0000	HIGH	NONE	ALLELE_STATE
SAMN16801852	SRR13089477	HPL00380	PRIMARY_TECHNICAL	HPL00380_Shi470	NONE	YES	.	29	8	1.0000	HIGH	NONE	ALLELE_STATE
SAMN16801852	SRR13089477	HPL00381	PROVISIONAL_TECHNICAL	HPL00381_Shi470	NONE	YES	.	40	8	1.0000	HIGH	NONE	ALLELE_STATE
SAMN16801852	SRR13089477	HPL00383	PRIMARY_TECHNICAL	HPL00383_26695	NONE	YES	.	28	8	1.0000	HIGH	NONE	ALLELE_STATE
SAMN16801852	SRR13089477	HPL00385	PROVISIONAL_TECHNICAL	HPL00385_26695	NONE	NO	NO_SPANNING_READS	0			NA	NA	UNCALLABLE
SAMN16801852	SRR13089477	HPL00386	PRIMARY_TECHNICAL	HPL00386_P12	NONE	YES	.	30	8	0.9667	HIGH	NONE	ALLELE_STATE
SAMN16801852	SRR13089477	HPL00387	PROVISIONAL_TECHNICAL	HPL00387_26695	NONE	NO	NO_SPANNING_READS	0			NA	NA	UNCALLABLE
SAMN16801852	SRR13089477	HPL00390	PRIMARY_TECHNICAL	HPL00390_Shi470	NONE	YES	.	41	8	1.0000	HIGH	NONE	ALLELE_STATE
SAMN16801852	SRR13089477	HPL00392	PRIMARY_TECHNICAL	HPL00392_J99	NONE	YES	.	26	8	1.0000	HIGH	NONE	ALLELE_STATE
SAMN16801852	SRR13089477	HPL00393	PRIMARY_TECHNICAL	HPL00393_26695	NONE	YES	.	39	6	1.0000	HIGH	NONE	ALLELE_STATE
SAMN16801852	SRR13089477	HPL00403	PRIMARY_TECHNICAL	HPL00403_J99	NONE	YES	.	31	8	1.0000	HIGH	NONE	ALLELE_STATE
SAMN16801852	SRR13089477	HPL00404	PRIMARY_TECHNICAL	HPL00404_Shi470	NONE	YES	.	36	8	1.0000	HIGH	NONE	ALLELE_STATE
SAMN16801852	SRR13089477	HPL00407	PRIMARY_TECHNICAL	HPL00407_B8	NONE	YES	.	35	8	1.0000	HIGH	NONE	ALLELE_STATE
SAMN16801852	SRR13089477	HPL00409	PRIMARY_TECHNICAL	HPL00409_Shi470	NONE	YES	.	18	8	1.0000	MEDIUM	NONE	ALLELE_STATE
SAMN16801852	SRR13089477	HPL00413	PRIMARY_TECHNICAL	HPL00413_26695	NONE	YES	.	29	8	1.0000	HIGH	NONE	ALLELE_STATE
SAMN16801852	SRR13089477	HPL00414	PRIMARY_TECHNICAL	HPL00414_Shi470	NONE	YES	.	31	8	1.0000	HIGH	NONE	ALLELE_STATE
SAMN16801852	SRR13089477	HPL00415	PRIMARY_TECHNICAL	HPL00415_P12	NONE	YES	.	24	8	1.0000	HIGH	NONE	ALLELE_STATE
SAMN16801852	SRR13089477	HPL00419	PRIMARY_TECHNICAL	HPL00419_26695	NONE	YES	.	40	8	1.0000	HIGH	NONE	ALLELE_STATE
SAMN16801852	SRR13089477	HPL00421	PRIMARY_TECHNICAL	HPL00421_26695	NONE	YES	.	39	8	1.0000	HIGH	NONE	ALLELE_STATE
SAMN16801852	SRR13089477	HPL00423	PRIMARY_TECHNICAL	HPL00423_J99	NONE	YES	.	30	8	1.0000	HIGH	NONE	ALLELE_STATE
SAMN16801852	SRR13089477	HPL00424	PRIMARY_TECHNICAL	HPL00424_Shi470	NONE	YES	.	38	8	1.0000	HIGH	NONE	ALLELE_STATE
SAMN16801852	SRR13089477	HPL00426	PROVISIONAL_TECHNICAL	HPL00426_HPAG1	NONE	YES	.	20	10	0.9000	MEDIUM	NONE	AMBIGUOUS
SAMN16801852	SRR13089477	HPL00429	PRIMARY_TECHNICAL	HPL00429_26695	NONE	YES	.	36	8	1.0000	HIGH	NONE	ALLELE_STATE
SAMN16801852	SRR13089477	HPL00430	PRIMARY_TECHNICAL	HPL00430_26695	NONE	NO	NO_SPANNING_READS	0			NA	NA	UNCALLABLE
SAMN16801852	SRR13089477	HPL00435	PRIMARY_TECHNICAL	HPL00435_Shi470	NONE	YES	.	52	9	0.9808	HIGH	NONE	ALLELE_STATE
SAMN16801852	SRR13089477	HPL00436	PRIMARY_TECHNICAL	HPL00436_J99	NONE	YES	.	34	8	1.0000	HIGH	NONE	ALLELE_STATE
SAMN16801852	SRR13089477	HPL00439	PROVISIONAL_TECHNICAL	HPL00439_26695	NONE	YES	.	39	12	1.0000	HIGH	NONE	ALLELE_STATE
SAMN16801852	SRR13089477	HPL00442	PRIMARY_TECHNICAL	HPL00442_Shi470	NONE	YES	.	50	8	1.0000	HIGH	NONE	ALLELE_STATE
SAMN16801852	SRR13089477	HPL00443	PRIMARY_TECHNICAL	HPL00443_26695	NONE	YES	.	50	9	1.0000	HIGH	NONE	ALLELE_STATE
SAMN16801852	SRR13089477	HPL00447	PRIMARY_TECHNICAL	HPL00447_26695	NONE	YES	.	8	8	1.0000	LOW	NONE	ALLELE_STATE
SAMN16801852	SRR13089477	HPL00450	PRIMARY_TECHNICAL	HPL00450_India7	NONE	YES	.	30	8	1.0000	HIGH	NONE	ALLELE_STATE
SAMN16801852	SRR13089477	HPL00453	PROVISIONAL_TECHNICAL	HPL00453_26695	NONE	YES	.	29	11	1.0000	HIGH	NONE	ON
SAMN16801852	SRR13089477	HPL00454	PROVISIONAL_TECHNICAL	HPL00454_26695	NONE	YES	.	25	12	1.0000	HIGH	NONE	ALLELE_STATE
SAMN16801852	SRR13089477	HPL00460	PRIMARY_TECHNICAL	HPL00460_26695	NONE	YES	.	50	8	1.0000	HIGH	NONE	ALLELE_STATE
SAMN16801852	SRR13089477	HPL00465	PRIMARY_TECHNICAL	HPL00465_26695	NONE	YES	.	33	8	1.0000	HIGH	NONE	ALLELE_STATE
SAMN16801852	SRR13089477	HPL00466	PRIMARY_TECHNICAL	HPL00466_Shi470	NONE	YES	.	41	9	0.9756	HIGH	NONE	ALLELE_STATE
SAMN16801852	SRR13089477	HPL00469	PRIMARY_TECHNICAL	HPL00469_G27	NONE	YES	.	18	8	1.0000	MEDIUM	NONE	ALLELE_STATE
SAMN16801852	SRR13089477	HPL00479	PRIMARY_TECHNICAL	HPL00479_Shi470	NONE	YES	.	28	8	1.0000	HIGH	NONE	ALLELE_STATE
SAMN16801852	SRR13089477	HPL00482	PRIMARY_TECHNICAL	HPL00482_26695	NONE	YES	.	27	8	1.0000	HIGH	NONE	ALLELE_STATE
SAMN16801852	SRR13089477	HPL00483	PRIMARY_TECHNICAL	HPL00483_G27	NONE	YES	.	29	8	1.0000	HIGH	NONE	ALLELE_STATE
SAMN16801852	SRR13089477	HPL00485	PRIMARY_TECHNICAL	HPL00485_Shi470	NONE	YES	.	27	8	1.0000	HIGH	NONE	ALLELE_STATE
SAMN16801852	SRR13089477	HPL00487	PROVISIONAL_TECHNICAL	HPL00487_26695	NONE	NO	NO_SPANNING_READS	0			NA	NA	UNCALLABLE
SAMN16801852	SRR13089477	HPL00493	PRIMARY_TECHNICAL	HPL00493_26695	NONE	YES	.	51	8	1.0000	HIGH	NONE	ALLELE_STATE
SAMN16801852	SRR13089477	HPL00496	PRIMARY_TECHNICAL	HPL00496_Shi470	NONE	YES	.	38	8	1.0000	HIGH	NONE	ALLELE_STATE
SAMN16801852	SRR13089477	HPL00497	PRIMARY_TECHNICAL	HPL00497_26695	NONE	NO	NO_SPANNING_READS	0			NA	NA	UNCALLABLE
SAMN16801852	SRR13089477	HPL00498	PRIMARY_TECHNICAL	HPL00498_26695	NONE	YES	.	45	8	1.0000	HIGH	NONE	ALLELE_STATE
SAMN16801852	SRR13089477	HPL00499	PROVISIONAL_TECHNICAL	HPL00499_HPAG1	NONE	YES	.	24	8	1.0000	HIGH	NONE	ALLELE_STATE
SAMN16801852	SRR13089477	HPL00501	PRIMARY_TECHNICAL	HPL00501_B8	NONE	YES	.	72	8	1.0000	HIGH	NONE	ALLELE_STATE
SAMN16801852	SRR13089477	HPL00502	PRIMARY_TECHNICAL	HPL00502_B8	NONE	YES	.	19	8	1.0000	MEDIUM	NONE	ALLELE_STATE
SAMN16801852	SRR13089477	HPL00503	PRIMARY_TECHNICAL	HPL00503_26695	NONE	NO	NO_SPANNING_READS	0			NA	NA	UNCALLABLE
SAMN16801852	SRR13089477	HPL00505	PRIMARY_TECHNICAL	HPL00505_J99	MEMBER_ALLELE_CONFLICT:HPL00505_P12	NO	MEMBER_ALLELE_CONFLICT	35	8	1.0000	NA	NONE	UNCALLABLE
SAMN16801852	SRR13089477	HPL00506	PRIMARY_TECHNICAL	HPL00506_26695	NONE	YES	.	43	8	1.0000	HIGH	NONE	ALLELE_STATE
SAMN16801852	SRR13089477	HPL00510	PROVISIONAL_TECHNICAL	HPL00510_J99	NONE	NO	NO_SPANNING_READS	0			NA	NA	UNCALLABLE
SAMN16801852	SRR13089477	HPL00514	PRIMARY_TECHNICAL	HPL00514_J99	NONE	YES	.	25	8	1.0000	HIGH	NONE	ALLELE_STATE
SAMN16801852	SRR13089477	HPL00518	PROVISIONAL_TECHNICAL	HPL00518_India7	NONE	NO	INSUFFICIENT_SPANNING_READS(3<8)	3			NA	NA	UNCALLABLE
SAMN16801852	SRR13089477	HPL00521	PRIMARY_TECHNICAL	HPL00521_India7	NONE	YES	.	40	8	1.0000	HIGH	NONE	ALLELE_STATE
SAMN16801852	SRR13089477	HPL00524	PRIMARY_TECHNICAL	HPL00524_G27	NONE	YES	.	43	8	1.0000	HIGH	NONE	ALLELE_STATE
SAMN16801852	SRR13089477	HPL00529	PRIMARY_TECHNICAL	HPL00529_J99	NONE	YES	.	48	8	1.0000	HIGH	NONE	ALLELE_STATE
SAMN16801852	SRR13089477	HPL00530	PRIMARY_TECHNICAL	HPL00530_G27	NONE	YES	.	9	8	1.0000	LOW	NONE	ALLELE_STATE
SAMN16801852	SRR13089477	HPL00531	PRIMARY_TECHNICAL	HPL00531_J99	NONE	NO	NO_SPANNING_READS	0			NA	NA	UNCALLABLE
SAMN16801852	SRR13089477	HPL00533	PROVISIONAL_TECHNICAL	HPL00533_J99	NONE	YES	.	44	8	1.0000	HIGH	NONE	ALLELE_STATE
SAMN16801852	SRR13089477	HPL00540	PRIMARY_TECHNICAL	HPL00540_HPAG1	NONE	YES	.	26	9	1.0000	HIGH	NONE	ALLELE_STATE
SAMN16801852	SRR13089477	HPL00544	PRIMARY_TECHNICAL	HPL00544_G27	NONE	YES	.	37	9	1.0000	HIGH	NONE	ALLELE_STATE
SAMN16801852	SRR13089477	HPL00548	PRIMARY_TECHNICAL	HPL00548_J99	NONE	NO	NO_SPANNING_READS	0			NA	NA	UNCALLABLE
SAMN16801852	SRR13089477	HPL00549	PROVISIONAL_TECHNICAL	HPL00549_P12	NONE	YES	.	46	10	1.0000	HIGH	NONE	ALLELE_STATE
SAMN16801852	SRR13089477	HPL00571	PRIMARY_TECHNICAL	HPL00571_P12	NONE	YES	.	16	8	1.0000	MEDIUM	NONE	ALLELE_STATE
SAMN16801852	SRR13089477	HPL00573	PRIMARY_TECHNICAL	HPL00573_Shi470	NONE	YES	.	37	9	1.0000	HIGH	NONE	ALLELE_STATE
SAMN16801852	SRR13089477	HPL00576	PRIMARY_TECHNICAL	HPL00576_B8	NONE	YES	.	22	8	1.0000	HIGH	NONE	ALLELE_STATE
SAMN16801852	SRR13089477	HPL00582	PRIMARY_TECHNICAL	HPL00582_Shi470	NONE	YES	.	34	8	1.0000	HIGH	NONE	ALLELE_STATE
SAMN16801852	SRR13089477	HPL00601	PRIMARY_TECHNICAL	HPL00601_J99	NONE	NO	NO_SPANNING_READS	0			NA	NA	UNCALLABLE
SAMN16801852	SRR13089477	HPL00603	PRIMARY_TECHNICAL	HPL00603_J99	NONE	NO	NO_SPANNING_READS	0			NA	NA	UNCALLABLE
SAMN16801852	SRR13089477	HPL00604	PRIMARY_TECHNICAL	HPL00604_G27	NONE	YES	.	31	8	1.0000	HIGH	NONE	AMBIGUOUS
SAMN16801852	SRR13089477	HPL00608	PROVISIONAL_TECHNICAL	HPL00608_India7	NONE	YES	.	15	8	1.0000	MEDIUM	NONE	ALLELE_STATE
SAMN16801852	SRR13089477	HPL00609	PRIMARY_TECHNICAL	HPL00609_J99	NONE	NO	NO_SPANNING_READS	0			NA	NA	UNCALLABLE
SAMN16801852	SRR13089477	HPL00613	PRIMARY_TECHNICAL	HPL00613_G27	NONE	YES	.	12	8	1.0000	MEDIUM	NONE	ALLELE_STATE
SAMN16801852	SRR13089477	HPL00622	PROVISIONAL_TECHNICAL	HPL00622_India7	NONE	NO	INSUFFICIENT_SPANNING_READS(1<8)	1			NA	NA	UNCALLABLE
SAMN16801852	SRR13089477	HPL00628	PROVISIONAL_TECHNICAL	HPL00628_J99	NONE	YES	.	445	9	1.0000	HIGH	NONE	ALLELE_STATE
SAMN16801852	SRR13089477	HPL00640	PRIMARY_TECHNICAL	HPL00640_J99	NONE	YES	.	40	8	1.0000	HIGH	NONE	ALLELE_STATE
SAMN16801852	SRR13089477	HPL00645	PRIMARY_TECHNICAL	HPL00645_G27	NONE	YES	.	41	8	1.0000	HIGH	NONE	ALLELE_STATE
SAMN16801852	SRR13089477	HPL00679	PRIMARY_TECHNICAL	HPL00679_J99	NONE	NO	NO_SPANNING_READS	0			NA	NA	UNCALLABLE
SAMN16801852	SRR13089477	HPL00682	PRIMARY_TECHNICAL	HPL00682_J99	NONE	NO	NO_SPANNING_READS	0			NA	NA	UNCALLABLE
SAMN16801852	SRR13089477	HPL00685	PROVISIONAL_TECHNICAL	HPL00685_J99	NONE	NO	NO_SPANNING_READS	0			NA	NA	UNCALLABLE
SAMN16801852	SRR13089477	HPL00699	PRIMARY_TECHNICAL	HPL00699_P12	NONE	YES	.	38	8	1.0000	HIGH	NONE	ALLELE_STATE
SAMN16801852	SRR13089477	HPL00702	PRIMARY_TECHNICAL	HPL00702_G27	NONE	YES	.	14	8	1.0000	MEDIUM	NONE	ALLELE_STATE
SAMN16801852	SRR13089477	HPL00709	PRIMARY_TECHNICAL	HPL00709_HPAG1	NONE	YES	.	47	7	1.0000	HIGH	NONE	ALLELE_STATE
SAMN16801852	SRR13089477	HPL00743	PROVISIONAL_TECHNICAL	HPL00743_India7	NONE	YES	.	42	12	1.0000	HIGH	NONE	ALLELE_STATE
SAMN16801852	SRR13089477	HPL00750	PRIMARY_TECHNICAL	HPL00750_HPAG1	NONE	YES	.	18	8	1.0000	MEDIUM	NONE	ALLELE_STATE
SAMN16801852	SRR13089477	HPL00751	PRIMARY_TECHNICAL	HPL00751_HPAG1	NONE	YES	.	22	8	1.0000	HIGH	NONE	ALLELE_STATE
SAMN16801852	SRR13089477	HPL00752	PRIMARY_TECHNICAL	HPL00752_G27	NONE	YES	.	36	8	1.0000	HIGH	NONE	ALLELE_STATE
SAMN16801852	SRR13089477	HPL00761	PRIMARY_TECHNICAL	HPL00761_Shi470	NONE	YES	.	27	8	1.0000	HIGH	NONE	ALLELE_STATE
SAMN16801852	SRR13089477	HPL00780	PRIMARY_TECHNICAL	HPL00780_HPAG1	NONE	NO	INSUFFICIENT_SPANNING_READS(6<8)	6			NA	NA	UNCALLABLE
SAMN16801852	SRR13089477	HPL00782	PRIMARY_TECHNICAL	HPL00782_HPAG1	NONE	NO	NO_SPANNING_READS	0			NA	NA	UNCALLABLE
SAMN16801852	SRR13089477	HPL00804	PRIMARY_TECHNICAL	HPL00804_HPAG1	NONE	YES	.	38	8	1.0000	HIGH	NONE	ALLELE_STATE
SAMN16801852	SRR13089477	HPL00809	PRIMARY_TECHNICAL	HPL00809_HPAG1	NONE	NO	NOT_CALLER_ELIGIBLE:NO:not_uniquely_anchorable				NA	NA	NOT_APPLICABLE
SAMN16801852	SRR13089477	HPL00811	PRIMARY_TECHNICAL	HPL00811_Shi470	NONE	YES	.	57	8	1.0000	HIGH	NONE	ALLELE_STATE
SAMN16801852	SRR13089477	HPL00816	PRIMARY_TECHNICAL	HPL00816_G27	NONE	YES	.	25	8	1.0000	HIGH	NONE	ALLELE_STATE
SAMN16801852	SRR13089477	HPL00817	PRIMARY_TECHNICAL	HPL00817_P12	NONE	YES	.	34	8	0.9706	HIGH	NONE	ALLELE_STATE
SAMN16801852	SRR13089477	HPL00818	PRIMARY_TECHNICAL	HPL00818_G27	NONE	NO	INSUFFICIENT_SPANNING_READS(1<8)	1			NA	NA	UNCALLABLE
SAMN16801852	SRR13089477	HPL00835	PRIMARY_TECHNICAL	HPL00835_India7	NONE	NO	INSUFFICIENT_SPANNING_READS(3<8)	3			NA	NA	UNCALLABLE
SAMN16801852	SRR13089477	HPL00838	PRIMARY_TECHNICAL	HPL00838_G27	NONE	NO	NO_SPANNING_READS	0			NA	NA	UNCALLABLE
SAMN16801852	SRR13089477	HPL00839	PRIMARY_TECHNICAL	HPL00839_B8	NONE	YES	.	25	8	1.0000	HIGH	NONE	ALLELE_STATE
SAMN16801852	SRR13089477	HPL00840	PRIMARY_TECHNICAL	HPL00840_G27	NONE	NO	NO_SPANNING_READS	0			NA	NA	UNCALLABLE
SAMN16801852	SRR13089477	HPL00841	PRIMARY_TECHNICAL	HPL00841_G27	NONE	NO	NO_SPANNING_READS	0			NA	NA	UNCALLABLE
SAMN16801852	SRR13089477	HPL00849	PRIMARY_TECHNICAL	HPL00849_G27	NONE	NO	NO_SPANNING_READS	0			NA	NA	UNCALLABLE
SAMN16801852	SRR13089477	HPL00884	PRIMARY_TECHNICAL	HPL00884_G27	NONE	YES	.	34	8	1.0000	HIGH	NONE	ALLELE_STATE
SAMN16801852	SRR13089477	HPL00934	PRIMARY_TECHNICAL	HPL00934_G27	NONE	NO	NO_SPANNING_READS	0			NA	NA	UNCALLABLE
SAMN16801852	SRR13089477	HPL00977	PRIMARY_TECHNICAL	HPL00977_P12	NONE	NO	NO_SPANNING_READS	0			NA	NA	UNCALLABLE
SAMN16801852	SRR13089477	HPL01050	PRIMARY_TECHNICAL	HPL01050_B8	NONE	YES	.	15	8	1.0000	MEDIUM	NONE	ALLELE_STATE
SAMN16801852	SRR13089477	HPL01053	PRIMARY_TECHNICAL	HPL01053_P12	NONE	YES	.	12	8	1.0000	MEDIUM	NONE	ALLELE_STATE
SAMN16801852	SRR13089477	HPL01081	PRIMARY_TECHNICAL	HPL01081_B8	NONE	NO	NO_SPANNING_READS	0			NA	NA	UNCALLABLE
SAMN16801852	SRR13089477	HPL01098	PROVISIONAL_TECHNICAL	HPL01098_B8	NONE	YES	.	30	12	1.0000	HIGH	NONE	ALLELE_STATE
SAMN16801852	SRR13089477	HPL01110	PRIMARY_TECHNICAL	HPL01110_B8	NONE	YES	.	33	8	1.0000	HIGH	NONE	ALLELE_STATE
SAMN16801852	SRR13089477	HPL01140	PRIMARY_TECHNICAL	HPL01140_B8	NONE	NO	NO_SPANNING_READS	0			NA	NA	UNCALLABLE
