locus_id	motif_class	motif_class_interpretation	g5_primary_association_eligibility	audit_status	known_pv	g7_technical_eligibility	reasons
HPL00001	MONO_AT	EMPIRICALLY_VALIDATED_EXACT	PENDING_G7	BOUNDARY_STABLE	NO	ELIGIBLE	NA
HPL00002	MONO_AT	EMPIRICALLY_VALIDATED_EXACT	PENDING_G7	BOUNDARY_STABLE	NO	ELIGIBLE	NA
HPL00003	MONO_AT	EMPIRICALLY_VALIDATED_EXACT	PENDING_G7	ORTHOLOGY_AMBIGUOUS	NO	NOT_ELIGIBLE	BOUNDARY_AUDIT_ORTHOLOGY_AMBIGUOUS
HPL00004	TRINUCLEOTIDE	SUPPORTED_BUT_ALLELE_DIVERSITY_LIMITED	NOT_APPLICABLE_UNCALLABLE_OR_INELIGIBLE	ORTHOLOGY_AMBIGUOUS	NO	NOT_ELIGIBLE	NOT_CALLABLE_OR_NOT_CALLER_ELIGIBLE_UNDER_G5;BOUNDARY_AUDIT_ORTHOLOGY_AMBIGUOUS
HPL00005	DINUCLEOTIDE	SUPPORTED_BUT_ALLELE_DIVERSITY_LIMITED	PENDING_G7	ORTHOLOGY_AMBIGUOUS	YES	NOT_ELIGIBLE	BOUNDARY_AUDIT_ORTHOLOGY_AMBIGUOUS;KNOWN_PV_INSUFFICIENT_EMPIRICAL_VALIDATION
HPL00006	MONO_AT	EMPIRICALLY_VALIDATED_EXACT	PENDING_G7	ORTHOLOGY_AMBIGUOUS	NO	NOT_ELIGIBLE	BOUNDARY_AUDIT_ORTHOLOGY_AMBIGUOUS
HPL00007	MONO_AT	EMPIRICALLY_VALIDATED_EXACT	PENDING_G7	BOUNDARY_STABLE	NO	ELIGIBLE	NA
HPL00008	MONO_AT	EMPIRICALLY_VALIDATED_EXACT	PENDING_G7	BOUNDARY_STABLE	NO	ELIGIBLE	NA
HPL00009	MONO_AT	EMPIRICALLY_VALIDATED_EXACT	NOT_APPLICABLE_UNCALLABLE_OR_INELIGIBLE	BOUNDARY_STABLE	NO	NOT_ELIGIBLE	NOT_CALLABLE_OR_NOT_CALLER_ELIGIBLE_UNDER_G5
HPL00010	MONO_AT	EMPIRICALLY_VALIDATED_EXACT	PENDING_G7	BOUNDARY_STABLE	NO	ELIGIBLE	NA
HPL00011	MONO_AT	EMPIRICALLY_VALIDATED_EXACT	INELIGIBLE_PLATFORM_CONFOUNDED_CALLABILITY	BOUNDARY_STABLE	NO	NOT_ELIGIBLE	PLATFORM_CONFOUNDED_CALLABILITY
HPL00012	MONO_AT	EMPIRICALLY_VALIDATED_EXACT	INELIGIBLE_PLATFORM_CONFOUNDED_CALLABILITY	BOUNDARY_STABLE	NO	NOT_ELIGIBLE	PLATFORM_CONFOUNDED_CALLABILITY
HPL00013	MONO_AT	EMPIRICALLY_VALIDATED_EXACT	PENDING_G7	BOUNDARY_STABLE	NO	ELIGIBLE	NA
HPL00014	MONO_AT	EMPIRICALLY_VALIDATED_EXACT	PENDING_G7	BOUNDARY_STABLE	NO	ELIGIBLE	NA
HPL00015	DINUCLEOTIDE	SUPPORTED_BUT_ALLELE_DIVERSITY_LIMITED	INELIGIBLE_PLATFORM_CONFOUNDED_CALLABILITY	INSUFFICIENT_TO_RESOLVE	NO	NOT_ELIGIBLE	PLATFORM_CONFOUNDED_CALLABILITY;BOUNDARY_AUDIT_INSUFFICIENT_TO_RESOLVE
HPL00016	TRINUCLEOTIDE	SUPPORTED_BUT_ALLELE_DIVERSITY_LIMITED	PENDING_G7	ORTHOLOGY_AMBIGUOUS	NO	NOT_ELIGIBLE	BOUNDARY_AUDIT_ORTHOLOGY_AMBIGUOUS
HPL00017	MONO_AT	EMPIRICALLY_VALIDATED_EXACT	PENDING_G7	ORTHOLOGY_AMBIGUOUS	NO	NOT_ELIGIBLE	BOUNDARY_AUDIT_ORTHOLOGY_AMBIGUOUS
HPL00018	MONO_GC	SUPPORTED_BUT_ALLELE_DIVERSITY_LIMITED	PENDING_G7	BOUNDARY_STABLE	NO	ELIGIBLE_FLAGGED_PROVISIONAL	NA
HPL00019	MONO_AT	EMPIRICALLY_VALIDATED_EXACT	PENDING_G7	BOUNDARY_STABLE	NO	ELIGIBLE	NA
HPL00020	MONO_AT	EMPIRICALLY_VALIDATED_EXACT	NOT_APPLICABLE_UNCALLABLE_OR_INELIGIBLE	INSUFFICIENT_TO_RESOLVE	NO	NOT_ELIGIBLE	NOT_CALLABLE_OR_NOT_CALLER_ELIGIBLE_UNDER_G5;BOUNDARY_AUDIT_INSUFFICIENT_TO_RESOLVE
HPL00021	MONO_AT	EMPIRICALLY_VALIDATED_EXACT	PENDING_G7	INSUFFICIENT_TO_RESOLVE	NO	NOT_ELIGIBLE	BOUNDARY_AUDIT_INSUFFICIENT_TO_RESOLVE
HPL00022	TRINUCLEOTIDE	SUPPORTED_BUT_ALLELE_DIVERSITY_LIMITED	PENDING_G7	BOUNDARY_STABLE	NO	ELIGIBLE_FLAGGED_PROVISIONAL	NA
HPL00023	MONO_AT	EMPIRICALLY_VALIDATED_EXACT	PENDING_G7	BOUNDARY_AMBIGUOUS	NO	NOT_ELIGIBLE	BOUNDARY_AUDIT_BOUNDARY_AMBIGUOUS
HPL00024	MONO_AT	EMPIRICALLY_VALIDATED_EXACT	PENDING_G7	BOUNDARY_STABLE	NO	ELIGIBLE	NA
HPL00025	MONO_AT	EMPIRICALLY_VALIDATED_EXACT	PENDING_G7	BOUNDARY_STABLE	NO	ELIGIBLE	NA
HPL00026	TRINUCLEOTIDE	SUPPORTED_BUT_ALLELE_DIVERSITY_LIMITED	PENDING_G7	ORTHOLOGY_AMBIGUOUS	NO	NOT_ELIGIBLE	BOUNDARY_AUDIT_ORTHOLOGY_AMBIGUOUS
HPL00027	MONO_GC	SUPPORTED_BUT_ALLELE_DIVERSITY_LIMITED	NOT_APPLICABLE_UNCALLABLE_OR_INELIGIBLE	ORTHOLOGY_AMBIGUOUS	NO	NOT_ELIGIBLE	NOT_CALLABLE_OR_NOT_CALLER_ELIGIBLE_UNDER_G5;BOUNDARY_AUDIT_ORTHOLOGY_AMBIGUOUS
HPL00028	MONO_AT	EMPIRICALLY_VALIDATED_EXACT	NOT_APPLICABLE_UNCALLABLE_OR_INELIGIBLE	BOUNDARY_STABLE	NO	NOT_ELIGIBLE	NOT_CALLABLE_OR_NOT_CALLER_ELIGIBLE_UNDER_G5
HPL00029	MONO_GC	SUPPORTED_BUT_ALLELE_DIVERSITY_LIMITED	NOT_APPLICABLE_UNCALLABLE_OR_INELIGIBLE	INSUFFICIENT_TO_RESOLVE	NO	NOT_ELIGIBLE	NOT_CALLABLE_OR_NOT_CALLER_ELIGIBLE_UNDER_G5;BOUNDARY_AUDIT_INSUFFICIENT_TO_RESOLVE
HPL00030	TRINUCLEOTIDE	SUPPORTED_BUT_ALLELE_DIVERSITY_LIMITED	PENDING_G7	BOUNDARY_STABLE	NO	ELIGIBLE_FLAGGED_PROVISIONAL	NA
HPL00031	TRINUCLEOTIDE	SUPPORTED_BUT_ALLELE_DIVERSITY_LIMITED	PENDING_G7	BOUNDARY_STABLE	NO	ELIGIBLE_FLAGGED_PROVISIONAL	NA
HPL00032	MONO_GC	SUPPORTED_BUT_ALLELE_DIVERSITY_LIMITED	NOT_APPLICABLE_UNCALLABLE_OR_INELIGIBLE	BOUNDARY_AMBIGUOUS	NO	NOT_ELIGIBLE	NOT_CALLABLE_OR_NOT_CALLER_ELIGIBLE_UNDER_G5;BOUNDARY_AUDIT_BOUNDARY_AMBIGUOUS
HPL00033	DINUCLEOTIDE	SUPPORTED_BUT_ALLELE_DIVERSITY_LIMITED	PENDING_G7	BOUNDARY_STABLE	NO	ELIGIBLE_FLAGGED_PROVISIONAL	NA
HPL00034	MONO_AT	EMPIRICALLY_VALIDATED_EXACT	PENDING_G7	ORTHOLOGY_AMBIGUOUS	NO	NOT_ELIGIBLE	BOUNDARY_AUDIT_ORTHOLOGY_AMBIGUOUS
HPL00035	MONO_AT	EMPIRICALLY_VALIDATED_EXACT	PENDING_G7	ORTHOLOGY_AMBIGUOUS	NO	NOT_ELIGIBLE	BOUNDARY_AUDIT_ORTHOLOGY_AMBIGUOUS
HPL00036	MONO_AT	EMPIRICALLY_VALIDATED_EXACT	PENDING_G7	ORTHOLOGY_AMBIGUOUS	NO	NOT_ELIGIBLE	BOUNDARY_AUDIT_ORTHOLOGY_AMBIGUOUS
HPL00037	MONO_AT	EMPIRICALLY_VALIDATED_EXACT	PENDING_G7	BOUNDARY_STABLE	NO	ELIGIBLE	NA
HPL00038	MONO_AT	EMPIRICALLY_VALIDATED_EXACT	PENDING_G7	BOUNDARY_STABLE	NO	ELIGIBLE	NA
HPL00039	MONO_AT	EMPIRICALLY_VALIDATED_EXACT	NOT_APPLICABLE_UNCALLABLE_OR_INELIGIBLE	INSUFFICIENT_TO_RESOLVE	NO	NOT_ELIGIBLE	NOT_CALLABLE_OR_NOT_CALLER_ELIGIBLE_UNDER_G5;BOUNDARY_AUDIT_INSUFFICIENT_TO_RESOLVE
HPL00040	MONO_AT	EMPIRICALLY_VALIDATED_EXACT	PENDING_G7	BOUNDARY_STABLE	NO	ELIGIBLE	NA
HPL00041	MONO_AT	EMPIRICALLY_VALIDATED_EXACT	INELIGIBLE_PLATFORM_CONFOUNDED_CALLABILITY	INSUFFICIENT_TO_RESOLVE	NO	NOT_ELIGIBLE	PLATFORM_CONFOUNDED_CALLABILITY;BOUNDARY_AUDIT_INSUFFICIENT_TO_RESOLVE
HPL00042	MONO_AT	EMPIRICALLY_VALIDATED_EXACT	PENDING_G7	BOUNDARY_STABLE	NO	ELIGIBLE	NA
HPL00043	MONO_AT	EMPIRICALLY_VALIDATED_EXACT	PENDING_G7	BOUNDARY_STABLE	NO	ELIGIBLE	NA
HPL00044	MONO_AT	EMPIRICALLY_VALIDATED_EXACT	PENDING_G7	BOUNDARY_STABLE	NO	ELIGIBLE	NA
HPL00045	MONO_GC	SUPPORTED_BUT_ALLELE_DIVERSITY_LIMITED	PENDING_G7	BOUNDARY_STABLE	NO	ELIGIBLE_FLAGGED_PROVISIONAL	NA
HPL00046	TRINUCLEOTIDE	SUPPORTED_BUT_ALLELE_DIVERSITY_LIMITED	PENDING_G7	BOUNDARY_STABLE	NO	ELIGIBLE_FLAGGED_PROVISIONAL	NA
HPL00047	MONO_AT	EMPIRICALLY_VALIDATED_EXACT	PENDING_G7	BOUNDARY_STABLE	NO	ELIGIBLE	NA
HPL00048	MONO_AT	EMPIRICALLY_VALIDATED_EXACT	NOT_APPLICABLE_UNCALLABLE_OR_INELIGIBLE	INSUFFICIENT_TO_RESOLVE	NO	NOT_ELIGIBLE	NOT_CALLABLE_OR_NOT_CALLER_ELIGIBLE_UNDER_G5;BOUNDARY_AUDIT_INSUFFICIENT_TO_RESOLVE
HPL00049	MONO_AT	EMPIRICALLY_VALIDATED_EXACT	PENDING_G7	BOUNDARY_STABLE	NO	ELIGIBLE	NA
HPL00050	MONO_AT	EMPIRICALLY_VALIDATED_EXACT	PENDING_G7	BOUNDARY_STABLE	NO	ELIGIBLE	NA
HPL00051	MONO_AT	EMPIRICALLY_VALIDATED_EXACT	PENDING_G7	BOUNDARY_STABLE	NO	ELIGIBLE	NA
HPL00052	MONO_AT	EMPIRICALLY_VALIDATED_EXACT	INELIGIBLE_PLATFORM_CONFOUNDED_CALLABILITY	ORTHOLOGY_AMBIGUOUS	NO	NOT_ELIGIBLE	PLATFORM_CONFOUNDED_CALLABILITY;BOUNDARY_AUDIT_ORTHOLOGY_AMBIGUOUS
HPL00053	MONO_AT	EMPIRICALLY_VALIDATED_EXACT	PENDING_G7	BOUNDARY_STABLE	NO	ELIGIBLE	NA
HPL00054	MONO_AT	EMPIRICALLY_VALIDATED_EXACT	PENDING_G7	INSUFFICIENT_TO_RESOLVE	NO	NOT_ELIGIBLE	BOUNDARY_AUDIT_INSUFFICIENT_TO_RESOLVE
HPL00055	MONO_AT	EMPIRICALLY_VALIDATED_EXACT	PENDING_G7	BOUNDARY_STABLE	NO	ELIGIBLE	NA
HPL00056	MONO_AT	EMPIRICALLY_VALIDATED_EXACT	PENDING_G7	ORTHOLOGY_AMBIGUOUS	NO	NOT_ELIGIBLE	BOUNDARY_AUDIT_ORTHOLOGY_AMBIGUOUS
HPL00057	TRINUCLEOTIDE	SUPPORTED_BUT_ALLELE_DIVERSITY_LIMITED	NOT_APPLICABLE_UNCALLABLE_OR_INELIGIBLE	INSUFFICIENT_TO_RESOLVE	NO	NOT_ELIGIBLE	NOT_CALLABLE_OR_NOT_CALLER_ELIGIBLE_UNDER_G5;BOUNDARY_AUDIT_INSUFFICIENT_TO_RESOLVE
HPL00058	DINUCLEOTIDE	SUPPORTED_BUT_ALLELE_DIVERSITY_LIMITED	PENDING_G7	BOUNDARY_AMBIGUOUS	NO	NOT_ELIGIBLE	BOUNDARY_AUDIT_BOUNDARY_AMBIGUOUS
HPL00059	MONO_AT	EMPIRICALLY_VALIDATED_EXACT	NOT_APPLICABLE_UNCALLABLE_OR_INELIGIBLE	ORTHOLOGY_AMBIGUOUS	NO	NOT_ELIGIBLE	NOT_CALLABLE_OR_NOT_CALLER_ELIGIBLE_UNDER_G5;BOUNDARY_AUDIT_ORTHOLOGY_AMBIGUOUS
HPL00060	DINUCLEOTIDE	SUPPORTED_BUT_ALLELE_DIVERSITY_LIMITED	PENDING_G7	BOUNDARY_STABLE	NO	ELIGIBLE_FLAGGED_PROVISIONAL	NA
HPL00061	MONO_GC	SUPPORTED_BUT_ALLELE_DIVERSITY_LIMITED	PENDING_G7	BOUNDARY_STABLE	NO	ELIGIBLE_FLAGGED_PROVISIONAL	NA
HPL00062	MONO_AT	EMPIRICALLY_VALIDATED_EXACT	NOT_APPLICABLE_UNCALLABLE_OR_INELIGIBLE	INSUFFICIENT_TO_RESOLVE	NO	NOT_ELIGIBLE	NOT_CALLABLE_OR_NOT_CALLER_ELIGIBLE_UNDER_G5;BOUNDARY_AUDIT_INSUFFICIENT_TO_RESOLVE
HPL00063	TRINUCLEOTIDE	SUPPORTED_BUT_ALLELE_DIVERSITY_LIMITED	PENDING_G7	BOUNDARY_STABLE	NO	ELIGIBLE_FLAGGED_PROVISIONAL	NA
HPL00064	MONO_AT	EMPIRICALLY_VALIDATED_EXACT	PENDING_G7	BOUNDARY_STABLE	NO	ELIGIBLE	NA
HPL00065	TRINUCLEOTIDE	SUPPORTED_BUT_ALLELE_DIVERSITY_LIMITED	PENDING_G7	BOUNDARY_STABLE	NO	ELIGIBLE_FLAGGED_PROVISIONAL	NA
HPL00066	MONO_AT	EMPIRICALLY_VALIDATED_EXACT	NOT_APPLICABLE_UNCALLABLE_OR_INELIGIBLE	INSUFFICIENT_TO_RESOLVE	NO	NOT_ELIGIBLE	NOT_CALLABLE_OR_NOT_CALLER_ELIGIBLE_UNDER_G5;BOUNDARY_AUDIT_INSUFFICIENT_TO_RESOLVE
HPL00067	MONO_AT	EMPIRICALLY_VALIDATED_EXACT	INELIGIBLE_PLATFORM_CONFOUNDED_CALLABILITY	BOUNDARY_STABLE	NO	NOT_ELIGIBLE	PLATFORM_CONFOUNDED_CALLABILITY
HPL00068	MONO_AT	EMPIRICALLY_VALIDATED_EXACT	PENDING_G7	BOUNDARY_STABLE	NO	ELIGIBLE	NA
HPL00069	MONO_AT	EMPIRICALLY_VALIDATED_EXACT	NOT_APPLICABLE_UNCALLABLE_OR_INELIGIBLE	INSUFFICIENT_TO_RESOLVE	NO	NOT_ELIGIBLE	NOT_CALLABLE_OR_NOT_CALLER_ELIGIBLE_UNDER_G5;BOUNDARY_AUDIT_INSUFFICIENT_TO_RESOLVE
HPL00070	TRINUCLEOTIDE	SUPPORTED_BUT_ALLELE_DIVERSITY_LIMITED	PENDING_G7	BOUNDARY_STABLE	NO	ELIGIBLE_FLAGGED_PROVISIONAL	NA
HPL00071	MONO_AT	EMPIRICALLY_VALIDATED_EXACT	PENDING_G7	BOUNDARY_STABLE	NO	ELIGIBLE	NA
HPL00072	MONO_AT	EMPIRICALLY_VALIDATED_EXACT	PENDING_G7	BOUNDARY_STABLE	NO	ELIGIBLE	NA
HPL00073	MONO_AT	EMPIRICALLY_VALIDATED_EXACT	PENDING_G7	BOUNDARY_STABLE	NO	ELIGIBLE	NA
HPL00074	MONO_AT	EMPIRICALLY_VALIDATED_EXACT	PENDING_G7	BOUNDARY_STABLE	NO	ELIGIBLE	NA
HPL00075	MONO_AT	EMPIRICALLY_VALIDATED_EXACT	PENDING_G7	BOUNDARY_STABLE	NO	ELIGIBLE	NA
HPL00076	MONO_AT	EMPIRICALLY_VALIDATED_EXACT	PENDING_G7	BOUNDARY_STABLE	NO	ELIGIBLE	NA
HPL00077	MONO_AT	EMPIRICALLY_VALIDATED_EXACT	PENDING_G7	BOUNDARY_STABLE	NO	ELIGIBLE	NA
HPL00078	MONO_AT	EMPIRICALLY_VALIDATED_EXACT	INELIGIBLE_PLATFORM_CONFOUNDED_CALLABILITY	ORTHOLOGY_AMBIGUOUS	NO	NOT_ELIGIBLE	PLATFORM_CONFOUNDED_CALLABILITY;BOUNDARY_AUDIT_ORTHOLOGY_AMBIGUOUS
HPL00079	MONO_AT	EMPIRICALLY_VALIDATED_EXACT	PENDING_G7	BOUNDARY_STABLE	NO	ELIGIBLE	NA
HPL00080	MONO_AT	EMPIRICALLY_VALIDATED_EXACT	PENDING_G7	BOUNDARY_STABLE	NO	ELIGIBLE	NA
HPL00081	MONO_AT	EMPIRICALLY_VALIDATED_EXACT	NOT_APPLICABLE_UNCALLABLE_OR_INELIGIBLE	ORTHOLOGY_AMBIGUOUS	NO	NOT_ELIGIBLE	NOT_CALLABLE_OR_NOT_CALLER_ELIGIBLE_UNDER_G5;BOUNDARY_AUDIT_ORTHOLOGY_AMBIGUOUS
HPL00082	MONO_AT	EMPIRICALLY_VALIDATED_EXACT	NOT_APPLICABLE_UNCALLABLE_OR_INELIGIBLE	ORTHOLOGY_AMBIGUOUS	NO	NOT_ELIGIBLE	NOT_CALLABLE_OR_NOT_CALLER_ELIGIBLE_UNDER_G5;BOUNDARY_AUDIT_ORTHOLOGY_AMBIGUOUS
HPL00083	TRINUCLEOTIDE	SUPPORTED_BUT_ALLELE_DIVERSITY_LIMITED	PENDING_G7	BOUNDARY_STABLE	NO	ELIGIBLE_FLAGGED_PROVISIONAL	NA
HPL00084	MONO_AT	EMPIRICALLY_VALIDATED_EXACT	PENDING_G7	BOUNDARY_STABLE	NO	ELIGIBLE	NA
HPL00085	MONO_AT	EMPIRICALLY_VALIDATED_EXACT	PENDING_G7	BOUNDARY_STABLE	NO	ELIGIBLE	NA
HPL00086	MONO_GC	SUPPORTED_BUT_ALLELE_DIVERSITY_LIMITED	NOT_APPLICABLE_UNCALLABLE_OR_INELIGIBLE	INSUFFICIENT_TO_RESOLVE	NO	NOT_ELIGIBLE	NOT_CALLABLE_OR_NOT_CALLER_ELIGIBLE_UNDER_G5;BOUNDARY_AUDIT_INSUFFICIENT_TO_RESOLVE
HPL00087	MONO_AT	EMPIRICALLY_VALIDATED_EXACT	PENDING_G7	BOUNDARY_STABLE	NO	ELIGIBLE	NA
HPL00088	MONO_AT	EMPIRICALLY_VALIDATED_EXACT	NOT_APPLICABLE_UNCALLABLE_OR_INELIGIBLE	ORTHOLOGY_AMBIGUOUS	NO	NOT_ELIGIBLE	NOT_CALLABLE_OR_NOT_CALLER_ELIGIBLE_UNDER_G5;BOUNDARY_AUDIT_ORTHOLOGY_AMBIGUOUS
HPL00089	MONO_AT	EMPIRICALLY_VALIDATED_EXACT	PENDING_G7	BOUNDARY_STABLE	NO	ELIGIBLE	NA
HPL00090	MONO_AT	EMPIRICALLY_VALIDATED_EXACT	PENDING_G7	BOUNDARY_STABLE	NO	ELIGIBLE	NA
HPL00091	MONO_AT	EMPIRICALLY_VALIDATED_EXACT	NOT_APPLICABLE_UNCALLABLE_OR_INELIGIBLE	INSUFFICIENT_TO_RESOLVE	NO	NOT_ELIGIBLE	NOT_CALLABLE_OR_NOT_CALLER_ELIGIBLE_UNDER_G5;BOUNDARY_AUDIT_INSUFFICIENT_TO_RESOLVE
HPL00092	MONO_GC	SUPPORTED_BUT_ALLELE_DIVERSITY_LIMITED	NOT_APPLICABLE_UNCALLABLE_OR_INELIGIBLE	INSUFFICIENT_TO_RESOLVE	NO	NOT_ELIGIBLE	NOT_CALLABLE_OR_NOT_CALLER_ELIGIBLE_UNDER_G5;BOUNDARY_AUDIT_INSUFFICIENT_TO_RESOLVE
HPL00093	MONO_AT	EMPIRICALLY_VALIDATED_EXACT	NOT_APPLICABLE_UNCALLABLE_OR_INELIGIBLE	ORTHOLOGY_AMBIGUOUS	NO	NOT_ELIGIBLE	NOT_CALLABLE_OR_NOT_CALLER_ELIGIBLE_UNDER_G5;BOUNDARY_AUDIT_ORTHOLOGY_AMBIGUOUS
HPL00094	MONO_AT	EMPIRICALLY_VALIDATED_EXACT	NOT_APPLICABLE_UNCALLABLE_OR_INELIGIBLE	INSUFFICIENT_TO_RESOLVE	NO	NOT_ELIGIBLE	NOT_CALLABLE_OR_NOT_CALLER_ELIGIBLE_UNDER_G5;BOUNDARY_AUDIT_INSUFFICIENT_TO_RESOLVE
HPL00095	MONO_AT	EMPIRICALLY_VALIDATED_EXACT	NOT_APPLICABLE_UNCALLABLE_OR_INELIGIBLE	INSUFFICIENT_TO_RESOLVE	NO	NOT_ELIGIBLE	NOT_CALLABLE_OR_NOT_CALLER_ELIGIBLE_UNDER_G5;BOUNDARY_AUDIT_INSUFFICIENT_TO_RESOLVE
HPL00096	MONO_AT	EMPIRICALLY_VALIDATED_EXACT	NOT_APPLICABLE_UNCALLABLE_OR_INELIGIBLE	INSUFFICIENT_TO_RESOLVE	NO	NOT_ELIGIBLE	NOT_CALLABLE_OR_NOT_CALLER_ELIGIBLE_UNDER_G5;BOUNDARY_AUDIT_INSUFFICIENT_TO_RESOLVE
HPL00097	MONO_AT	EMPIRICALLY_VALIDATED_EXACT	NOT_APPLICABLE_UNCALLABLE_OR_INELIGIBLE	ORTHOLOGY_AMBIGUOUS	NO	NOT_ELIGIBLE	NOT_CALLABLE_OR_NOT_CALLER_ELIGIBLE_UNDER_G5;BOUNDARY_AUDIT_ORTHOLOGY_AMBIGUOUS
HPL00098	MONO_AT	EMPIRICALLY_VALIDATED_EXACT	NOT_APPLICABLE_UNCALLABLE_OR_INELIGIBLE	ORTHOLOGY_AMBIGUOUS	NO	NOT_ELIGIBLE	NOT_CALLABLE_OR_NOT_CALLER_ELIGIBLE_UNDER_G5;BOUNDARY_AUDIT_ORTHOLOGY_AMBIGUOUS
HPL00099	MONO_AT	EMPIRICALLY_VALIDATED_EXACT	PENDING_G7	BOUNDARY_STABLE	NO	ELIGIBLE	NA
HPL00100	MONO_GC	SUPPORTED_BUT_ALLELE_DIVERSITY_LIMITED	PENDING_G7	BOUNDARY_AMBIGUOUS	NO	NOT_ELIGIBLE	BOUNDARY_AUDIT_BOUNDARY_AMBIGUOUS
HPL00101	MONO_AT	EMPIRICALLY_VALIDATED_EXACT	NOT_APPLICABLE_UNCALLABLE_OR_INELIGIBLE	BOUNDARY_STABLE	NO	NOT_ELIGIBLE	NOT_CALLABLE_OR_NOT_CALLER_ELIGIBLE_UNDER_G5
HPL00102	MONO_AT	EMPIRICALLY_VALIDATED_EXACT	PENDING_G7	BOUNDARY_AMBIGUOUS	NO	NOT_ELIGIBLE	BOUNDARY_AUDIT_BOUNDARY_AMBIGUOUS
HPL00103	MONO_AT	EMPIRICALLY_VALIDATED_EXACT	PENDING_G7	BOUNDARY_STABLE	NO	ELIGIBLE	NA
HPL00104	MONO_AT	EMPIRICALLY_VALIDATED_EXACT	PENDING_G7	BOUNDARY_STABLE	NO	ELIGIBLE	NA
HPL00105	MONO_AT	EMPIRICALLY_VALIDATED_EXACT	PENDING_G7	BOUNDARY_STABLE	NO	ELIGIBLE	NA
HPL00106	MONO_AT	EMPIRICALLY_VALIDATED_EXACT	PENDING_G7	BOUNDARY_STABLE	NO	ELIGIBLE	NA
HPL00107	MONO_AT	EMPIRICALLY_VALIDATED_EXACT	PENDING_G7	BOUNDARY_STABLE	NO	ELIGIBLE	NA
HPL00108	MONO_AT	EMPIRICALLY_VALIDATED_EXACT	PENDING_G7	BOUNDARY_STABLE	NO	ELIGIBLE	NA
HPL00109	MONO_AT	EMPIRICALLY_VALIDATED_EXACT	PENDING_G7	BOUNDARY_STABLE	NO	ELIGIBLE	NA
HPL00110	MONO_GC	SUPPORTED_BUT_ALLELE_DIVERSITY_LIMITED	NOT_APPLICABLE_UNCALLABLE_OR_INELIGIBLE	ORTHOLOGY_AMBIGUOUS	YES	NOT_ELIGIBLE	NOT_CALLABLE_OR_NOT_CALLER_ELIGIBLE_UNDER_G5;BOUNDARY_AUDIT_ORTHOLOGY_AMBIGUOUS;KNOWN_PV_INSUFFICIENT_EMPIRICAL_VALIDATION
HPL00111	MONO_AT	EMPIRICALLY_VALIDATED_EXACT	PENDING_G7	BOUNDARY_STABLE	NO	ELIGIBLE	NA
HPL00112	MONO_AT	EMPIRICALLY_VALIDATED_EXACT	PENDING_G7	BOUNDARY_STABLE	NO	ELIGIBLE	NA
HPL00113	MONO_AT	EMPIRICALLY_VALIDATED_EXACT	PENDING_G7	BOUNDARY_STABLE	NO	ELIGIBLE	NA
HPL00114	MONO_AT	EMPIRICALLY_VALIDATED_EXACT	PENDING_G7	ORTHOLOGY_AMBIGUOUS	NO	NOT_ELIGIBLE	BOUNDARY_AUDIT_ORTHOLOGY_AMBIGUOUS
HPL00115	MONO_AT	EMPIRICALLY_VALIDATED_EXACT	INELIGIBLE_PLATFORM_CONFOUNDED_CALLABILITY	BOUNDARY_AMBIGUOUS	NO	NOT_ELIGIBLE	PLATFORM_CONFOUNDED_CALLABILITY;BOUNDARY_AUDIT_BOUNDARY_AMBIGUOUS
HPL00116	MONO_AT	EMPIRICALLY_VALIDATED_EXACT	PENDING_G7	BOUNDARY_STABLE	NO	ELIGIBLE	NA
HPL00117	MONO_AT	EMPIRICALLY_VALIDATED_EXACT	PENDING_G7	BOUNDARY_STABLE	NO	ELIGIBLE	NA
HPL00118	MONO_AT	EMPIRICALLY_VALIDATED_EXACT	PENDING_G7	ORTHOLOGY_AMBIGUOUS	NO	NOT_ELIGIBLE	BOUNDARY_AUDIT_ORTHOLOGY_AMBIGUOUS
HPL00119	MONO_AT	EMPIRICALLY_VALIDATED_EXACT	PENDING_G7	BOUNDARY_STABLE	NO	ELIGIBLE	NA
HPL00120	MONO_AT	EMPIRICALLY_VALIDATED_EXACT	PENDING_G7	BOUNDARY_STABLE	NO	ELIGIBLE	NA
HPL00121	MONO_AT	EMPIRICALLY_VALIDATED_EXACT	PENDING_G7	BOUNDARY_STABLE	NO	ELIGIBLE	NA
HPL00122	DINUCLEOTIDE	SUPPORTED_BUT_ALLELE_DIVERSITY_LIMITED	PENDING_G7	ORTHOLOGY_AMBIGUOUS	NO	NOT_ELIGIBLE	BOUNDARY_AUDIT_ORTHOLOGY_AMBIGUOUS
HPL00123	MONO_AT	EMPIRICALLY_VALIDATED_EXACT	PENDING_G7	BOUNDARY_STABLE	NO	ELIGIBLE	NA
HPL00124	MONO_AT	EMPIRICALLY_VALIDATED_EXACT	INELIGIBLE_PLATFORM_CONFOUNDED_CALLABILITY	INSUFFICIENT_TO_RESOLVE	NO	NOT_ELIGIBLE	PLATFORM_CONFOUNDED_CALLABILITY;BOUNDARY_AUDIT_INSUFFICIENT_TO_RESOLVE
HPL00125	MONO_AT	EMPIRICALLY_VALIDATED_EXACT	PENDING_G7	BOUNDARY_STABLE	NO	ELIGIBLE	NA
HPL00126	MONO_AT	EMPIRICALLY_VALIDATED_EXACT	PENDING_G7	BOUNDARY_STABLE	NO	ELIGIBLE	NA
HPL00127	MONO_AT	EMPIRICALLY_VALIDATED_EXACT	PENDING_G7	BOUNDARY_STABLE	NO	ELIGIBLE	NA
HPL00128	MONO_GC	SUPPORTED_BUT_ALLELE_DIVERSITY_LIMITED	NOT_APPLICABLE_UNCALLABLE_OR_INELIGIBLE	ORTHOLOGY_AMBIGUOUS	NO	NOT_ELIGIBLE	NOT_CALLABLE_OR_NOT_CALLER_ELIGIBLE_UNDER_G5;BOUNDARY_AUDIT_ORTHOLOGY_AMBIGUOUS
HPL00129	MONO_AT	EMPIRICALLY_VALIDATED_EXACT	NOT_APPLICABLE_UNCALLABLE_OR_INELIGIBLE	ORTHOLOGY_AMBIGUOUS	NO	NOT_ELIGIBLE	NOT_CALLABLE_OR_NOT_CALLER_ELIGIBLE_UNDER_G5;BOUNDARY_AUDIT_ORTHOLOGY_AMBIGUOUS
HPL00130	MONO_AT	EMPIRICALLY_VALIDATED_EXACT	NOT_APPLICABLE_UNCALLABLE_OR_INELIGIBLE	INSUFFICIENT_TO_RESOLVE	NO	NOT_ELIGIBLE	NOT_CALLABLE_OR_NOT_CALLER_ELIGIBLE_UNDER_G5;BOUNDARY_AUDIT_INSUFFICIENT_TO_RESOLVE
HPL00131	MONO_AT	EMPIRICALLY_VALIDATED_EXACT	NOT_APPLICABLE_UNCALLABLE_OR_INELIGIBLE	INSUFFICIENT_TO_RESOLVE	NO	NOT_ELIGIBLE	NOT_CALLABLE_OR_NOT_CALLER_ELIGIBLE_UNDER_G5;BOUNDARY_AUDIT_INSUFFICIENT_TO_RESOLVE
HPL00132	MONO_AT	EMPIRICALLY_VALIDATED_EXACT	NOT_APPLICABLE_UNCALLABLE_OR_INELIGIBLE	BOUNDARY_STABLE	NO	NOT_ELIGIBLE	NOT_CALLABLE_OR_NOT_CALLER_ELIGIBLE_UNDER_G5
HPL00133	MONO_AT	EMPIRICALLY_VALIDATED_EXACT	NOT_APPLICABLE_UNCALLABLE_OR_INELIGIBLE	BOUNDARY_AMBIGUOUS	NO	NOT_ELIGIBLE	NOT_CALLABLE_OR_NOT_CALLER_ELIGIBLE_UNDER_G5;BOUNDARY_AUDIT_BOUNDARY_AMBIGUOUS
HPL00134	MONO_AT	EMPIRICALLY_VALIDATED_EXACT	PENDING_G7	BOUNDARY_STABLE	NO	ELIGIBLE	NA
HPL00135	MOTIF_GE4	SUPPORTED_BUT_ALLELE_DIVERSITY_LIMITED	NOT_APPLICABLE_UNCALLABLE_OR_INELIGIBLE	INSUFFICIENT_TO_RESOLVE	NO	NOT_ELIGIBLE	NOT_CALLABLE_OR_NOT_CALLER_ELIGIBLE_UNDER_G5;BOUNDARY_AUDIT_INSUFFICIENT_TO_RESOLVE
HPL00136	MONO_GC	SUPPORTED_BUT_ALLELE_DIVERSITY_LIMITED	NOT_APPLICABLE_UNCALLABLE_OR_INELIGIBLE	BOUNDARY_AMBIGUOUS	NO	NOT_ELIGIBLE	NOT_CALLABLE_OR_NOT_CALLER_ELIGIBLE_UNDER_G5;BOUNDARY_AUDIT_BOUNDARY_AMBIGUOUS
HPL00137	MONO_AT	EMPIRICALLY_VALIDATED_EXACT	INELIGIBLE_PLATFORM_CONFOUNDED_CALLABILITY	BOUNDARY_STABLE	NO	NOT_ELIGIBLE	PLATFORM_CONFOUNDED_CALLABILITY
HPL00138	MONO_AT	EMPIRICALLY_VALIDATED_EXACT	PENDING_G7	BOUNDARY_STABLE	NO	ELIGIBLE	NA
HPL00139	MONO_AT	EMPIRICALLY_VALIDATED_EXACT	PENDING_G7	BOUNDARY_STABLE	NO	ELIGIBLE	NA
HPL00140	TRINUCLEOTIDE	SUPPORTED_BUT_ALLELE_DIVERSITY_LIMITED	INELIGIBLE_PLATFORM_CONFOUNDED_CALLABILITY	BOUNDARY_STABLE	NO	NOT_ELIGIBLE	PLATFORM_CONFOUNDED_CALLABILITY
HPL00141	MONO_AT	EMPIRICALLY_VALIDATED_EXACT	PENDING_G7	BOUNDARY_STABLE	NO	ELIGIBLE	NA
HPL00142	MONO_AT	EMPIRICALLY_VALIDATED_EXACT	INELIGIBLE_PLATFORM_CONFOUNDED_CALLABILITY	BOUNDARY_STABLE	NO	NOT_ELIGIBLE	PLATFORM_CONFOUNDED_CALLABILITY
HPL00143	MONO_AT	EMPIRICALLY_VALIDATED_EXACT	PENDING_G7	BOUNDARY_STABLE	NO	ELIGIBLE	NA
HPL00144	MONO_AT	EMPIRICALLY_VALIDATED_EXACT	NOT_APPLICABLE_UNCALLABLE_OR_INELIGIBLE	ORTHOLOGY_AMBIGUOUS	NO	NOT_ELIGIBLE	NOT_CALLABLE_OR_NOT_CALLER_ELIGIBLE_UNDER_G5;BOUNDARY_AUDIT_ORTHOLOGY_AMBIGUOUS
HPL00145	MONO_AT	EMPIRICALLY_VALIDATED_EXACT	PENDING_G7	BOUNDARY_STABLE	NO	ELIGIBLE	NA
HPL00146	MONO_AT	EMPIRICALLY_VALIDATED_EXACT	PENDING_G7	BOUNDARY_AMBIGUOUS	NO	NOT_ELIGIBLE	BOUNDARY_AUDIT_BOUNDARY_AMBIGUOUS
HPL00147	MONO_AT	EMPIRICALLY_VALIDATED_EXACT	NOT_APPLICABLE_UNCALLABLE_OR_INELIGIBLE	ORTHOLOGY_AMBIGUOUS	NO	NOT_ELIGIBLE	NOT_CALLABLE_OR_NOT_CALLER_ELIGIBLE_UNDER_G5;BOUNDARY_AUDIT_ORTHOLOGY_AMBIGUOUS
HPL00148	MONO_AT	EMPIRICALLY_VALIDATED_EXACT	INELIGIBLE_PLATFORM_CONFOUNDED_CALLABILITY	BOUNDARY_STABLE	NO	NOT_ELIGIBLE	PLATFORM_CONFOUNDED_CALLABILITY
HPL00149	MONO_AT	EMPIRICALLY_VALIDATED_EXACT	PENDING_G7	ORTHOLOGY_AMBIGUOUS	NO	NOT_ELIGIBLE	BOUNDARY_AUDIT_ORTHOLOGY_AMBIGUOUS
HPL00150	MONO_AT	EMPIRICALLY_VALIDATED_EXACT	PENDING_G7	BOUNDARY_STABLE	NO	ELIGIBLE	NA
HPL00151	MONO_GC	SUPPORTED_BUT_ALLELE_DIVERSITY_LIMITED	PENDING_G7	BOUNDARY_STABLE	NO	ELIGIBLE_FLAGGED_PROVISIONAL	NA
HPL00152	MONO_AT	EMPIRICALLY_VALIDATED_EXACT	PENDING_G7	INSUFFICIENT_TO_RESOLVE	NO	NOT_ELIGIBLE	BOUNDARY_AUDIT_INSUFFICIENT_TO_RESOLVE
HPL00153	MONO_AT	EMPIRICALLY_VALIDATED_EXACT	INELIGIBLE_PLATFORM_CONFOUNDED_CALLABILITY	BOUNDARY_STABLE	NO	NOT_ELIGIBLE	PLATFORM_CONFOUNDED_CALLABILITY
HPL00154	MONO_AT	EMPIRICALLY_VALIDATED_EXACT	PENDING_G7	BOUNDARY_STABLE	NO	ELIGIBLE	NA
HPL00155	MONO_AT	EMPIRICALLY_VALIDATED_EXACT	PENDING_G7	BOUNDARY_STABLE	NO	ELIGIBLE	NA
HPL00156	MONO_AT	EMPIRICALLY_VALIDATED_EXACT	PENDING_G7	BOUNDARY_STABLE	NO	ELIGIBLE	NA
HPL00157	MONO_AT	EMPIRICALLY_VALIDATED_EXACT	PENDING_G7	BOUNDARY_STABLE	NO	ELIGIBLE	NA
HPL00158	MONO_AT	EMPIRICALLY_VALIDATED_EXACT	PENDING_G7	BOUNDARY_STABLE	NO	ELIGIBLE	NA
HPL00159	MONO_AT	EMPIRICALLY_VALIDATED_EXACT	NOT_APPLICABLE_UNCALLABLE_OR_INELIGIBLE	ORTHOLOGY_AMBIGUOUS	NO	NOT_ELIGIBLE	NOT_CALLABLE_OR_NOT_CALLER_ELIGIBLE_UNDER_G5;BOUNDARY_AUDIT_ORTHOLOGY_AMBIGUOUS
HPL00160	MONO_AT	EMPIRICALLY_VALIDATED_EXACT	PENDING_G7	ORTHOLOGY_AMBIGUOUS	NO	NOT_ELIGIBLE	BOUNDARY_AUDIT_ORTHOLOGY_AMBIGUOUS
HPL00161	MONO_AT	EMPIRICALLY_VALIDATED_EXACT	PENDING_G7	INSUFFICIENT_TO_RESOLVE	NO	NOT_ELIGIBLE	BOUNDARY_AUDIT_INSUFFICIENT_TO_RESOLVE
HPL00162	MONO_AT	EMPIRICALLY_VALIDATED_EXACT	PENDING_G7	BOUNDARY_STABLE	NO	ELIGIBLE	NA
HPL00163	MONO_AT	EMPIRICALLY_VALIDATED_EXACT	PENDING_G7	BOUNDARY_STABLE	NO	ELIGIBLE	NA
HPL00164	MONO_AT	EMPIRICALLY_VALIDATED_EXACT	INELIGIBLE_PLATFORM_CONFOUNDED_CALLABILITY	BOUNDARY_STABLE	NO	NOT_ELIGIBLE	PLATFORM_CONFOUNDED_CALLABILITY
HPL00165	MONO_AT	EMPIRICALLY_VALIDATED_EXACT	PENDING_G7	BOUNDARY_STABLE	NO	ELIGIBLE	NA
HPL00166	MONO_AT	EMPIRICALLY_VALIDATED_EXACT	PENDING_G7	BOUNDARY_STABLE	NO	ELIGIBLE	NA
HPL00167	MONO_AT	EMPIRICALLY_VALIDATED_EXACT	INELIGIBLE_PLATFORM_CONFOUNDED_CALLABILITY	BOUNDARY_STABLE	NO	NOT_ELIGIBLE	PLATFORM_CONFOUNDED_CALLABILITY
HPL00168	MONO_AT	EMPIRICALLY_VALIDATED_EXACT	NOT_APPLICABLE_UNCALLABLE_OR_INELIGIBLE	BOUNDARY_AMBIGUOUS	NO	NOT_ELIGIBLE	NOT_CALLABLE_OR_NOT_CALLER_ELIGIBLE_UNDER_G5;BOUNDARY_AUDIT_BOUNDARY_AMBIGUOUS
HPL00169	MONO_AT	EMPIRICALLY_VALIDATED_EXACT	PENDING_G7	BOUNDARY_STABLE	NO	ELIGIBLE	NA
HPL00170	MONO_AT	EMPIRICALLY_VALIDATED_EXACT	PENDING_G7	BOUNDARY_STABLE	NO	ELIGIBLE	NA
HPL00171	MONO_AT	EMPIRICALLY_VALIDATED_EXACT	INELIGIBLE_PLATFORM_CONFOUNDED_CALLABILITY	BOUNDARY_STABLE	NO	NOT_ELIGIBLE	PLATFORM_CONFOUNDED_CALLABILITY
HPL00172	MONO_AT	EMPIRICALLY_VALIDATED_EXACT	PENDING_G7	BOUNDARY_STABLE	NO	ELIGIBLE	NA
HPL00173	MONO_AT	EMPIRICALLY_VALIDATED_EXACT	PENDING_G7	ORTHOLOGY_AMBIGUOUS	NO	NOT_ELIGIBLE	BOUNDARY_AUDIT_ORTHOLOGY_AMBIGUOUS
HPL00174	MONO_AT	EMPIRICALLY_VALIDATED_EXACT	PENDING_G7	BOUNDARY_STABLE	NO	ELIGIBLE	NA
HPL00175	MONO_GC	SUPPORTED_BUT_ALLELE_DIVERSITY_LIMITED	INELIGIBLE_PLATFORM_CONFOUNDED_CALLABILITY	ORTHOLOGY_AMBIGUOUS	NO	NOT_ELIGIBLE	PLATFORM_CONFOUNDED_CALLABILITY;BOUNDARY_AUDIT_ORTHOLOGY_AMBIGUOUS
HPL00176	MONO_GC	SUPPORTED_BUT_ALLELE_DIVERSITY_LIMITED	PENDING_G7	ORTHOLOGY_AMBIGUOUS	NO	NOT_ELIGIBLE	BOUNDARY_AUDIT_ORTHOLOGY_AMBIGUOUS
HPL00177	MONO_AT	EMPIRICALLY_VALIDATED_EXACT	PENDING_G7	BOUNDARY_STABLE	NO	ELIGIBLE	NA
HPL00178	MONO_AT	EMPIRICALLY_VALIDATED_EXACT	PENDING_G7	BOUNDARY_STABLE	NO	ELIGIBLE	NA
HPL00179	MONO_AT	EMPIRICALLY_VALIDATED_EXACT	PENDING_G7	ORTHOLOGY_AMBIGUOUS	NO	NOT_ELIGIBLE	BOUNDARY_AUDIT_ORTHOLOGY_AMBIGUOUS
HPL00180	MONO_AT	EMPIRICALLY_VALIDATED_EXACT	PENDING_G7	INSUFFICIENT_TO_RESOLVE	NO	NOT_ELIGIBLE	BOUNDARY_AUDIT_INSUFFICIENT_TO_RESOLVE
HPL00181	MONO_AT	EMPIRICALLY_VALIDATED_EXACT	PENDING_G7	BOUNDARY_STABLE	NO	ELIGIBLE	NA
HPL00182	MONO_AT	EMPIRICALLY_VALIDATED_EXACT	NOT_APPLICABLE_UNCALLABLE_OR_INELIGIBLE	ORTHOLOGY_AMBIGUOUS	NO	NOT_ELIGIBLE	NOT_CALLABLE_OR_NOT_CALLER_ELIGIBLE_UNDER_G5;BOUNDARY_AUDIT_ORTHOLOGY_AMBIGUOUS
HPL00183	MONO_AT	EMPIRICALLY_VALIDATED_EXACT	PENDING_G7	BOUNDARY_STABLE	NO	ELIGIBLE	NA
HPL00184	MONO_AT	EMPIRICALLY_VALIDATED_EXACT	PENDING_G7	ORTHOLOGY_AMBIGUOUS	NO	NOT_ELIGIBLE	BOUNDARY_AUDIT_ORTHOLOGY_AMBIGUOUS
HPL00185	MONO_GC	SUPPORTED_BUT_ALLELE_DIVERSITY_LIMITED	NOT_APPLICABLE_UNCALLABLE_OR_INELIGIBLE	ORTHOLOGY_AMBIGUOUS	NO	NOT_ELIGIBLE	NOT_CALLABLE_OR_NOT_CALLER_ELIGIBLE_UNDER_G5;BOUNDARY_AUDIT_ORTHOLOGY_AMBIGUOUS
HPL00186	MONO_AT	EMPIRICALLY_VALIDATED_EXACT	PENDING_G7	ORTHOLOGY_AMBIGUOUS	NO	NOT_ELIGIBLE	BOUNDARY_AUDIT_ORTHOLOGY_AMBIGUOUS
HPL00187	MONO_AT	EMPIRICALLY_VALIDATED_EXACT	PENDING_G7	BOUNDARY_STABLE	NO	ELIGIBLE	NA
HPL00188	TRINUCLEOTIDE	SUPPORTED_BUT_ALLELE_DIVERSITY_LIMITED	INELIGIBLE_PLATFORM_CONFOUNDED_CALLABILITY	ORTHOLOGY_AMBIGUOUS	NO	NOT_ELIGIBLE	PLATFORM_CONFOUNDED_CALLABILITY;BOUNDARY_AUDIT_ORTHOLOGY_AMBIGUOUS
HPL00189	MONO_AT	EMPIRICALLY_VALIDATED_EXACT	PENDING_G7	BOUNDARY_STABLE	NO	ELIGIBLE	NA
HPL00190	MONO_AT	EMPIRICALLY_VALIDATED_EXACT	PENDING_G7	ORTHOLOGY_AMBIGUOUS	NO	NOT_ELIGIBLE	BOUNDARY_AUDIT_ORTHOLOGY_AMBIGUOUS
HPL00191	MONO_AT	EMPIRICALLY_VALIDATED_EXACT	PENDING_G7	BOUNDARY_STABLE	NO	ELIGIBLE	NA
HPL00192	MONO_AT	EMPIRICALLY_VALIDATED_EXACT	PENDING_G7	INSUFFICIENT_TO_RESOLVE	NO	NOT_ELIGIBLE	BOUNDARY_AUDIT_INSUFFICIENT_TO_RESOLVE
HPL00193	MONO_AT	EMPIRICALLY_VALIDATED_EXACT	PENDING_G7	BOUNDARY_STABLE	NO	ELIGIBLE	NA
HPL00194	MONO_AT	EMPIRICALLY_VALIDATED_EXACT	PENDING_G7	BOUNDARY_STABLE	NO	ELIGIBLE	NA
HPL00195	DINUCLEOTIDE	SUPPORTED_BUT_ALLELE_DIVERSITY_LIMITED	PENDING_G7	ORTHOLOGY_AMBIGUOUS	YES	NOT_ELIGIBLE	BOUNDARY_AUDIT_ORTHOLOGY_AMBIGUOUS;KNOWN_PV_INSUFFICIENT_EMPIRICAL_VALIDATION
HPL00196	MONO_GC	SUPPORTED_BUT_ALLELE_DIVERSITY_LIMITED	NOT_APPLICABLE_UNCALLABLE_OR_INELIGIBLE	ORTHOLOGY_AMBIGUOUS	YES	NOT_ELIGIBLE	NOT_CALLABLE_OR_NOT_CALLER_ELIGIBLE_UNDER_G5;BOUNDARY_AUDIT_ORTHOLOGY_AMBIGUOUS;KNOWN_PV_INSUFFICIENT_EMPIRICAL_VALIDATION
HPL00197	MONO_GC	SUPPORTED_BUT_ALLELE_DIVERSITY_LIMITED	PENDING_G7	BOUNDARY_STABLE	NO	ELIGIBLE_FLAGGED_PROVISIONAL	NA
HPL00198	MONO_AT	EMPIRICALLY_VALIDATED_EXACT	PENDING_G7	BOUNDARY_STABLE	NO	ELIGIBLE	NA
HPL00199	MONO_AT	EMPIRICALLY_VALIDATED_EXACT	PENDING_G7	BOUNDARY_STABLE	NO	ELIGIBLE	NA
HPL00200	MONO_AT	EMPIRICALLY_VALIDATED_EXACT	NOT_APPLICABLE_UNCALLABLE_OR_INELIGIBLE	INSUFFICIENT_TO_RESOLVE	NO	NOT_ELIGIBLE	NOT_CALLABLE_OR_NOT_CALLER_ELIGIBLE_UNDER_G5;BOUNDARY_AUDIT_INSUFFICIENT_TO_RESOLVE
HPL00201	MONO_AT	EMPIRICALLY_VALIDATED_EXACT	PENDING_G7	ORTHOLOGY_AMBIGUOUS	NO	NOT_ELIGIBLE	BOUNDARY_AUDIT_ORTHOLOGY_AMBIGUOUS
HPL00202	MONO_AT	EMPIRICALLY_VALIDATED_EXACT	PENDING_G7	BOUNDARY_STABLE	NO	ELIGIBLE	NA
HPL00203	MONO_GC	SUPPORTED_BUT_ALLELE_DIVERSITY_LIMITED	PENDING_G7	ORTHOLOGY_AMBIGUOUS	NO	NOT_ELIGIBLE	BOUNDARY_AUDIT_ORTHOLOGY_AMBIGUOUS
HPL00204	MONO_AT	EMPIRICALLY_VALIDATED_EXACT	PENDING_G7	BOUNDARY_STABLE	NO	ELIGIBLE	NA
HPL00205	MONO_GC	SUPPORTED_BUT_ALLELE_DIVERSITY_LIMITED	INELIGIBLE_PLATFORM_CONFOUNDED_CALLABILITY	BOUNDARY_STABLE	NO	NOT_ELIGIBLE	PLATFORM_CONFOUNDED_CALLABILITY
HPL00206	MONO_AT	EMPIRICALLY_VALIDATED_EXACT	PENDING_G7	BOUNDARY_STABLE	NO	ELIGIBLE	NA
HPL00207	MONO_AT	EMPIRICALLY_VALIDATED_EXACT	PENDING_G7	ORTHOLOGY_AMBIGUOUS	NO	NOT_ELIGIBLE	BOUNDARY_AUDIT_ORTHOLOGY_AMBIGUOUS
HPL00208	MONO_AT	EMPIRICALLY_VALIDATED_EXACT	NOT_APPLICABLE_UNCALLABLE_OR_INELIGIBLE	BOUNDARY_STABLE	NO	NOT_ELIGIBLE	NOT_CALLABLE_OR_NOT_CALLER_ELIGIBLE_UNDER_G5
HPL00209	MONO_AT	EMPIRICALLY_VALIDATED_EXACT	PENDING_G7	BOUNDARY_STABLE	NO	ELIGIBLE	NA
HPL00210	MONO_AT	EMPIRICALLY_VALIDATED_EXACT	PENDING_G7	BOUNDARY_STABLE	NO	ELIGIBLE	NA
HPL00211	MONO_AT	EMPIRICALLY_VALIDATED_EXACT	PENDING_G7	ORTHOLOGY_AMBIGUOUS	NO	NOT_ELIGIBLE	BOUNDARY_AUDIT_ORTHOLOGY_AMBIGUOUS
HPL00212	MONO_AT	EMPIRICALLY_VALIDATED_EXACT	NOT_APPLICABLE_UNCALLABLE_OR_INELIGIBLE	ORTHOLOGY_AMBIGUOUS	NO	NOT_ELIGIBLE	NOT_CALLABLE_OR_NOT_CALLER_ELIGIBLE_UNDER_G5;BOUNDARY_AUDIT_ORTHOLOGY_AMBIGUOUS
HPL00213	MONO_AT	EMPIRICALLY_VALIDATED_EXACT	PENDING_G7	ORTHOLOGY_AMBIGUOUS	NO	NOT_ELIGIBLE	BOUNDARY_AUDIT_ORTHOLOGY_AMBIGUOUS
HPL00214	MONO_AT	EMPIRICALLY_VALIDATED_EXACT	PENDING_G7	BOUNDARY_STABLE	NO	ELIGIBLE	NA
HPL00215	MONO_AT	EMPIRICALLY_VALIDATED_EXACT	NOT_APPLICABLE_UNCALLABLE_OR_INELIGIBLE	ORTHOLOGY_AMBIGUOUS	NO	NOT_ELIGIBLE	NOT_CALLABLE_OR_NOT_CALLER_ELIGIBLE_UNDER_G5;BOUNDARY_AUDIT_ORTHOLOGY_AMBIGUOUS
HPL00216	DINUCLEOTIDE	SUPPORTED_BUT_ALLELE_DIVERSITY_LIMITED	NOT_APPLICABLE_UNCALLABLE_OR_INELIGIBLE	ORTHOLOGY_AMBIGUOUS	NO	NOT_ELIGIBLE	NOT_CALLABLE_OR_NOT_CALLER_ELIGIBLE_UNDER_G5;BOUNDARY_AUDIT_ORTHOLOGY_AMBIGUOUS
HPL00217	MONO_AT	EMPIRICALLY_VALIDATED_EXACT	PENDING_G7	ORTHOLOGY_AMBIGUOUS	NO	NOT_ELIGIBLE	BOUNDARY_AUDIT_ORTHOLOGY_AMBIGUOUS
HPL00218	DINUCLEOTIDE	SUPPORTED_BUT_ALLELE_DIVERSITY_LIMITED	NOT_APPLICABLE_UNCALLABLE_OR_INELIGIBLE	ORTHOLOGY_AMBIGUOUS	YES	NOT_ELIGIBLE	NOT_CALLABLE_OR_NOT_CALLER_ELIGIBLE_UNDER_G5;BOUNDARY_AUDIT_ORTHOLOGY_AMBIGUOUS;KNOWN_PV_INSUFFICIENT_EMPIRICAL_VALIDATION
HPL00219	MONO_AT	EMPIRICALLY_VALIDATED_EXACT	NOT_APPLICABLE_UNCALLABLE_OR_INELIGIBLE	ORTHOLOGY_AMBIGUOUS	YES	NOT_ELIGIBLE	NOT_CALLABLE_OR_NOT_CALLER_ELIGIBLE_UNDER_G5;BOUNDARY_AUDIT_ORTHOLOGY_AMBIGUOUS;KNOWN_PV_INSUFFICIENT_EMPIRICAL_VALIDATION
HPL00220	MONO_AT	EMPIRICALLY_VALIDATED_EXACT	PENDING_G7	ORTHOLOGY_AMBIGUOUS	NO	NOT_ELIGIBLE	BOUNDARY_AUDIT_ORTHOLOGY_AMBIGUOUS
HPL00221	MONO_AT	EMPIRICALLY_VALIDATED_EXACT	PENDING_G7	BOUNDARY_AMBIGUOUS	NO	NOT_ELIGIBLE	BOUNDARY_AUDIT_BOUNDARY_AMBIGUOUS
HPL00222	MONO_AT	EMPIRICALLY_VALIDATED_EXACT	PENDING_G7	BOUNDARY_STABLE	NO	ELIGIBLE	NA
HPL00223	MONO_AT	EMPIRICALLY_VALIDATED_EXACT	PENDING_G7	BOUNDARY_STABLE	NO	ELIGIBLE	NA
HPL00224	MONO_AT	EMPIRICALLY_VALIDATED_EXACT	PENDING_G7	BOUNDARY_STABLE	NO	ELIGIBLE	NA
HPL00225	MONO_AT	EMPIRICALLY_VALIDATED_EXACT	PENDING_G7	BOUNDARY_STABLE	NO	ELIGIBLE	NA
HPL00226	DINUCLEOTIDE	SUPPORTED_BUT_ALLELE_DIVERSITY_LIMITED	INELIGIBLE_PLATFORM_CONFOUNDED_CALLABILITY	ORTHOLOGY_AMBIGUOUS	NO	NOT_ELIGIBLE	PLATFORM_CONFOUNDED_CALLABILITY;BOUNDARY_AUDIT_ORTHOLOGY_AMBIGUOUS
HPL00227	MONO_AT	EMPIRICALLY_VALIDATED_EXACT	PENDING_G7	ORTHOLOGY_AMBIGUOUS	NO	NOT_ELIGIBLE	BOUNDARY_AUDIT_ORTHOLOGY_AMBIGUOUS
HPL00228	MONO_AT	EMPIRICALLY_VALIDATED_EXACT	PENDING_G7	ORTHOLOGY_AMBIGUOUS	NO	NOT_ELIGIBLE	BOUNDARY_AUDIT_ORTHOLOGY_AMBIGUOUS
HPL00229	MONO_AT	EMPIRICALLY_VALIDATED_EXACT	PENDING_G7	BOUNDARY_STABLE	NO	ELIGIBLE	NA
HPL00230	TRINUCLEOTIDE	SUPPORTED_BUT_ALLELE_DIVERSITY_LIMITED	PENDING_G7	BOUNDARY_STABLE	NO	ELIGIBLE_FLAGGED_PROVISIONAL	NA
HPL00231	MONO_AT	EMPIRICALLY_VALIDATED_EXACT	PENDING_G7	BOUNDARY_STABLE	NO	ELIGIBLE	NA
HPL00232	MONO_AT	EMPIRICALLY_VALIDATED_EXACT	PENDING_G7	BOUNDARY_STABLE	NO	ELIGIBLE	NA
HPL00233	MONO_AT	EMPIRICALLY_VALIDATED_EXACT	NOT_APPLICABLE_UNCALLABLE_OR_INELIGIBLE	ORTHOLOGY_AMBIGUOUS	NO	NOT_ELIGIBLE	NOT_CALLABLE_OR_NOT_CALLER_ELIGIBLE_UNDER_G5;BOUNDARY_AUDIT_ORTHOLOGY_AMBIGUOUS
HPL00234	MONO_AT	EMPIRICALLY_VALIDATED_EXACT	PENDING_G7	BOUNDARY_STABLE	NO	ELIGIBLE	NA
HPL00235	MONO_AT	EMPIRICALLY_VALIDATED_EXACT	INELIGIBLE_PLATFORM_CONFOUNDED_CALLABILITY	INSUFFICIENT_TO_RESOLVE	NO	NOT_ELIGIBLE	PLATFORM_CONFOUNDED_CALLABILITY;BOUNDARY_AUDIT_INSUFFICIENT_TO_RESOLVE
HPL00236	MONO_AT	EMPIRICALLY_VALIDATED_EXACT	NOT_APPLICABLE_UNCALLABLE_OR_INELIGIBLE	INSUFFICIENT_TO_RESOLVE	NO	NOT_ELIGIBLE	NOT_CALLABLE_OR_NOT_CALLER_ELIGIBLE_UNDER_G5;BOUNDARY_AUDIT_INSUFFICIENT_TO_RESOLVE
HPL00237	MONO_AT	EMPIRICALLY_VALIDATED_EXACT	NOT_APPLICABLE_UNCALLABLE_OR_INELIGIBLE	INSUFFICIENT_TO_RESOLVE	NO	NOT_ELIGIBLE	NOT_CALLABLE_OR_NOT_CALLER_ELIGIBLE_UNDER_G5;BOUNDARY_AUDIT_INSUFFICIENT_TO_RESOLVE
HPL00238	MONO_GC	SUPPORTED_BUT_ALLELE_DIVERSITY_LIMITED	NOT_APPLICABLE_UNCALLABLE_OR_INELIGIBLE	ORTHOLOGY_AMBIGUOUS	NO	NOT_ELIGIBLE	NOT_CALLABLE_OR_NOT_CALLER_ELIGIBLE_UNDER_G5;BOUNDARY_AUDIT_ORTHOLOGY_AMBIGUOUS
HPL00239	MONO_AT	EMPIRICALLY_VALIDATED_EXACT	PENDING_G7	BOUNDARY_STABLE	NO	ELIGIBLE	NA
HPL00240	MONO_AT	EMPIRICALLY_VALIDATED_EXACT	INELIGIBLE_PLATFORM_CONFOUNDED_CALLABILITY	BOUNDARY_STABLE	NO	NOT_ELIGIBLE	PLATFORM_CONFOUNDED_CALLABILITY
HPL00241	MONO_AT	EMPIRICALLY_VALIDATED_EXACT	PENDING_G7	BOUNDARY_STABLE	NO	ELIGIBLE	NA
HPL00242	MONO_AT	EMPIRICALLY_VALIDATED_EXACT	PENDING_G7	BOUNDARY_STABLE	NO	ELIGIBLE	NA
HPL00243	MONO_AT	EMPIRICALLY_VALIDATED_EXACT	PENDING_G7	BOUNDARY_STABLE	NO	ELIGIBLE	NA
HPL00244	MONO_AT	EMPIRICALLY_VALIDATED_EXACT	PENDING_G7	BOUNDARY_STABLE	NO	ELIGIBLE	NA
HPL00245	MONO_AT	EMPIRICALLY_VALIDATED_EXACT	PENDING_G7	BOUNDARY_STABLE	NO	ELIGIBLE	NA
HPL00246	MONO_AT	EMPIRICALLY_VALIDATED_EXACT	PENDING_G7	BOUNDARY_STABLE	NO	ELIGIBLE	NA
HPL00247	MONO_AT	EMPIRICALLY_VALIDATED_EXACT	PENDING_G7	BOUNDARY_STABLE	NO	ELIGIBLE	NA
HPL00248	MONO_AT	EMPIRICALLY_VALIDATED_EXACT	NOT_APPLICABLE_UNCALLABLE_OR_INELIGIBLE	ORTHOLOGY_AMBIGUOUS	NO	NOT_ELIGIBLE	NOT_CALLABLE_OR_NOT_CALLER_ELIGIBLE_UNDER_G5;BOUNDARY_AUDIT_ORTHOLOGY_AMBIGUOUS
HPL00249	MONO_AT	EMPIRICALLY_VALIDATED_EXACT	INELIGIBLE_PLATFORM_CONFOUNDED_CALLABILITY	BOUNDARY_STABLE	NO	NOT_ELIGIBLE	PLATFORM_CONFOUNDED_CALLABILITY
HPL00250	MONO_AT	EMPIRICALLY_VALIDATED_EXACT	INELIGIBLE_PLATFORM_CONFOUNDED_CALLABILITY	BOUNDARY_STABLE	NO	NOT_ELIGIBLE	PLATFORM_CONFOUNDED_CALLABILITY
HPL00251	MONO_AT	EMPIRICALLY_VALIDATED_EXACT	PENDING_G7	BOUNDARY_STABLE	NO	ELIGIBLE	NA
HPL00252	MONO_AT	EMPIRICALLY_VALIDATED_EXACT	INELIGIBLE_PLATFORM_CONFOUNDED_CALLABILITY	BOUNDARY_STABLE	NO	NOT_ELIGIBLE	PLATFORM_CONFOUNDED_CALLABILITY
HPL00253	MONO_AT	EMPIRICALLY_VALIDATED_EXACT	PENDING_G7	ORTHOLOGY_AMBIGUOUS	NO	NOT_ELIGIBLE	BOUNDARY_AUDIT_ORTHOLOGY_AMBIGUOUS
HPL00254	MONO_AT	EMPIRICALLY_VALIDATED_EXACT	INELIGIBLE_PLATFORM_CONFOUNDED_CALLABILITY	BOUNDARY_STABLE	NO	NOT_ELIGIBLE	PLATFORM_CONFOUNDED_CALLABILITY
HPL00255	MONO_AT	EMPIRICALLY_VALIDATED_EXACT	PENDING_G7	INSUFFICIENT_TO_RESOLVE	NO	NOT_ELIGIBLE	BOUNDARY_AUDIT_INSUFFICIENT_TO_RESOLVE
HPL00256	MOTIF_GE4	SUPPORTED_BUT_ALLELE_DIVERSITY_LIMITED	PENDING_G7	BOUNDARY_AMBIGUOUS	NO	NOT_ELIGIBLE	BOUNDARY_AUDIT_BOUNDARY_AMBIGUOUS
HPL00257	MONO_AT	EMPIRICALLY_VALIDATED_EXACT	PENDING_G7	ORTHOLOGY_AMBIGUOUS	NO	NOT_ELIGIBLE	BOUNDARY_AUDIT_ORTHOLOGY_AMBIGUOUS
HPL00258	MONO_AT	EMPIRICALLY_VALIDATED_EXACT	PENDING_G7	BOUNDARY_AMBIGUOUS	NO	NOT_ELIGIBLE	BOUNDARY_AUDIT_BOUNDARY_AMBIGUOUS
HPL00259	MONO_AT	EMPIRICALLY_VALIDATED_EXACT	PENDING_G7	BOUNDARY_STABLE	NO	ELIGIBLE	NA
HPL00260	MONO_AT	EMPIRICALLY_VALIDATED_EXACT	NOT_APPLICABLE_UNCALLABLE_OR_INELIGIBLE	BOUNDARY_STABLE	NO	NOT_ELIGIBLE	NOT_CALLABLE_OR_NOT_CALLER_ELIGIBLE_UNDER_G5
HPL00261	MONO_AT	EMPIRICALLY_VALIDATED_EXACT	PENDING_G7	BOUNDARY_STABLE	NO	ELIGIBLE	NA
HPL00262	MONO_AT	EMPIRICALLY_VALIDATED_EXACT	PENDING_G7	BOUNDARY_STABLE	NO	ELIGIBLE	NA
HPL00263	MONO_AT	EMPIRICALLY_VALIDATED_EXACT	INELIGIBLE_PLATFORM_CONFOUNDED_CALLABILITY	ORTHOLOGY_AMBIGUOUS	NO	NOT_ELIGIBLE	PLATFORM_CONFOUNDED_CALLABILITY;BOUNDARY_AUDIT_ORTHOLOGY_AMBIGUOUS
HPL00264	MONO_AT	EMPIRICALLY_VALIDATED_EXACT	PENDING_G7	BOUNDARY_STABLE	NO	ELIGIBLE	NA
HPL00265	MONO_AT	EMPIRICALLY_VALIDATED_EXACT	NOT_APPLICABLE_UNCALLABLE_OR_INELIGIBLE	INSUFFICIENT_TO_RESOLVE	NO	NOT_ELIGIBLE	NOT_CALLABLE_OR_NOT_CALLER_ELIGIBLE_UNDER_G5;BOUNDARY_AUDIT_INSUFFICIENT_TO_RESOLVE
HPL00266	DINUCLEOTIDE	SUPPORTED_BUT_ALLELE_DIVERSITY_LIMITED	NOT_APPLICABLE_UNCALLABLE_OR_INELIGIBLE	INSUFFICIENT_TO_RESOLVE	NO	NOT_ELIGIBLE	NOT_CALLABLE_OR_NOT_CALLER_ELIGIBLE_UNDER_G5;BOUNDARY_AUDIT_INSUFFICIENT_TO_RESOLVE
HPL00267	MONO_AT	EMPIRICALLY_VALIDATED_EXACT	PENDING_G7	BOUNDARY_STABLE	NO	ELIGIBLE	NA
HPL00268	MONO_AT	EMPIRICALLY_VALIDATED_EXACT	NOT_APPLICABLE_UNCALLABLE_OR_INELIGIBLE	ORTHOLOGY_AMBIGUOUS	NO	NOT_ELIGIBLE	NOT_CALLABLE_OR_NOT_CALLER_ELIGIBLE_UNDER_G5;BOUNDARY_AUDIT_ORTHOLOGY_AMBIGUOUS
HPL00269	MONO_AT	EMPIRICALLY_VALIDATED_EXACT	NOT_APPLICABLE_UNCALLABLE_OR_INELIGIBLE	ORTHOLOGY_AMBIGUOUS	NO	NOT_ELIGIBLE	NOT_CALLABLE_OR_NOT_CALLER_ELIGIBLE_UNDER_G5;BOUNDARY_AUDIT_ORTHOLOGY_AMBIGUOUS
HPL00270	MONO_AT	EMPIRICALLY_VALIDATED_EXACT	PENDING_G7	BOUNDARY_STABLE	NO	ELIGIBLE	NA
HPL00271	MONO_AT	EMPIRICALLY_VALIDATED_EXACT	PENDING_G7	BOUNDARY_AMBIGUOUS	NO	NOT_ELIGIBLE	BOUNDARY_AUDIT_BOUNDARY_AMBIGUOUS
HPL00272	MONO_AT	EMPIRICALLY_VALIDATED_EXACT	NOT_APPLICABLE_UNCALLABLE_OR_INELIGIBLE	INSUFFICIENT_TO_RESOLVE	NO	NOT_ELIGIBLE	NOT_CALLABLE_OR_NOT_CALLER_ELIGIBLE_UNDER_G5;BOUNDARY_AUDIT_INSUFFICIENT_TO_RESOLVE
HPL00273	MONO_AT	EMPIRICALLY_VALIDATED_EXACT	PENDING_G7	BOUNDARY_STABLE	NO	ELIGIBLE	NA
HPL00274	MONO_AT	EMPIRICALLY_VALIDATED_EXACT	PENDING_G7	BOUNDARY_STABLE	NO	ELIGIBLE	NA
HPL00275	MONO_AT	EMPIRICALLY_VALIDATED_EXACT	PENDING_G7	BOUNDARY_STABLE	NO	ELIGIBLE	NA
HPL00276	MONO_AT	EMPIRICALLY_VALIDATED_EXACT	PENDING_G7	BOUNDARY_STABLE	NO	ELIGIBLE	NA
HPL00277	MONO_AT	EMPIRICALLY_VALIDATED_EXACT	PENDING_G7	BOUNDARY_STABLE	NO	ELIGIBLE	NA
HPL00278	MONO_GC	SUPPORTED_BUT_ALLELE_DIVERSITY_LIMITED	NOT_APPLICABLE_UNCALLABLE_OR_INELIGIBLE	INSUFFICIENT_TO_RESOLVE	NO	NOT_ELIGIBLE	NOT_CALLABLE_OR_NOT_CALLER_ELIGIBLE_UNDER_G5;BOUNDARY_AUDIT_INSUFFICIENT_TO_RESOLVE
HPL00279	MONO_AT	EMPIRICALLY_VALIDATED_EXACT	NOT_APPLICABLE_UNCALLABLE_OR_INELIGIBLE	INSUFFICIENT_TO_RESOLVE	NO	NOT_ELIGIBLE	NOT_CALLABLE_OR_NOT_CALLER_ELIGIBLE_UNDER_G5;BOUNDARY_AUDIT_INSUFFICIENT_TO_RESOLVE
HPL00280	MONO_AT	EMPIRICALLY_VALIDATED_EXACT	NOT_APPLICABLE_UNCALLABLE_OR_INELIGIBLE	INSUFFICIENT_TO_RESOLVE	NO	NOT_ELIGIBLE	NOT_CALLABLE_OR_NOT_CALLER_ELIGIBLE_UNDER_G5;BOUNDARY_AUDIT_INSUFFICIENT_TO_RESOLVE
HPL00281	MONO_AT	EMPIRICALLY_VALIDATED_EXACT	NOT_APPLICABLE_UNCALLABLE_OR_INELIGIBLE	INSUFFICIENT_TO_RESOLVE	NO	NOT_ELIGIBLE	NOT_CALLABLE_OR_NOT_CALLER_ELIGIBLE_UNDER_G5;BOUNDARY_AUDIT_INSUFFICIENT_TO_RESOLVE
HPL00282	MONO_AT	EMPIRICALLY_VALIDATED_EXACT	NOT_APPLICABLE_UNCALLABLE_OR_INELIGIBLE	INSUFFICIENT_TO_RESOLVE	NO	NOT_ELIGIBLE	NOT_CALLABLE_OR_NOT_CALLER_ELIGIBLE_UNDER_G5;BOUNDARY_AUDIT_INSUFFICIENT_TO_RESOLVE
HPL00283	MONO_AT	EMPIRICALLY_VALIDATED_EXACT	NOT_APPLICABLE_UNCALLABLE_OR_INELIGIBLE	INSUFFICIENT_TO_RESOLVE	NO	NOT_ELIGIBLE	NOT_CALLABLE_OR_NOT_CALLER_ELIGIBLE_UNDER_G5;BOUNDARY_AUDIT_INSUFFICIENT_TO_RESOLVE
HPL00284	MONO_AT	EMPIRICALLY_VALIDATED_EXACT	NOT_APPLICABLE_UNCALLABLE_OR_INELIGIBLE	ORTHOLOGY_AMBIGUOUS	NO	NOT_ELIGIBLE	NOT_CALLABLE_OR_NOT_CALLER_ELIGIBLE_UNDER_G5;BOUNDARY_AUDIT_ORTHOLOGY_AMBIGUOUS
HPL00285	DINUCLEOTIDE	SUPPORTED_BUT_ALLELE_DIVERSITY_LIMITED	NOT_APPLICABLE_UNCALLABLE_OR_INELIGIBLE	ORTHOLOGY_AMBIGUOUS	NO	NOT_ELIGIBLE	NOT_CALLABLE_OR_NOT_CALLER_ELIGIBLE_UNDER_G5;BOUNDARY_AUDIT_ORTHOLOGY_AMBIGUOUS
HPL00286	MONO_AT	EMPIRICALLY_VALIDATED_EXACT	NOT_APPLICABLE_UNCALLABLE_OR_INELIGIBLE	ORTHOLOGY_AMBIGUOUS	NO	NOT_ELIGIBLE	NOT_CALLABLE_OR_NOT_CALLER_ELIGIBLE_UNDER_G5;BOUNDARY_AUDIT_ORTHOLOGY_AMBIGUOUS
HPL00287	MONO_AT	EMPIRICALLY_VALIDATED_EXACT	INELIGIBLE_PLATFORM_CONFOUNDED_CALLABILITY	BOUNDARY_STABLE	NO	NOT_ELIGIBLE	PLATFORM_CONFOUNDED_CALLABILITY
HPL00288	MONO_AT	EMPIRICALLY_VALIDATED_EXACT	PENDING_G7	BOUNDARY_STABLE	NO	ELIGIBLE	NA
HPL00289	MONO_AT	EMPIRICALLY_VALIDATED_EXACT	PENDING_G7	BOUNDARY_STABLE	NO	ELIGIBLE	NA
HPL00290	MONO_AT	EMPIRICALLY_VALIDATED_EXACT	PENDING_G7	BOUNDARY_STABLE	NO	ELIGIBLE	NA
HPL00291	MONO_GC	SUPPORTED_BUT_ALLELE_DIVERSITY_LIMITED	PENDING_G7	BOUNDARY_STABLE	NO	ELIGIBLE_FLAGGED_PROVISIONAL	NA
HPL00292	MONO_AT	EMPIRICALLY_VALIDATED_EXACT	PENDING_G7	BOUNDARY_STABLE	NO	ELIGIBLE	NA
HPL00293	MONO_AT	EMPIRICALLY_VALIDATED_EXACT	PENDING_G7	BOUNDARY_STABLE	NO	ELIGIBLE	NA
HPL00294	MONO_AT	EMPIRICALLY_VALIDATED_EXACT	PENDING_G7	BOUNDARY_AMBIGUOUS	NO	NOT_ELIGIBLE	BOUNDARY_AUDIT_BOUNDARY_AMBIGUOUS
HPL00295	MONO_AT	EMPIRICALLY_VALIDATED_EXACT	INELIGIBLE_PLATFORM_CONFOUNDED_CALLABILITY	BOUNDARY_STABLE	NO	NOT_ELIGIBLE	PLATFORM_CONFOUNDED_CALLABILITY
HPL00296	TRINUCLEOTIDE	SUPPORTED_BUT_ALLELE_DIVERSITY_LIMITED	INELIGIBLE_PLATFORM_CONFOUNDED_CALLABILITY	ORTHOLOGY_AMBIGUOUS	NO	NOT_ELIGIBLE	PLATFORM_CONFOUNDED_CALLABILITY;BOUNDARY_AUDIT_ORTHOLOGY_AMBIGUOUS
HPL00297	MONO_AT	EMPIRICALLY_VALIDATED_EXACT	PENDING_G7	BOUNDARY_STABLE	NO	ELIGIBLE	NA
HPL00298	MONO_GC	SUPPORTED_BUT_ALLELE_DIVERSITY_LIMITED	PENDING_G7	ORTHOLOGY_AMBIGUOUS	NO	NOT_ELIGIBLE	BOUNDARY_AUDIT_ORTHOLOGY_AMBIGUOUS
HPL00299	TRINUCLEOTIDE	SUPPORTED_BUT_ALLELE_DIVERSITY_LIMITED	PENDING_G7	BOUNDARY_STABLE	NO	ELIGIBLE_FLAGGED_PROVISIONAL	NA
HPL00300	MONO_AT	EMPIRICALLY_VALIDATED_EXACT	NOT_APPLICABLE_UNCALLABLE_OR_INELIGIBLE	ORTHOLOGY_AMBIGUOUS	NO	NOT_ELIGIBLE	NOT_CALLABLE_OR_NOT_CALLER_ELIGIBLE_UNDER_G5;BOUNDARY_AUDIT_ORTHOLOGY_AMBIGUOUS
HPL00301	MONO_AT	EMPIRICALLY_VALIDATED_EXACT	PENDING_G7	BOUNDARY_STABLE	NO	ELIGIBLE	NA
HPL00302	MONO_AT	EMPIRICALLY_VALIDATED_EXACT	PENDING_G7	ORTHOLOGY_AMBIGUOUS	NO	NOT_ELIGIBLE	BOUNDARY_AUDIT_ORTHOLOGY_AMBIGUOUS
HPL00303	MONO_AT	EMPIRICALLY_VALIDATED_EXACT	PENDING_G7	BOUNDARY_STABLE	NO	ELIGIBLE	NA
HPL00304	MONO_AT	EMPIRICALLY_VALIDATED_EXACT	PENDING_G7	BOUNDARY_STABLE	NO	ELIGIBLE	NA
HPL00305	MONO_AT	EMPIRICALLY_VALIDATED_EXACT	PENDING_G7	BOUNDARY_STABLE	NO	ELIGIBLE	NA
HPL00306	MONO_AT	EMPIRICALLY_VALIDATED_EXACT	PENDING_G7	BOUNDARY_STABLE	NO	ELIGIBLE	NA
HPL00307	MONO_AT	EMPIRICALLY_VALIDATED_EXACT	NOT_APPLICABLE_UNCALLABLE_OR_INELIGIBLE	ORTHOLOGY_AMBIGUOUS	NO	NOT_ELIGIBLE	NOT_CALLABLE_OR_NOT_CALLER_ELIGIBLE_UNDER_G5;BOUNDARY_AUDIT_ORTHOLOGY_AMBIGUOUS
HPL00308	MONO_AT	EMPIRICALLY_VALIDATED_EXACT	INELIGIBLE_PLATFORM_CONFOUNDED_CALLABILITY	BOUNDARY_STABLE	NO	NOT_ELIGIBLE	PLATFORM_CONFOUNDED_CALLABILITY
HPL00309	MONO_AT	EMPIRICALLY_VALIDATED_EXACT	NOT_APPLICABLE_UNCALLABLE_OR_INELIGIBLE	BOUNDARY_STABLE	NO	NOT_ELIGIBLE	NOT_CALLABLE_OR_NOT_CALLER_ELIGIBLE_UNDER_G5
HPL00310	DINUCLEOTIDE	SUPPORTED_BUT_ALLELE_DIVERSITY_LIMITED	PENDING_G7	ORTHOLOGY_AMBIGUOUS	NO	NOT_ELIGIBLE	BOUNDARY_AUDIT_ORTHOLOGY_AMBIGUOUS
HPL00311	MONO_AT	EMPIRICALLY_VALIDATED_EXACT	PENDING_G7	BOUNDARY_STABLE	NO	ELIGIBLE	NA
HPL00312	TRINUCLEOTIDE	SUPPORTED_BUT_ALLELE_DIVERSITY_LIMITED	PENDING_G7	BOUNDARY_STABLE	NO	ELIGIBLE_FLAGGED_PROVISIONAL	NA
HPL00313	MONO_AT	EMPIRICALLY_VALIDATED_EXACT	PENDING_G7	BOUNDARY_STABLE	NO	ELIGIBLE	NA
HPL00314	MONO_AT	EMPIRICALLY_VALIDATED_EXACT	PENDING_G7	BOUNDARY_STABLE	NO	ELIGIBLE	NA
HPL00315	MONO_AT	EMPIRICALLY_VALIDATED_EXACT	NOT_APPLICABLE_UNCALLABLE_OR_INELIGIBLE	INSUFFICIENT_TO_RESOLVE	NO	NOT_ELIGIBLE	NOT_CALLABLE_OR_NOT_CALLER_ELIGIBLE_UNDER_G5;BOUNDARY_AUDIT_INSUFFICIENT_TO_RESOLVE
HPL00316	MONO_AT	EMPIRICALLY_VALIDATED_EXACT	PENDING_G7	BOUNDARY_STABLE	NO	ELIGIBLE	NA
HPL00317	MONO_AT	EMPIRICALLY_VALIDATED_EXACT	NOT_APPLICABLE_UNCALLABLE_OR_INELIGIBLE	BOUNDARY_STABLE	NO	NOT_ELIGIBLE	NOT_CALLABLE_OR_NOT_CALLER_ELIGIBLE_UNDER_G5
HPL00318	MONO_AT	EMPIRICALLY_VALIDATED_EXACT	PENDING_G7	BOUNDARY_STABLE	NO	ELIGIBLE	NA
HPL00319	MONO_AT	EMPIRICALLY_VALIDATED_EXACT	PENDING_G7	BOUNDARY_STABLE	NO	ELIGIBLE	NA
HPL00320	MONO_AT	EMPIRICALLY_VALIDATED_EXACT	NOT_APPLICABLE_UNCALLABLE_OR_INELIGIBLE	BOUNDARY_STABLE	NO	NOT_ELIGIBLE	NOT_CALLABLE_OR_NOT_CALLER_ELIGIBLE_UNDER_G5
HPL00321	MONO_AT	EMPIRICALLY_VALIDATED_EXACT	PENDING_G7	BOUNDARY_STABLE	NO	ELIGIBLE	NA
HPL00322	MONO_AT	EMPIRICALLY_VALIDATED_EXACT	PENDING_G7	BOUNDARY_STABLE	NO	ELIGIBLE	NA
HPL00323	DINUCLEOTIDE	SUPPORTED_BUT_ALLELE_DIVERSITY_LIMITED	NOT_APPLICABLE_UNCALLABLE_OR_INELIGIBLE	INSUFFICIENT_TO_RESOLVE	NO	NOT_ELIGIBLE	NOT_CALLABLE_OR_NOT_CALLER_ELIGIBLE_UNDER_G5;BOUNDARY_AUDIT_INSUFFICIENT_TO_RESOLVE
HPL00324	MOTIF_GE4	SUPPORTED_BUT_ALLELE_DIVERSITY_LIMITED	NOT_APPLICABLE_UNCALLABLE_OR_INELIGIBLE	INSUFFICIENT_TO_RESOLVE	NO	NOT_ELIGIBLE	NOT_CALLABLE_OR_NOT_CALLER_ELIGIBLE_UNDER_G5;BOUNDARY_AUDIT_INSUFFICIENT_TO_RESOLVE
HPL00325	MONO_AT	EMPIRICALLY_VALIDATED_EXACT	PENDING_G7	BOUNDARY_STABLE	NO	ELIGIBLE	NA
HPL00326	MONO_AT	EMPIRICALLY_VALIDATED_EXACT	NOT_APPLICABLE_UNCALLABLE_OR_INELIGIBLE	BOUNDARY_AMBIGUOUS	NO	NOT_ELIGIBLE	NOT_CALLABLE_OR_NOT_CALLER_ELIGIBLE_UNDER_G5;BOUNDARY_AUDIT_BOUNDARY_AMBIGUOUS
HPL00327	MONO_AT	EMPIRICALLY_VALIDATED_EXACT	NOT_APPLICABLE_UNCALLABLE_OR_INELIGIBLE	BOUNDARY_AMBIGUOUS	NO	NOT_ELIGIBLE	NOT_CALLABLE_OR_NOT_CALLER_ELIGIBLE_UNDER_G5;BOUNDARY_AUDIT_BOUNDARY_AMBIGUOUS
HPL00328	MOTIF_GE4	SUPPORTED_BUT_ALLELE_DIVERSITY_LIMITED	NOT_APPLICABLE_UNCALLABLE_OR_INELIGIBLE	BOUNDARY_STABLE	NO	NOT_ELIGIBLE	NOT_CALLABLE_OR_NOT_CALLER_ELIGIBLE_UNDER_G5
HPL00329	MONO_AT	EMPIRICALLY_VALIDATED_EXACT	PENDING_G7	BOUNDARY_STABLE	NO	ELIGIBLE	NA
HPL00330	MONO_GC	SUPPORTED_BUT_ALLELE_DIVERSITY_LIMITED	PENDING_G7	BOUNDARY_STABLE	NO	ELIGIBLE_FLAGGED_PROVISIONAL	NA
HPL00331	MONO_AT	EMPIRICALLY_VALIDATED_EXACT	INELIGIBLE_PLATFORM_CONFOUNDED_CALLABILITY	INSUFFICIENT_TO_RESOLVE	NO	NOT_ELIGIBLE	PLATFORM_CONFOUNDED_CALLABILITY;BOUNDARY_AUDIT_INSUFFICIENT_TO_RESOLVE
HPL00332	MONO_AT	EMPIRICALLY_VALIDATED_EXACT	PENDING_G7	BOUNDARY_STABLE	NO	ELIGIBLE	NA
HPL00333	MONO_AT	EMPIRICALLY_VALIDATED_EXACT	PENDING_G7	BOUNDARY_STABLE	NO	ELIGIBLE	NA
HPL00334	MONO_AT	EMPIRICALLY_VALIDATED_EXACT	PENDING_G7	INSUFFICIENT_TO_RESOLVE	NO	NOT_ELIGIBLE	BOUNDARY_AUDIT_INSUFFICIENT_TO_RESOLVE
HPL00335	MONO_AT	EMPIRICALLY_VALIDATED_EXACT	NOT_APPLICABLE_UNCALLABLE_OR_INELIGIBLE	ORTHOLOGY_AMBIGUOUS	NO	NOT_ELIGIBLE	NOT_CALLABLE_OR_NOT_CALLER_ELIGIBLE_UNDER_G5;BOUNDARY_AUDIT_ORTHOLOGY_AMBIGUOUS
HPL00336	MONO_AT	EMPIRICALLY_VALIDATED_EXACT	INELIGIBLE_PLATFORM_CONFOUNDED_CALLABILITY	ORTHOLOGY_AMBIGUOUS	NO	NOT_ELIGIBLE	PLATFORM_CONFOUNDED_CALLABILITY;BOUNDARY_AUDIT_ORTHOLOGY_AMBIGUOUS
HPL00337	MONO_AT	EMPIRICALLY_VALIDATED_EXACT	PENDING_G7	BOUNDARY_STABLE	NO	ELIGIBLE	NA
HPL00338	MONO_AT	EMPIRICALLY_VALIDATED_EXACT	PENDING_G7	ORTHOLOGY_AMBIGUOUS	NO	NOT_ELIGIBLE	BOUNDARY_AUDIT_ORTHOLOGY_AMBIGUOUS
HPL00339	MONO_AT	EMPIRICALLY_VALIDATED_EXACT	INELIGIBLE_PLATFORM_CONFOUNDED_CALLABILITY	BOUNDARY_STABLE	NO	NOT_ELIGIBLE	PLATFORM_CONFOUNDED_CALLABILITY
HPL00340	TRINUCLEOTIDE	SUPPORTED_BUT_ALLELE_DIVERSITY_LIMITED	PENDING_G7	BOUNDARY_AMBIGUOUS	NO	NOT_ELIGIBLE	BOUNDARY_AUDIT_BOUNDARY_AMBIGUOUS
HPL00341	MONO_AT	EMPIRICALLY_VALIDATED_EXACT	PENDING_G7	BOUNDARY_STABLE	NO	ELIGIBLE	NA
HPL00342	MONO_AT	EMPIRICALLY_VALIDATED_EXACT	PENDING_G7	BOUNDARY_STABLE	NO	ELIGIBLE	NA
HPL00343	MONO_AT	EMPIRICALLY_VALIDATED_EXACT	PENDING_G7	INSUFFICIENT_TO_RESOLVE	NO	NOT_ELIGIBLE	BOUNDARY_AUDIT_INSUFFICIENT_TO_RESOLVE
HPL00344	MONO_AT	EMPIRICALLY_VALIDATED_EXACT	PENDING_G7	BOUNDARY_STABLE	NO	ELIGIBLE	NA
HPL00345	MONO_AT	EMPIRICALLY_VALIDATED_EXACT	PENDING_G7	BOUNDARY_STABLE	NO	ELIGIBLE	NA
HPL00346	MONO_AT	EMPIRICALLY_VALIDATED_EXACT	PENDING_G7	ORTHOLOGY_AMBIGUOUS	NO	NOT_ELIGIBLE	BOUNDARY_AUDIT_ORTHOLOGY_AMBIGUOUS
HPL00347	MONO_AT	EMPIRICALLY_VALIDATED_EXACT	PENDING_G7	BOUNDARY_STABLE	NO	ELIGIBLE	NA
HPL00348	MONO_AT	EMPIRICALLY_VALIDATED_EXACT	NOT_APPLICABLE_UNCALLABLE_OR_INELIGIBLE	ORTHOLOGY_AMBIGUOUS	NO	NOT_ELIGIBLE	NOT_CALLABLE_OR_NOT_CALLER_ELIGIBLE_UNDER_G5;BOUNDARY_AUDIT_ORTHOLOGY_AMBIGUOUS
HPL00349	MONO_AT	EMPIRICALLY_VALIDATED_EXACT	PENDING_G7	ORTHOLOGY_AMBIGUOUS	NO	NOT_ELIGIBLE	BOUNDARY_AUDIT_ORTHOLOGY_AMBIGUOUS
HPL00350	MONO_AT	EMPIRICALLY_VALIDATED_EXACT	PENDING_G7	BOUNDARY_STABLE	NO	ELIGIBLE	NA
HPL00351	MONO_AT	EMPIRICALLY_VALIDATED_EXACT	PENDING_G7	BOUNDARY_STABLE	NO	ELIGIBLE	NA
HPL00352	MONO_AT	EMPIRICALLY_VALIDATED_EXACT	PENDING_G7	BOUNDARY_STABLE	NO	ELIGIBLE	NA
HPL00353	MONO_AT	EMPIRICALLY_VALIDATED_EXACT	PENDING_G7	BOUNDARY_STABLE	NO	ELIGIBLE	NA
HPL00354	MONO_AT	EMPIRICALLY_VALIDATED_EXACT	PENDING_G7	BOUNDARY_STABLE	NO	ELIGIBLE	NA
HPL00355	TRINUCLEOTIDE	SUPPORTED_BUT_ALLELE_DIVERSITY_LIMITED	INELIGIBLE_PLATFORM_CONFOUNDED_CALLABILITY	ORTHOLOGY_AMBIGUOUS	NO	NOT_ELIGIBLE	PLATFORM_CONFOUNDED_CALLABILITY;BOUNDARY_AUDIT_ORTHOLOGY_AMBIGUOUS
HPL00356	MONO_AT	EMPIRICALLY_VALIDATED_EXACT	INELIGIBLE_PLATFORM_CONFOUNDED_CALLABILITY	ORTHOLOGY_AMBIGUOUS	NO	NOT_ELIGIBLE	PLATFORM_CONFOUNDED_CALLABILITY;BOUNDARY_AUDIT_ORTHOLOGY_AMBIGUOUS
HPL00357	MONO_AT	EMPIRICALLY_VALIDATED_EXACT	PENDING_G7	BOUNDARY_STABLE	NO	ELIGIBLE	NA
HPL00358	MONO_AT	EMPIRICALLY_VALIDATED_EXACT	PENDING_G7	INSUFFICIENT_TO_RESOLVE	NO	NOT_ELIGIBLE	BOUNDARY_AUDIT_INSUFFICIENT_TO_RESOLVE
HPL00359	MONO_AT	EMPIRICALLY_VALIDATED_EXACT	PENDING_G7	ORTHOLOGY_AMBIGUOUS	NO	NOT_ELIGIBLE	BOUNDARY_AUDIT_ORTHOLOGY_AMBIGUOUS
HPL00360	MONO_AT	EMPIRICALLY_VALIDATED_EXACT	PENDING_G7	BOUNDARY_STABLE	NO	ELIGIBLE	NA
HPL00361	MONO_AT	EMPIRICALLY_VALIDATED_EXACT	PENDING_G7	BOUNDARY_STABLE	NO	ELIGIBLE	NA
HPL00362	MONO_AT	EMPIRICALLY_VALIDATED_EXACT	NOT_APPLICABLE_UNCALLABLE_OR_INELIGIBLE	ORTHOLOGY_AMBIGUOUS	NO	NOT_ELIGIBLE	NOT_CALLABLE_OR_NOT_CALLER_ELIGIBLE_UNDER_G5;BOUNDARY_AUDIT_ORTHOLOGY_AMBIGUOUS
HPL00363	MONO_AT	EMPIRICALLY_VALIDATED_EXACT	PENDING_G7	ORTHOLOGY_AMBIGUOUS	NO	NOT_ELIGIBLE	BOUNDARY_AUDIT_ORTHOLOGY_AMBIGUOUS
HPL00364	MONO_AT	EMPIRICALLY_VALIDATED_EXACT	PENDING_G7	BOUNDARY_STABLE	NO	ELIGIBLE	NA
HPL00365	MONO_AT	EMPIRICALLY_VALIDATED_EXACT	PENDING_G7	BOUNDARY_STABLE	NO	ELIGIBLE	NA
HPL00366	MONO_AT	EMPIRICALLY_VALIDATED_EXACT	NOT_APPLICABLE_UNCALLABLE_OR_INELIGIBLE	ORTHOLOGY_AMBIGUOUS	NO	NOT_ELIGIBLE	NOT_CALLABLE_OR_NOT_CALLER_ELIGIBLE_UNDER_G5;BOUNDARY_AUDIT_ORTHOLOGY_AMBIGUOUS
HPL00367	MONO_AT	EMPIRICALLY_VALIDATED_EXACT	NOT_APPLICABLE_UNCALLABLE_OR_INELIGIBLE	ORTHOLOGY_AMBIGUOUS	NO	NOT_ELIGIBLE	NOT_CALLABLE_OR_NOT_CALLER_ELIGIBLE_UNDER_G5;BOUNDARY_AUDIT_ORTHOLOGY_AMBIGUOUS
HPL00368	MONO_AT	EMPIRICALLY_VALIDATED_EXACT	INELIGIBLE_PLATFORM_CONFOUNDED_CALLABILITY	BOUNDARY_STABLE	NO	NOT_ELIGIBLE	PLATFORM_CONFOUNDED_CALLABILITY
HPL00369	MONO_AT	EMPIRICALLY_VALIDATED_EXACT	PENDING_G7	BOUNDARY_STABLE	NO	ELIGIBLE	NA
HPL00370	MONO_AT	EMPIRICALLY_VALIDATED_EXACT	PENDING_G7	BOUNDARY_STABLE	NO	ELIGIBLE	NA
HPL00371	MONO_AT	EMPIRICALLY_VALIDATED_EXACT	INELIGIBLE_PLATFORM_CONFOUNDED_CALLABILITY	BOUNDARY_STABLE	NO	NOT_ELIGIBLE	PLATFORM_CONFOUNDED_CALLABILITY
HPL00372	MONO_AT	EMPIRICALLY_VALIDATED_EXACT	NOT_APPLICABLE_UNCALLABLE_OR_INELIGIBLE	INSUFFICIENT_TO_RESOLVE	NO	NOT_ELIGIBLE	NOT_CALLABLE_OR_NOT_CALLER_ELIGIBLE_UNDER_G5;BOUNDARY_AUDIT_INSUFFICIENT_TO_RESOLVE
HPL00373	MONO_AT	EMPIRICALLY_VALIDATED_EXACT	NOT_APPLICABLE_UNCALLABLE_OR_INELIGIBLE	INSUFFICIENT_TO_RESOLVE	NO	NOT_ELIGIBLE	NOT_CALLABLE_OR_NOT_CALLER_ELIGIBLE_UNDER_G5;BOUNDARY_AUDIT_INSUFFICIENT_TO_RESOLVE
HPL00374	MONO_AT	EMPIRICALLY_VALIDATED_EXACT	PENDING_G7	BOUNDARY_AMBIGUOUS	NO	NOT_ELIGIBLE	BOUNDARY_AUDIT_BOUNDARY_AMBIGUOUS
HPL00375	TRINUCLEOTIDE	SUPPORTED_BUT_ALLELE_DIVERSITY_LIMITED	PENDING_G7	ORTHOLOGY_AMBIGUOUS	NO	NOT_ELIGIBLE	BOUNDARY_AUDIT_ORTHOLOGY_AMBIGUOUS
HPL00376	MONO_AT	EMPIRICALLY_VALIDATED_EXACT	PENDING_G7	BOUNDARY_STABLE	NO	ELIGIBLE	NA
HPL00377	MONO_AT	EMPIRICALLY_VALIDATED_EXACT	PENDING_G7	BOUNDARY_STABLE	NO	ELIGIBLE	NA
HPL00378	MONO_AT	EMPIRICALLY_VALIDATED_EXACT	PENDING_G7	BOUNDARY_STABLE	NO	ELIGIBLE	NA
HPL00379	MONO_AT	EMPIRICALLY_VALIDATED_EXACT	PENDING_G7	BOUNDARY_STABLE	NO	ELIGIBLE	NA
HPL00380	MONO_AT	EMPIRICALLY_VALIDATED_EXACT	PENDING_G7	BOUNDARY_STABLE	NO	ELIGIBLE	NA
HPL00381	MONO_GC	SUPPORTED_BUT_ALLELE_DIVERSITY_LIMITED	PENDING_G7	BOUNDARY_STABLE	NO	ELIGIBLE_FLAGGED_PROVISIONAL	NA
HPL00382	TRINUCLEOTIDE	SUPPORTED_BUT_ALLELE_DIVERSITY_LIMITED	PENDING_G7	ORTHOLOGY_AMBIGUOUS	NO	NOT_ELIGIBLE	BOUNDARY_AUDIT_ORTHOLOGY_AMBIGUOUS
HPL00383	MONO_AT	EMPIRICALLY_VALIDATED_EXACT	PENDING_G7	BOUNDARY_STABLE	NO	ELIGIBLE	NA
HPL00384	MONO_AT	EMPIRICALLY_VALIDATED_EXACT	NOT_APPLICABLE_UNCALLABLE_OR_INELIGIBLE	ORTHOLOGY_AMBIGUOUS	NO	NOT_ELIGIBLE	NOT_CALLABLE_OR_NOT_CALLER_ELIGIBLE_UNDER_G5;BOUNDARY_AUDIT_ORTHOLOGY_AMBIGUOUS
HPL00385	DINUCLEOTIDE	SUPPORTED_BUT_ALLELE_DIVERSITY_LIMITED	PENDING_G7	BOUNDARY_STABLE	NO	ELIGIBLE_FLAGGED_PROVISIONAL	NA
HPL00386	MONO_AT	EMPIRICALLY_VALIDATED_EXACT	PENDING_G7	BOUNDARY_STABLE	NO	ELIGIBLE	NA
HPL00387	TRINUCLEOTIDE	SUPPORTED_BUT_ALLELE_DIVERSITY_LIMITED	PENDING_G7	BOUNDARY_STABLE	NO	ELIGIBLE_FLAGGED_PROVISIONAL	NA
HPL00388	MONO_AT	EMPIRICALLY_VALIDATED_EXACT	PENDING_G7	BOUNDARY_AMBIGUOUS	NO	NOT_ELIGIBLE	BOUNDARY_AUDIT_BOUNDARY_AMBIGUOUS
HPL00389	MONO_AT	EMPIRICALLY_VALIDATED_EXACT	INELIGIBLE_PLATFORM_CONFOUNDED_CALLABILITY	BOUNDARY_STABLE	NO	NOT_ELIGIBLE	PLATFORM_CONFOUNDED_CALLABILITY
HPL00390	MONO_AT	EMPIRICALLY_VALIDATED_EXACT	PENDING_G7	BOUNDARY_STABLE	NO	ELIGIBLE	NA
HPL00391	MONO_AT	EMPIRICALLY_VALIDATED_EXACT	PENDING_G7	BOUNDARY_AMBIGUOUS	NO	NOT_ELIGIBLE	BOUNDARY_AUDIT_BOUNDARY_AMBIGUOUS
HPL00392	MONO_AT	EMPIRICALLY_VALIDATED_EXACT	PENDING_G7	BOUNDARY_STABLE	NO	ELIGIBLE	NA
HPL00393	MONO_AT	EMPIRICALLY_VALIDATED_EXACT	PENDING_G7	BOUNDARY_STABLE	NO	ELIGIBLE	NA
HPL00394	MONO_AT	EMPIRICALLY_VALIDATED_EXACT	NOT_APPLICABLE_UNCALLABLE_OR_INELIGIBLE	ORTHOLOGY_AMBIGUOUS	NO	NOT_ELIGIBLE	NOT_CALLABLE_OR_NOT_CALLER_ELIGIBLE_UNDER_G5;BOUNDARY_AUDIT_ORTHOLOGY_AMBIGUOUS
HPL00395	MONO_GC	SUPPORTED_BUT_ALLELE_DIVERSITY_LIMITED	NOT_APPLICABLE_UNCALLABLE_OR_INELIGIBLE	INSUFFICIENT_TO_RESOLVE	NO	NOT_ELIGIBLE	NOT_CALLABLE_OR_NOT_CALLER_ELIGIBLE_UNDER_G5;BOUNDARY_AUDIT_INSUFFICIENT_TO_RESOLVE
HPL00396	MONO_GC	SUPPORTED_BUT_ALLELE_DIVERSITY_LIMITED	NOT_APPLICABLE_UNCALLABLE_OR_INELIGIBLE	BOUNDARY_AMBIGUOUS	NO	NOT_ELIGIBLE	NOT_CALLABLE_OR_NOT_CALLER_ELIGIBLE_UNDER_G5;BOUNDARY_AUDIT_BOUNDARY_AMBIGUOUS
HPL00397	MONO_AT	EMPIRICALLY_VALIDATED_EXACT	NOT_APPLICABLE_UNCALLABLE_OR_INELIGIBLE	ORTHOLOGY_AMBIGUOUS	NO	NOT_ELIGIBLE	NOT_CALLABLE_OR_NOT_CALLER_ELIGIBLE_UNDER_G5;BOUNDARY_AUDIT_ORTHOLOGY_AMBIGUOUS
HPL00398	MONO_AT	EMPIRICALLY_VALIDATED_EXACT	NOT_APPLICABLE_UNCALLABLE_OR_INELIGIBLE	INSUFFICIENT_TO_RESOLVE	NO	NOT_ELIGIBLE	NOT_CALLABLE_OR_NOT_CALLER_ELIGIBLE_UNDER_G5;BOUNDARY_AUDIT_INSUFFICIENT_TO_RESOLVE
HPL00399	MONO_AT	EMPIRICALLY_VALIDATED_EXACT	NOT_APPLICABLE_UNCALLABLE_OR_INELIGIBLE	INSUFFICIENT_TO_RESOLVE	NO	NOT_ELIGIBLE	NOT_CALLABLE_OR_NOT_CALLER_ELIGIBLE_UNDER_G5;BOUNDARY_AUDIT_INSUFFICIENT_TO_RESOLVE
HPL00400	MONO_AT	EMPIRICALLY_VALIDATED_EXACT	NOT_APPLICABLE_UNCALLABLE_OR_INELIGIBLE	INSUFFICIENT_TO_RESOLVE	NO	NOT_ELIGIBLE	NOT_CALLABLE_OR_NOT_CALLER_ELIGIBLE_UNDER_G5;BOUNDARY_AUDIT_INSUFFICIENT_TO_RESOLVE
HPL00401	MONO_AT	EMPIRICALLY_VALIDATED_EXACT	NOT_APPLICABLE_UNCALLABLE_OR_INELIGIBLE	ORTHOLOGY_AMBIGUOUS	NO	NOT_ELIGIBLE	NOT_CALLABLE_OR_NOT_CALLER_ELIGIBLE_UNDER_G5;BOUNDARY_AUDIT_ORTHOLOGY_AMBIGUOUS
HPL00402	MONO_AT	EMPIRICALLY_VALIDATED_EXACT	NOT_APPLICABLE_UNCALLABLE_OR_INELIGIBLE	ORTHOLOGY_AMBIGUOUS	NO	NOT_ELIGIBLE	NOT_CALLABLE_OR_NOT_CALLER_ELIGIBLE_UNDER_G5;BOUNDARY_AUDIT_ORTHOLOGY_AMBIGUOUS
HPL00403	MONO_AT	EMPIRICALLY_VALIDATED_EXACT	PENDING_G7	BOUNDARY_STABLE	NO	ELIGIBLE	NA
HPL00404	MONO_AT	EMPIRICALLY_VALIDATED_EXACT	PENDING_G7	BOUNDARY_STABLE	NO	ELIGIBLE	NA
HPL00405	MONO_AT	EMPIRICALLY_VALIDATED_EXACT	PENDING_G7	ORTHOLOGY_AMBIGUOUS	NO	NOT_ELIGIBLE	BOUNDARY_AUDIT_ORTHOLOGY_AMBIGUOUS
HPL00406	MONO_AT	EMPIRICALLY_VALIDATED_EXACT	PENDING_G7	ORTHOLOGY_AMBIGUOUS	NO	NOT_ELIGIBLE	BOUNDARY_AUDIT_ORTHOLOGY_AMBIGUOUS
HPL00407	MONO_AT	EMPIRICALLY_VALIDATED_EXACT	PENDING_G7	BOUNDARY_STABLE	NO	ELIGIBLE	NA
HPL00408	TRINUCLEOTIDE	SUPPORTED_BUT_ALLELE_DIVERSITY_LIMITED	PENDING_G7	ORTHOLOGY_AMBIGUOUS	NO	NOT_ELIGIBLE	BOUNDARY_AUDIT_ORTHOLOGY_AMBIGUOUS
HPL00409	MONO_AT	EMPIRICALLY_VALIDATED_EXACT	PENDING_G7	BOUNDARY_STABLE	NO	ELIGIBLE	NA
HPL00410	MONO_AT	EMPIRICALLY_VALIDATED_EXACT	PENDING_G7	ORTHOLOGY_AMBIGUOUS	NO	NOT_ELIGIBLE	BOUNDARY_AUDIT_ORTHOLOGY_AMBIGUOUS
HPL00411	MONO_AT	EMPIRICALLY_VALIDATED_EXACT	NOT_APPLICABLE_UNCALLABLE_OR_INELIGIBLE	ORTHOLOGY_AMBIGUOUS	NO	NOT_ELIGIBLE	NOT_CALLABLE_OR_NOT_CALLER_ELIGIBLE_UNDER_G5;BOUNDARY_AUDIT_ORTHOLOGY_AMBIGUOUS
HPL00412	MONO_AT	EMPIRICALLY_VALIDATED_EXACT	INELIGIBLE_PLATFORM_CONFOUNDED_CALLABILITY	BOUNDARY_STABLE	NO	NOT_ELIGIBLE	PLATFORM_CONFOUNDED_CALLABILITY
HPL00413	MONO_AT	EMPIRICALLY_VALIDATED_EXACT	PENDING_G7	BOUNDARY_STABLE	NO	ELIGIBLE	NA
HPL00414	MONO_AT	EMPIRICALLY_VALIDATED_EXACT	PENDING_G7	BOUNDARY_STABLE	NO	ELIGIBLE	NA
HPL00415	MONO_AT	EMPIRICALLY_VALIDATED_EXACT	PENDING_G7	BOUNDARY_STABLE	NO	ELIGIBLE	NA
HPL00416	MONO_AT	EMPIRICALLY_VALIDATED_EXACT	INELIGIBLE_PLATFORM_CONFOUNDED_CALLABILITY	ORTHOLOGY_AMBIGUOUS	NO	NOT_ELIGIBLE	PLATFORM_CONFOUNDED_CALLABILITY;BOUNDARY_AUDIT_ORTHOLOGY_AMBIGUOUS
HPL00417	MONO_AT	EMPIRICALLY_VALIDATED_EXACT	NOT_APPLICABLE_UNCALLABLE_OR_INELIGIBLE	BOUNDARY_STABLE	NO	NOT_ELIGIBLE	NOT_CALLABLE_OR_NOT_CALLER_ELIGIBLE_UNDER_G5
HPL00418	MONO_AT	EMPIRICALLY_VALIDATED_EXACT	PENDING_G7	INSUFFICIENT_TO_RESOLVE	NO	NOT_ELIGIBLE	BOUNDARY_AUDIT_INSUFFICIENT_TO_RESOLVE
HPL00419	MONO_AT	EMPIRICALLY_VALIDATED_EXACT	PENDING_G7	BOUNDARY_STABLE	NO	ELIGIBLE	NA
HPL00420	MONO_AT	EMPIRICALLY_VALIDATED_EXACT	PENDING_G7	ORTHOLOGY_AMBIGUOUS	NO	NOT_ELIGIBLE	BOUNDARY_AUDIT_ORTHOLOGY_AMBIGUOUS
HPL00421	MONO_AT	EMPIRICALLY_VALIDATED_EXACT	PENDING_G7	BOUNDARY_STABLE	NO	ELIGIBLE	NA
HPL00422	MONO_AT	EMPIRICALLY_VALIDATED_EXACT	INELIGIBLE_PLATFORM_CONFOUNDED_CALLABILITY	BOUNDARY_STABLE	NO	NOT_ELIGIBLE	PLATFORM_CONFOUNDED_CALLABILITY
HPL00423	MONO_AT	EMPIRICALLY_VALIDATED_EXACT	PENDING_G7	BOUNDARY_STABLE	NO	ELIGIBLE	NA
HPL00424	MONO_AT	EMPIRICALLY_VALIDATED_EXACT	PENDING_G7	BOUNDARY_STABLE	NO	ELIGIBLE	NA
HPL00425	MONO_AT	EMPIRICALLY_VALIDATED_EXACT	INELIGIBLE_PLATFORM_CONFOUNDED_CALLABILITY	BOUNDARY_STABLE	NO	NOT_ELIGIBLE	PLATFORM_CONFOUNDED_CALLABILITY
HPL00426	MONO_GC	SUPPORTED_BUT_ALLELE_DIVERSITY_LIMITED	PENDING_G7	BOUNDARY_STABLE	NO	ELIGIBLE_FLAGGED_PROVISIONAL	NA
HPL00427	MONO_GC	SUPPORTED_BUT_ALLELE_DIVERSITY_LIMITED	PENDING_G7	ORTHOLOGY_AMBIGUOUS	NO	NOT_ELIGIBLE	BOUNDARY_AUDIT_ORTHOLOGY_AMBIGUOUS
HPL00428	MONO_AT	EMPIRICALLY_VALIDATED_EXACT	PENDING_G7	ORTHOLOGY_AMBIGUOUS	NO	NOT_ELIGIBLE	BOUNDARY_AUDIT_ORTHOLOGY_AMBIGUOUS
HPL00429	MONO_AT	EMPIRICALLY_VALIDATED_EXACT	PENDING_G7	BOUNDARY_STABLE	NO	ELIGIBLE	NA
HPL00430	MONO_AT	EMPIRICALLY_VALIDATED_EXACT	PENDING_G7	BOUNDARY_STABLE	NO	ELIGIBLE	NA
HPL00431	MONO_AT	EMPIRICALLY_VALIDATED_EXACT	INELIGIBLE_PLATFORM_CONFOUNDED_CALLABILITY	BOUNDARY_STABLE	NO	NOT_ELIGIBLE	PLATFORM_CONFOUNDED_CALLABILITY
HPL00432	MONO_AT	EMPIRICALLY_VALIDATED_EXACT	PENDING_G7	ORTHOLOGY_AMBIGUOUS	NO	NOT_ELIGIBLE	BOUNDARY_AUDIT_ORTHOLOGY_AMBIGUOUS
HPL00433	MONO_GC	SUPPORTED_BUT_ALLELE_DIVERSITY_LIMITED	NOT_APPLICABLE_UNCALLABLE_OR_INELIGIBLE	ORTHOLOGY_AMBIGUOUS	NO	NOT_ELIGIBLE	NOT_CALLABLE_OR_NOT_CALLER_ELIGIBLE_UNDER_G5;BOUNDARY_AUDIT_ORTHOLOGY_AMBIGUOUS
HPL00434	MONO_AT	EMPIRICALLY_VALIDATED_EXACT	PENDING_G7	ORTHOLOGY_AMBIGUOUS	NO	NOT_ELIGIBLE	BOUNDARY_AUDIT_ORTHOLOGY_AMBIGUOUS
HPL00435	MONO_AT	EMPIRICALLY_VALIDATED_EXACT	PENDING_G7	BOUNDARY_STABLE	NO	ELIGIBLE	NA
HPL00436	MONO_AT	EMPIRICALLY_VALIDATED_EXACT	PENDING_G7	BOUNDARY_STABLE	NO	ELIGIBLE	NA
HPL00437	MONO_AT	EMPIRICALLY_VALIDATED_EXACT	INELIGIBLE_PLATFORM_CONFOUNDED_CALLABILITY	BOUNDARY_STABLE	NO	NOT_ELIGIBLE	PLATFORM_CONFOUNDED_CALLABILITY
HPL00438	MONO_AT	EMPIRICALLY_VALIDATED_EXACT	PENDING_G7	BOUNDARY_AMBIGUOUS	NO	NOT_ELIGIBLE	BOUNDARY_AUDIT_BOUNDARY_AMBIGUOUS
HPL00439	TRINUCLEOTIDE	SUPPORTED_BUT_ALLELE_DIVERSITY_LIMITED	PENDING_G7	BOUNDARY_STABLE	NO	ELIGIBLE_FLAGGED_PROVISIONAL	NA
HPL00440	MONO_AT	EMPIRICALLY_VALIDATED_EXACT	NOT_APPLICABLE_UNCALLABLE_OR_INELIGIBLE	ORTHOLOGY_AMBIGUOUS	NO	NOT_ELIGIBLE	NOT_CALLABLE_OR_NOT_CALLER_ELIGIBLE_UNDER_G5;BOUNDARY_AUDIT_ORTHOLOGY_AMBIGUOUS
HPL00441	MONO_AT	EMPIRICALLY_VALIDATED_EXACT	PENDING_G7	ORTHOLOGY_AMBIGUOUS	NO	NOT_ELIGIBLE	BOUNDARY_AUDIT_ORTHOLOGY_AMBIGUOUS
HPL00442	MONO_AT	EMPIRICALLY_VALIDATED_EXACT	PENDING_G7	BOUNDARY_STABLE	NO	ELIGIBLE	NA
HPL00443	MONO_AT	EMPIRICALLY_VALIDATED_EXACT	PENDING_G7	BOUNDARY_STABLE	NO	ELIGIBLE	NA
HPL00444	MONO_AT	EMPIRICALLY_VALIDATED_EXACT	PENDING_G7	BOUNDARY_AMBIGUOUS	NO	NOT_ELIGIBLE	BOUNDARY_AUDIT_BOUNDARY_AMBIGUOUS
HPL00445	MOTIF_GE4	SUPPORTED_BUT_ALLELE_DIVERSITY_LIMITED	PENDING_G7	ORTHOLOGY_AMBIGUOUS	NO	NOT_ELIGIBLE	BOUNDARY_AUDIT_ORTHOLOGY_AMBIGUOUS
HPL00446	MONO_AT	EMPIRICALLY_VALIDATED_EXACT	PENDING_G7	BOUNDARY_AMBIGUOUS	NO	NOT_ELIGIBLE	BOUNDARY_AUDIT_BOUNDARY_AMBIGUOUS
HPL00447	MONO_AT	EMPIRICALLY_VALIDATED_EXACT	PENDING_G7	BOUNDARY_STABLE	NO	ELIGIBLE	NA
HPL00448	MONO_AT	EMPIRICALLY_VALIDATED_EXACT	INELIGIBLE_PLATFORM_CONFOUNDED_CALLABILITY	BOUNDARY_AMBIGUOUS	NO	NOT_ELIGIBLE	PLATFORM_CONFOUNDED_CALLABILITY;BOUNDARY_AUDIT_BOUNDARY_AMBIGUOUS
HPL00449	MONO_AT	EMPIRICALLY_VALIDATED_EXACT	NOT_APPLICABLE_UNCALLABLE_OR_INELIGIBLE	BOUNDARY_STABLE	NO	NOT_ELIGIBLE	NOT_CALLABLE_OR_NOT_CALLER_ELIGIBLE_UNDER_G5
HPL00450	MONO_AT	EMPIRICALLY_VALIDATED_EXACT	PENDING_G7	BOUNDARY_STABLE	NO	ELIGIBLE	NA
HPL00451	MONO_AT	EMPIRICALLY_VALIDATED_EXACT	NOT_APPLICABLE_UNCALLABLE_OR_INELIGIBLE	ORTHOLOGY_AMBIGUOUS	NO	NOT_ELIGIBLE	NOT_CALLABLE_OR_NOT_CALLER_ELIGIBLE_UNDER_G5;BOUNDARY_AUDIT_ORTHOLOGY_AMBIGUOUS
HPL00452	MONO_GC	SUPPORTED_BUT_ALLELE_DIVERSITY_LIMITED	NOT_APPLICABLE_UNCALLABLE_OR_INELIGIBLE	ORTHOLOGY_AMBIGUOUS	NO	NOT_ELIGIBLE	NOT_CALLABLE_OR_NOT_CALLER_ELIGIBLE_UNDER_G5;BOUNDARY_AUDIT_ORTHOLOGY_AMBIGUOUS
HPL00453	DINUCLEOTIDE	SUPPORTED_BUT_ALLELE_DIVERSITY_LIMITED	PENDING_G7	BOUNDARY_STABLE	NO	ELIGIBLE_FLAGGED_PROVISIONAL	NA
HPL00454	TRINUCLEOTIDE	SUPPORTED_BUT_ALLELE_DIVERSITY_LIMITED	PENDING_G7	BOUNDARY_STABLE	NO	ELIGIBLE_FLAGGED_PROVISIONAL	NA
HPL00455	MONO_GC	SUPPORTED_BUT_ALLELE_DIVERSITY_LIMITED	NOT_APPLICABLE_UNCALLABLE_OR_INELIGIBLE	INSUFFICIENT_TO_RESOLVE	NO	NOT_ELIGIBLE	NOT_CALLABLE_OR_NOT_CALLER_ELIGIBLE_UNDER_G5;BOUNDARY_AUDIT_INSUFFICIENT_TO_RESOLVE
HPL00456	TRINUCLEOTIDE	SUPPORTED_BUT_ALLELE_DIVERSITY_LIMITED	PENDING_G7	BOUNDARY_AMBIGUOUS	NO	NOT_ELIGIBLE	BOUNDARY_AUDIT_BOUNDARY_AMBIGUOUS
HPL00457	TRINUCLEOTIDE	SUPPORTED_BUT_ALLELE_DIVERSITY_LIMITED	NOT_APPLICABLE_UNCALLABLE_OR_INELIGIBLE	INSUFFICIENT_TO_RESOLVE	NO	NOT_ELIGIBLE	NOT_CALLABLE_OR_NOT_CALLER_ELIGIBLE_UNDER_G5;BOUNDARY_AUDIT_INSUFFICIENT_TO_RESOLVE
HPL00458	TRINUCLEOTIDE	SUPPORTED_BUT_ALLELE_DIVERSITY_LIMITED	NOT_APPLICABLE_UNCALLABLE_OR_INELIGIBLE	ORTHOLOGY_AMBIGUOUS	NO	NOT_ELIGIBLE	NOT_CALLABLE_OR_NOT_CALLER_ELIGIBLE_UNDER_G5;BOUNDARY_AUDIT_ORTHOLOGY_AMBIGUOUS
HPL00459	TRINUCLEOTIDE	SUPPORTED_BUT_ALLELE_DIVERSITY_LIMITED	NOT_APPLICABLE_UNCALLABLE_OR_INELIGIBLE	ORTHOLOGY_AMBIGUOUS	NO	NOT_ELIGIBLE	NOT_CALLABLE_OR_NOT_CALLER_ELIGIBLE_UNDER_G5;BOUNDARY_AUDIT_ORTHOLOGY_AMBIGUOUS
HPL00460	MONO_AT	EMPIRICALLY_VALIDATED_EXACT	PENDING_G7	BOUNDARY_STABLE	NO	ELIGIBLE	NA
HPL00461	MOTIF_GE4	SUPPORTED_BUT_ALLELE_DIVERSITY_LIMITED	NOT_APPLICABLE_UNCALLABLE_OR_INELIGIBLE	INSUFFICIENT_TO_RESOLVE	NO	NOT_ELIGIBLE	NOT_CALLABLE_OR_NOT_CALLER_ELIGIBLE_UNDER_G5;BOUNDARY_AUDIT_INSUFFICIENT_TO_RESOLVE
HPL00462	MONO_AT	EMPIRICALLY_VALIDATED_EXACT	INELIGIBLE_PLATFORM_CONFOUNDED_CALLABILITY	BOUNDARY_STABLE	NO	NOT_ELIGIBLE	PLATFORM_CONFOUNDED_CALLABILITY
HPL00463	MONO_AT	EMPIRICALLY_VALIDATED_EXACT	INELIGIBLE_PLATFORM_CONFOUNDED_CALLABILITY	ORTHOLOGY_AMBIGUOUS	NO	NOT_ELIGIBLE	PLATFORM_CONFOUNDED_CALLABILITY;BOUNDARY_AUDIT_ORTHOLOGY_AMBIGUOUS
HPL00464	MONO_AT	EMPIRICALLY_VALIDATED_EXACT	PENDING_G7	ORTHOLOGY_AMBIGUOUS	NO	NOT_ELIGIBLE	BOUNDARY_AUDIT_ORTHOLOGY_AMBIGUOUS
HPL00465	MONO_AT	EMPIRICALLY_VALIDATED_EXACT	PENDING_G7	BOUNDARY_STABLE	NO	ELIGIBLE	NA
HPL00466	MONO_AT	EMPIRICALLY_VALIDATED_EXACT	PENDING_G7	BOUNDARY_STABLE	NO	ELIGIBLE	NA
HPL00467	MONO_AT	EMPIRICALLY_VALIDATED_EXACT	NOT_APPLICABLE_UNCALLABLE_OR_INELIGIBLE	BOUNDARY_STABLE	NO	NOT_ELIGIBLE	NOT_CALLABLE_OR_NOT_CALLER_ELIGIBLE_UNDER_G5
HPL00468	MONO_AT	EMPIRICALLY_VALIDATED_EXACT	NOT_APPLICABLE_UNCALLABLE_OR_INELIGIBLE	ORTHOLOGY_AMBIGUOUS	NO	NOT_ELIGIBLE	NOT_CALLABLE_OR_NOT_CALLER_ELIGIBLE_UNDER_G5;BOUNDARY_AUDIT_ORTHOLOGY_AMBIGUOUS
HPL00469	MONO_AT	EMPIRICALLY_VALIDATED_EXACT	PENDING_G7	BOUNDARY_STABLE	NO	ELIGIBLE	NA
HPL00470	MONO_AT	EMPIRICALLY_VALIDATED_EXACT	PENDING_G7	ORTHOLOGY_AMBIGUOUS	NO	NOT_ELIGIBLE	BOUNDARY_AUDIT_ORTHOLOGY_AMBIGUOUS
HPL00471	MONO_GC	SUPPORTED_BUT_ALLELE_DIVERSITY_LIMITED	PENDING_G7	ORTHOLOGY_AMBIGUOUS	NO	NOT_ELIGIBLE	BOUNDARY_AUDIT_ORTHOLOGY_AMBIGUOUS
HPL00472	MONO_AT	EMPIRICALLY_VALIDATED_EXACT	PENDING_G7	ORTHOLOGY_AMBIGUOUS	NO	NOT_ELIGIBLE	BOUNDARY_AUDIT_ORTHOLOGY_AMBIGUOUS
HPL00473	MONO_AT	EMPIRICALLY_VALIDATED_EXACT	NOT_APPLICABLE_UNCALLABLE_OR_INELIGIBLE	BOUNDARY_STABLE	NO	NOT_ELIGIBLE	NOT_CALLABLE_OR_NOT_CALLER_ELIGIBLE_UNDER_G5
HPL00474	MONO_AT	EMPIRICALLY_VALIDATED_EXACT	PENDING_G7	ORTHOLOGY_AMBIGUOUS	NO	NOT_ELIGIBLE	BOUNDARY_AUDIT_ORTHOLOGY_AMBIGUOUS
HPL00475	MONO_AT	EMPIRICALLY_VALIDATED_EXACT	PENDING_G7	ORTHOLOGY_AMBIGUOUS	NO	NOT_ELIGIBLE	BOUNDARY_AUDIT_ORTHOLOGY_AMBIGUOUS
HPL00476	MONO_AT	EMPIRICALLY_VALIDATED_EXACT	INELIGIBLE_PLATFORM_CONFOUNDED_CALLABILITY	INSUFFICIENT_TO_RESOLVE	NO	NOT_ELIGIBLE	PLATFORM_CONFOUNDED_CALLABILITY;BOUNDARY_AUDIT_INSUFFICIENT_TO_RESOLVE
HPL00477	MONO_AT	EMPIRICALLY_VALIDATED_EXACT	NOT_APPLICABLE_UNCALLABLE_OR_INELIGIBLE	ORTHOLOGY_AMBIGUOUS	NO	NOT_ELIGIBLE	NOT_CALLABLE_OR_NOT_CALLER_ELIGIBLE_UNDER_G5;BOUNDARY_AUDIT_ORTHOLOGY_AMBIGUOUS
HPL00478	DINUCLEOTIDE	SUPPORTED_BUT_ALLELE_DIVERSITY_LIMITED	NOT_APPLICABLE_UNCALLABLE_OR_INELIGIBLE	ORTHOLOGY_AMBIGUOUS	NO	NOT_ELIGIBLE	NOT_CALLABLE_OR_NOT_CALLER_ELIGIBLE_UNDER_G5;BOUNDARY_AUDIT_ORTHOLOGY_AMBIGUOUS
HPL00479	MONO_AT	EMPIRICALLY_VALIDATED_EXACT	PENDING_G7	BOUNDARY_STABLE	NO	ELIGIBLE	NA
HPL00480	MONO_AT	EMPIRICALLY_VALIDATED_EXACT	INELIGIBLE_PLATFORM_CONFOUNDED_CALLABILITY	BOUNDARY_STABLE	NO	NOT_ELIGIBLE	PLATFORM_CONFOUNDED_CALLABILITY
HPL00481	MONO_AT	EMPIRICALLY_VALIDATED_EXACT	PENDING_G7	ORTHOLOGY_AMBIGUOUS	NO	NOT_ELIGIBLE	BOUNDARY_AUDIT_ORTHOLOGY_AMBIGUOUS
HPL00482	MONO_AT	EMPIRICALLY_VALIDATED_EXACT	PENDING_G7	BOUNDARY_STABLE	NO	ELIGIBLE	NA
HPL00483	MONO_AT	EMPIRICALLY_VALIDATED_EXACT	PENDING_G7	BOUNDARY_STABLE	NO	ELIGIBLE	NA
HPL00484	MONO_AT	EMPIRICALLY_VALIDATED_EXACT	PENDING_G7	INSUFFICIENT_TO_RESOLVE	NO	NOT_ELIGIBLE	BOUNDARY_AUDIT_INSUFFICIENT_TO_RESOLVE
HPL00485	MONO_AT	EMPIRICALLY_VALIDATED_EXACT	PENDING_G7	BOUNDARY_STABLE	NO	ELIGIBLE	NA
HPL00486	MONO_AT	EMPIRICALLY_VALIDATED_EXACT	PENDING_G7	ORTHOLOGY_AMBIGUOUS	NO	NOT_ELIGIBLE	BOUNDARY_AUDIT_ORTHOLOGY_AMBIGUOUS
HPL00487	MONO_GC	SUPPORTED_BUT_ALLELE_DIVERSITY_LIMITED	PENDING_G7	BOUNDARY_STABLE	NO	ELIGIBLE_FLAGGED_PROVISIONAL	NA
HPL00488	MONO_AT	EMPIRICALLY_VALIDATED_EXACT	NOT_APPLICABLE_UNCALLABLE_OR_INELIGIBLE	BOUNDARY_STABLE	NO	NOT_ELIGIBLE	NOT_CALLABLE_OR_NOT_CALLER_ELIGIBLE_UNDER_G5
HPL00489	MONO_AT	EMPIRICALLY_VALIDATED_EXACT	PENDING_G7	ORTHOLOGY_AMBIGUOUS	NO	NOT_ELIGIBLE	BOUNDARY_AUDIT_ORTHOLOGY_AMBIGUOUS
HPL00490	MONO_AT	EMPIRICALLY_VALIDATED_EXACT	NOT_APPLICABLE_UNCALLABLE_OR_INELIGIBLE	ORTHOLOGY_AMBIGUOUS	NO	NOT_ELIGIBLE	NOT_CALLABLE_OR_NOT_CALLER_ELIGIBLE_UNDER_G5;BOUNDARY_AUDIT_ORTHOLOGY_AMBIGUOUS
HPL00491	MONO_GC	SUPPORTED_BUT_ALLELE_DIVERSITY_LIMITED	PENDING_G7	BOUNDARY_STABLE	YES	NOT_ELIGIBLE	KNOWN_PV_INSUFFICIENT_EMPIRICAL_VALIDATION
HPL00492	TRINUCLEOTIDE	SUPPORTED_BUT_ALLELE_DIVERSITY_LIMITED	NOT_APPLICABLE_UNCALLABLE_OR_INELIGIBLE	ORTHOLOGY_AMBIGUOUS	NO	NOT_ELIGIBLE	NOT_CALLABLE_OR_NOT_CALLER_ELIGIBLE_UNDER_G5;BOUNDARY_AUDIT_ORTHOLOGY_AMBIGUOUS
HPL00493	MONO_AT	EMPIRICALLY_VALIDATED_EXACT	PENDING_G7	BOUNDARY_STABLE	NO	ELIGIBLE	NA
HPL00494	MONO_AT	EMPIRICALLY_VALIDATED_EXACT	INELIGIBLE_PLATFORM_CONFOUNDED_CALLABILITY	BOUNDARY_STABLE	NO	NOT_ELIGIBLE	PLATFORM_CONFOUNDED_CALLABILITY
HPL00495	MONO_AT	EMPIRICALLY_VALIDATED_EXACT	INELIGIBLE_PLATFORM_CONFOUNDED_CALLABILITY	INSUFFICIENT_TO_RESOLVE	NO	NOT_ELIGIBLE	PLATFORM_CONFOUNDED_CALLABILITY;BOUNDARY_AUDIT_INSUFFICIENT_TO_RESOLVE
HPL00496	MONO_AT	EMPIRICALLY_VALIDATED_EXACT	PENDING_G7	BOUNDARY_STABLE	NO	ELIGIBLE	NA
HPL00497	MONO_AT	EMPIRICALLY_VALIDATED_EXACT	PENDING_G7	BOUNDARY_STABLE	NO	ELIGIBLE	NA
HPL00498	MONO_AT	EMPIRICALLY_VALIDATED_EXACT	PENDING_G7	BOUNDARY_STABLE	NO	ELIGIBLE	NA
HPL00499	MONO_GC	SUPPORTED_BUT_ALLELE_DIVERSITY_LIMITED	PENDING_G7	BOUNDARY_STABLE	NO	ELIGIBLE_FLAGGED_PROVISIONAL	NA
HPL00500	MONO_AT	EMPIRICALLY_VALIDATED_EXACT	INELIGIBLE_PLATFORM_CONFOUNDED_CALLABILITY	BOUNDARY_STABLE	NO	NOT_ELIGIBLE	PLATFORM_CONFOUNDED_CALLABILITY
HPL00501	MONO_AT	EMPIRICALLY_VALIDATED_EXACT	PENDING_G7	BOUNDARY_STABLE	NO	ELIGIBLE	NA
HPL00502	MONO_AT	EMPIRICALLY_VALIDATED_EXACT	PENDING_G7	BOUNDARY_STABLE	NO	ELIGIBLE	NA
HPL00503	MONO_AT	EMPIRICALLY_VALIDATED_EXACT	PENDING_G7	BOUNDARY_STABLE	NO	ELIGIBLE	NA
HPL00504	MONO_GC	SUPPORTED_BUT_ALLELE_DIVERSITY_LIMITED	NOT_APPLICABLE_UNCALLABLE_OR_INELIGIBLE	INSUFFICIENT_TO_RESOLVE	NO	NOT_ELIGIBLE	NOT_CALLABLE_OR_NOT_CALLER_ELIGIBLE_UNDER_G5;BOUNDARY_AUDIT_INSUFFICIENT_TO_RESOLVE
HPL00505	MONO_AT	EMPIRICALLY_VALIDATED_EXACT	PENDING_G7	BOUNDARY_STABLE	NO	ELIGIBLE	NA
HPL00506	MONO_AT	EMPIRICALLY_VALIDATED_EXACT	PENDING_G7	BOUNDARY_STABLE	NO	ELIGIBLE	NA
HPL00507	MONO_AT	EMPIRICALLY_VALIDATED_EXACT	PENDING_G7	ORTHOLOGY_AMBIGUOUS	NO	NOT_ELIGIBLE	BOUNDARY_AUDIT_ORTHOLOGY_AMBIGUOUS
HPL00508	MONO_AT	EMPIRICALLY_VALIDATED_EXACT	PENDING_G7	ORTHOLOGY_AMBIGUOUS	NO	NOT_ELIGIBLE	BOUNDARY_AUDIT_ORTHOLOGY_AMBIGUOUS
HPL00509	MONO_AT	EMPIRICALLY_VALIDATED_EXACT	NOT_APPLICABLE_UNCALLABLE_OR_INELIGIBLE	BOUNDARY_STABLE	NO	NOT_ELIGIBLE	NOT_CALLABLE_OR_NOT_CALLER_ELIGIBLE_UNDER_G5
HPL00510	TRINUCLEOTIDE	SUPPORTED_BUT_ALLELE_DIVERSITY_LIMITED	PENDING_G7	BOUNDARY_STABLE	NO	ELIGIBLE_FLAGGED_PROVISIONAL	NA
HPL00511	MONO_AT	EMPIRICALLY_VALIDATED_EXACT	NOT_APPLICABLE_UNCALLABLE_OR_INELIGIBLE	INSUFFICIENT_TO_RESOLVE	NO	NOT_ELIGIBLE	NOT_CALLABLE_OR_NOT_CALLER_ELIGIBLE_UNDER_G5;BOUNDARY_AUDIT_INSUFFICIENT_TO_RESOLVE
HPL00512	MONO_AT	EMPIRICALLY_VALIDATED_EXACT	NOT_APPLICABLE_UNCALLABLE_OR_INELIGIBLE	INSUFFICIENT_TO_RESOLVE	NO	NOT_ELIGIBLE	NOT_CALLABLE_OR_NOT_CALLER_ELIGIBLE_UNDER_G5;BOUNDARY_AUDIT_INSUFFICIENT_TO_RESOLVE
HPL00513	MONO_AT	EMPIRICALLY_VALIDATED_EXACT	NOT_APPLICABLE_UNCALLABLE_OR_INELIGIBLE	ORTHOLOGY_AMBIGUOUS	NO	NOT_ELIGIBLE	NOT_CALLABLE_OR_NOT_CALLER_ELIGIBLE_UNDER_G5;BOUNDARY_AUDIT_ORTHOLOGY_AMBIGUOUS
HPL00514	MONO_AT	EMPIRICALLY_VALIDATED_EXACT	PENDING_G7	BOUNDARY_STABLE	NO	ELIGIBLE	NA
HPL00515	MONO_AT	EMPIRICALLY_VALIDATED_EXACT	PENDING_G7	INSUFFICIENT_TO_RESOLVE	NO	NOT_ELIGIBLE	BOUNDARY_AUDIT_INSUFFICIENT_TO_RESOLVE
HPL00516	MONO_AT	EMPIRICALLY_VALIDATED_EXACT	NOT_APPLICABLE_UNCALLABLE_OR_INELIGIBLE	BOUNDARY_AMBIGUOUS	NO	NOT_ELIGIBLE	NOT_CALLABLE_OR_NOT_CALLER_ELIGIBLE_UNDER_G5;BOUNDARY_AUDIT_BOUNDARY_AMBIGUOUS
HPL00517	MONO_AT	EMPIRICALLY_VALIDATED_EXACT	INELIGIBLE_PLATFORM_CONFOUNDED_CALLABILITY	ORTHOLOGY_AMBIGUOUS	NO	NOT_ELIGIBLE	PLATFORM_CONFOUNDED_CALLABILITY;BOUNDARY_AUDIT_ORTHOLOGY_AMBIGUOUS
HPL00518	MONO_GC	SUPPORTED_BUT_ALLELE_DIVERSITY_LIMITED	PENDING_G7	BOUNDARY_STABLE	NO	ELIGIBLE_FLAGGED_PROVISIONAL	NA
HPL00519	MONO_AT	EMPIRICALLY_VALIDATED_EXACT	INELIGIBLE_PLATFORM_CONFOUNDED_CALLABILITY	ORTHOLOGY_AMBIGUOUS	NO	NOT_ELIGIBLE	PLATFORM_CONFOUNDED_CALLABILITY;BOUNDARY_AUDIT_ORTHOLOGY_AMBIGUOUS
HPL00520	MONO_GC	SUPPORTED_BUT_ALLELE_DIVERSITY_LIMITED	NOT_APPLICABLE_UNCALLABLE_OR_INELIGIBLE	INSUFFICIENT_TO_RESOLVE	NO	NOT_ELIGIBLE	NOT_CALLABLE_OR_NOT_CALLER_ELIGIBLE_UNDER_G5;BOUNDARY_AUDIT_INSUFFICIENT_TO_RESOLVE
HPL00521	MONO_AT	EMPIRICALLY_VALIDATED_EXACT	PENDING_G7	BOUNDARY_STABLE	NO	ELIGIBLE	NA
HPL00522	DINUCLEOTIDE	SUPPORTED_BUT_ALLELE_DIVERSITY_LIMITED	PENDING_G7	BOUNDARY_AMBIGUOUS	NO	NOT_ELIGIBLE	BOUNDARY_AUDIT_BOUNDARY_AMBIGUOUS
HPL00523	MONO_AT	EMPIRICALLY_VALIDATED_EXACT	INELIGIBLE_PLATFORM_CONFOUNDED_CALLABILITY	INSUFFICIENT_TO_RESOLVE	NO	NOT_ELIGIBLE	PLATFORM_CONFOUNDED_CALLABILITY;BOUNDARY_AUDIT_INSUFFICIENT_TO_RESOLVE
HPL00524	MONO_AT	EMPIRICALLY_VALIDATED_EXACT	PENDING_G7	BOUNDARY_STABLE	NO	ELIGIBLE	NA
HPL00525	MONO_AT	EMPIRICALLY_VALIDATED_EXACT	NOT_APPLICABLE_UNCALLABLE_OR_INELIGIBLE	BOUNDARY_AMBIGUOUS	NO	NOT_ELIGIBLE	NOT_CALLABLE_OR_NOT_CALLER_ELIGIBLE_UNDER_G5;BOUNDARY_AUDIT_BOUNDARY_AMBIGUOUS
HPL00526	MONO_GC	SUPPORTED_BUT_ALLELE_DIVERSITY_LIMITED	PENDING_G7	ORTHOLOGY_AMBIGUOUS	NO	NOT_ELIGIBLE	BOUNDARY_AUDIT_ORTHOLOGY_AMBIGUOUS
HPL00527	MONO_GC	SUPPORTED_BUT_ALLELE_DIVERSITY_LIMITED	PENDING_G7	ORTHOLOGY_AMBIGUOUS	NO	NOT_ELIGIBLE	BOUNDARY_AUDIT_ORTHOLOGY_AMBIGUOUS
HPL00528	MONO_AT	EMPIRICALLY_VALIDATED_EXACT	INELIGIBLE_PLATFORM_CONFOUNDED_CALLABILITY	BOUNDARY_STABLE	NO	NOT_ELIGIBLE	PLATFORM_CONFOUNDED_CALLABILITY
HPL00529	MONO_AT	EMPIRICALLY_VALIDATED_EXACT	PENDING_G7	BOUNDARY_STABLE	NO	ELIGIBLE	NA
HPL00530	MONO_AT	EMPIRICALLY_VALIDATED_EXACT	PENDING_G7	BOUNDARY_STABLE	NO	ELIGIBLE	NA
HPL00531	MONO_AT	EMPIRICALLY_VALIDATED_EXACT	PENDING_G7	BOUNDARY_STABLE	NO	ELIGIBLE	NA
HPL00532	MONO_AT	EMPIRICALLY_VALIDATED_EXACT	PENDING_G7	INSUFFICIENT_TO_RESOLVE	NO	NOT_ELIGIBLE	BOUNDARY_AUDIT_INSUFFICIENT_TO_RESOLVE
HPL00533	MONO_GC	SUPPORTED_BUT_ALLELE_DIVERSITY_LIMITED	PENDING_G7	BOUNDARY_STABLE	NO	ELIGIBLE_FLAGGED_PROVISIONAL	NA
HPL00534	MONO_AT	EMPIRICALLY_VALIDATED_EXACT	NOT_APPLICABLE_UNCALLABLE_OR_INELIGIBLE	INSUFFICIENT_TO_RESOLVE	NO	NOT_ELIGIBLE	NOT_CALLABLE_OR_NOT_CALLER_ELIGIBLE_UNDER_G5;BOUNDARY_AUDIT_INSUFFICIENT_TO_RESOLVE
HPL00535	MONO_AT	EMPIRICALLY_VALIDATED_EXACT	PENDING_G7	BOUNDARY_AMBIGUOUS	NO	NOT_ELIGIBLE	BOUNDARY_AUDIT_BOUNDARY_AMBIGUOUS
HPL00536	MONO_AT	EMPIRICALLY_VALIDATED_EXACT	PENDING_G7	INSUFFICIENT_TO_RESOLVE	NO	NOT_ELIGIBLE	BOUNDARY_AUDIT_INSUFFICIENT_TO_RESOLVE
HPL00537	MONO_AT	EMPIRICALLY_VALIDATED_EXACT	PENDING_G7	INSUFFICIENT_TO_RESOLVE	NO	NOT_ELIGIBLE	BOUNDARY_AUDIT_INSUFFICIENT_TO_RESOLVE
HPL00538	MONO_AT	EMPIRICALLY_VALIDATED_EXACT	PENDING_G7	INSUFFICIENT_TO_RESOLVE	NO	NOT_ELIGIBLE	BOUNDARY_AUDIT_INSUFFICIENT_TO_RESOLVE
HPL00539	MONO_AT	EMPIRICALLY_VALIDATED_EXACT	PENDING_G7	BOUNDARY_AMBIGUOUS	NO	NOT_ELIGIBLE	BOUNDARY_AUDIT_BOUNDARY_AMBIGUOUS
HPL00540	MONO_AT	EMPIRICALLY_VALIDATED_EXACT	PENDING_G7	BOUNDARY_STABLE	NO	ELIGIBLE	NA
HPL00541	MONO_AT	EMPIRICALLY_VALIDATED_EXACT	NOT_APPLICABLE_UNCALLABLE_OR_INELIGIBLE	ORTHOLOGY_AMBIGUOUS	NO	NOT_ELIGIBLE	NOT_CALLABLE_OR_NOT_CALLER_ELIGIBLE_UNDER_G5;BOUNDARY_AUDIT_ORTHOLOGY_AMBIGUOUS
HPL00542	MONO_AT	EMPIRICALLY_VALIDATED_EXACT	INELIGIBLE_PLATFORM_CONFOUNDED_CALLABILITY	BOUNDARY_STABLE	NO	NOT_ELIGIBLE	PLATFORM_CONFOUNDED_CALLABILITY
HPL00543	MONO_AT	EMPIRICALLY_VALIDATED_EXACT	INELIGIBLE_PLATFORM_CONFOUNDED_CALLABILITY	INSUFFICIENT_TO_RESOLVE	NO	NOT_ELIGIBLE	PLATFORM_CONFOUNDED_CALLABILITY;BOUNDARY_AUDIT_INSUFFICIENT_TO_RESOLVE
HPL00544	MONO_AT	EMPIRICALLY_VALIDATED_EXACT	PENDING_G7	BOUNDARY_STABLE	NO	ELIGIBLE	NA
HPL00545	TRINUCLEOTIDE	SUPPORTED_BUT_ALLELE_DIVERSITY_LIMITED	INELIGIBLE_PLATFORM_CONFOUNDED_CALLABILITY	INSUFFICIENT_TO_RESOLVE	NO	NOT_ELIGIBLE	PLATFORM_CONFOUNDED_CALLABILITY;BOUNDARY_AUDIT_INSUFFICIENT_TO_RESOLVE
HPL00546	MONO_AT	EMPIRICALLY_VALIDATED_EXACT	PENDING_G7	BOUNDARY_AMBIGUOUS	NO	NOT_ELIGIBLE	BOUNDARY_AUDIT_BOUNDARY_AMBIGUOUS
HPL00547	MONO_AT	EMPIRICALLY_VALIDATED_EXACT	PENDING_G7	INSUFFICIENT_TO_RESOLVE	NO	NOT_ELIGIBLE	BOUNDARY_AUDIT_INSUFFICIENT_TO_RESOLVE
HPL00548	MONO_AT	EMPIRICALLY_VALIDATED_EXACT	PENDING_G7	BOUNDARY_STABLE	NO	ELIGIBLE	NA
HPL00549	DINUCLEOTIDE	SUPPORTED_BUT_ALLELE_DIVERSITY_LIMITED	PENDING_G7	BOUNDARY_STABLE	NO	ELIGIBLE_FLAGGED_PROVISIONAL	NA
HPL00550	MONO_AT	EMPIRICALLY_VALIDATED_EXACT	PENDING_G7	ORTHOLOGY_AMBIGUOUS	NO	NOT_ELIGIBLE	BOUNDARY_AUDIT_ORTHOLOGY_AMBIGUOUS
HPL00551	MONO_AT	EMPIRICALLY_VALIDATED_EXACT	NOT_APPLICABLE_UNCALLABLE_OR_INELIGIBLE	INSUFFICIENT_TO_RESOLVE	NO	NOT_ELIGIBLE	NOT_CALLABLE_OR_NOT_CALLER_ELIGIBLE_UNDER_G5;BOUNDARY_AUDIT_INSUFFICIENT_TO_RESOLVE
HPL00552	MONO_AT	EMPIRICALLY_VALIDATED_EXACT	PENDING_G7	INSUFFICIENT_TO_RESOLVE	NO	NOT_ELIGIBLE	BOUNDARY_AUDIT_INSUFFICIENT_TO_RESOLVE
HPL00553	MONO_AT	EMPIRICALLY_VALIDATED_EXACT	INELIGIBLE_PLATFORM_CONFOUNDED_CALLABILITY	ORTHOLOGY_AMBIGUOUS	NO	NOT_ELIGIBLE	PLATFORM_CONFOUNDED_CALLABILITY;BOUNDARY_AUDIT_ORTHOLOGY_AMBIGUOUS
HPL00554	MONO_AT	EMPIRICALLY_VALIDATED_EXACT	PENDING_G7	INSUFFICIENT_TO_RESOLVE	NO	NOT_ELIGIBLE	BOUNDARY_AUDIT_INSUFFICIENT_TO_RESOLVE
HPL00555	MONO_AT	EMPIRICALLY_VALIDATED_EXACT	INELIGIBLE_PLATFORM_CONFOUNDED_CALLABILITY	INSUFFICIENT_TO_RESOLVE	NO	NOT_ELIGIBLE	PLATFORM_CONFOUNDED_CALLABILITY;BOUNDARY_AUDIT_INSUFFICIENT_TO_RESOLVE
HPL00556	MOTIF_GE4	SUPPORTED_BUT_ALLELE_DIVERSITY_LIMITED	PENDING_G7	ORTHOLOGY_AMBIGUOUS	NO	NOT_ELIGIBLE	BOUNDARY_AUDIT_ORTHOLOGY_AMBIGUOUS
HPL00557	MONO_AT	EMPIRICALLY_VALIDATED_EXACT	PENDING_G7	ORTHOLOGY_AMBIGUOUS	NO	NOT_ELIGIBLE	BOUNDARY_AUDIT_ORTHOLOGY_AMBIGUOUS
HPL00558	MONO_AT	EMPIRICALLY_VALIDATED_EXACT	NOT_APPLICABLE_UNCALLABLE_OR_INELIGIBLE	ORTHOLOGY_AMBIGUOUS	NO	NOT_ELIGIBLE	NOT_CALLABLE_OR_NOT_CALLER_ELIGIBLE_UNDER_G5;BOUNDARY_AUDIT_ORTHOLOGY_AMBIGUOUS
HPL00559	TRINUCLEOTIDE	SUPPORTED_BUT_ALLELE_DIVERSITY_LIMITED	NOT_APPLICABLE_UNCALLABLE_OR_INELIGIBLE	BOUNDARY_AMBIGUOUS	NO	NOT_ELIGIBLE	NOT_CALLABLE_OR_NOT_CALLER_ELIGIBLE_UNDER_G5;BOUNDARY_AUDIT_BOUNDARY_AMBIGUOUS
HPL00560	MONO_AT	EMPIRICALLY_VALIDATED_EXACT	PENDING_G7	ORTHOLOGY_AMBIGUOUS	NO	NOT_ELIGIBLE	BOUNDARY_AUDIT_ORTHOLOGY_AMBIGUOUS
HPL00561	MONO_AT	EMPIRICALLY_VALIDATED_EXACT	INELIGIBLE_PLATFORM_CONFOUNDED_CALLABILITY	BOUNDARY_STABLE	NO	NOT_ELIGIBLE	PLATFORM_CONFOUNDED_CALLABILITY
HPL00562	MONO_AT	EMPIRICALLY_VALIDATED_EXACT	PENDING_G7	INSUFFICIENT_TO_RESOLVE	NO	NOT_ELIGIBLE	BOUNDARY_AUDIT_INSUFFICIENT_TO_RESOLVE
HPL00563	MONO_AT	EMPIRICALLY_VALIDATED_EXACT	NOT_APPLICABLE_UNCALLABLE_OR_INELIGIBLE	ORTHOLOGY_AMBIGUOUS	NO	NOT_ELIGIBLE	NOT_CALLABLE_OR_NOT_CALLER_ELIGIBLE_UNDER_G5;BOUNDARY_AUDIT_ORTHOLOGY_AMBIGUOUS
HPL00564	MONO_AT	EMPIRICALLY_VALIDATED_EXACT	NOT_APPLICABLE_UNCALLABLE_OR_INELIGIBLE	ORTHOLOGY_AMBIGUOUS	NO	NOT_ELIGIBLE	NOT_CALLABLE_OR_NOT_CALLER_ELIGIBLE_UNDER_G5;BOUNDARY_AUDIT_ORTHOLOGY_AMBIGUOUS
HPL00565	MONO_AT	EMPIRICALLY_VALIDATED_EXACT	INELIGIBLE_PLATFORM_CONFOUNDED_CALLABILITY	ORTHOLOGY_AMBIGUOUS	NO	NOT_ELIGIBLE	PLATFORM_CONFOUNDED_CALLABILITY;BOUNDARY_AUDIT_ORTHOLOGY_AMBIGUOUS
HPL00566	MONO_AT	EMPIRICALLY_VALIDATED_EXACT	INELIGIBLE_PLATFORM_CONFOUNDED_CALLABILITY	BOUNDARY_AMBIGUOUS	NO	NOT_ELIGIBLE	PLATFORM_CONFOUNDED_CALLABILITY;BOUNDARY_AUDIT_BOUNDARY_AMBIGUOUS
HPL00567	MONO_AT	EMPIRICALLY_VALIDATED_EXACT	NOT_APPLICABLE_UNCALLABLE_OR_INELIGIBLE	ORTHOLOGY_AMBIGUOUS	NO	NOT_ELIGIBLE	NOT_CALLABLE_OR_NOT_CALLER_ELIGIBLE_UNDER_G5;BOUNDARY_AUDIT_ORTHOLOGY_AMBIGUOUS
HPL00568	MONO_AT	EMPIRICALLY_VALIDATED_EXACT	NOT_APPLICABLE_UNCALLABLE_OR_INELIGIBLE	ORTHOLOGY_AMBIGUOUS	NO	NOT_ELIGIBLE	NOT_CALLABLE_OR_NOT_CALLER_ELIGIBLE_UNDER_G5;BOUNDARY_AUDIT_ORTHOLOGY_AMBIGUOUS
HPL00569	MONO_AT	EMPIRICALLY_VALIDATED_EXACT	NOT_APPLICABLE_UNCALLABLE_OR_INELIGIBLE	ORTHOLOGY_AMBIGUOUS	NO	NOT_ELIGIBLE	NOT_CALLABLE_OR_NOT_CALLER_ELIGIBLE_UNDER_G5;BOUNDARY_AUDIT_ORTHOLOGY_AMBIGUOUS
HPL00570	TRINUCLEOTIDE	SUPPORTED_BUT_ALLELE_DIVERSITY_LIMITED	INELIGIBLE_PLATFORM_CONFOUNDED_CALLABILITY	BOUNDARY_STABLE	NO	NOT_ELIGIBLE	PLATFORM_CONFOUNDED_CALLABILITY
HPL00571	MONO_AT	EMPIRICALLY_VALIDATED_EXACT	PENDING_G7	BOUNDARY_STABLE	NO	ELIGIBLE	NA
HPL00572	MOTIF_GE4	SUPPORTED_BUT_ALLELE_DIVERSITY_LIMITED	NOT_APPLICABLE_UNCALLABLE_OR_INELIGIBLE	ORTHOLOGY_AMBIGUOUS	NO	NOT_ELIGIBLE	NOT_CALLABLE_OR_NOT_CALLER_ELIGIBLE_UNDER_G5;BOUNDARY_AUDIT_ORTHOLOGY_AMBIGUOUS
HPL00573	MONO_AT	EMPIRICALLY_VALIDATED_EXACT	PENDING_G7	BOUNDARY_STABLE	NO	ELIGIBLE	NA
HPL00574	MONO_AT	EMPIRICALLY_VALIDATED_EXACT	PENDING_G7	ORTHOLOGY_AMBIGUOUS	NO	NOT_ELIGIBLE	BOUNDARY_AUDIT_ORTHOLOGY_AMBIGUOUS
HPL00575	DINUCLEOTIDE	SUPPORTED_BUT_ALLELE_DIVERSITY_LIMITED	INELIGIBLE_PLATFORM_CONFOUNDED_CALLABILITY	INSUFFICIENT_TO_RESOLVE	NO	NOT_ELIGIBLE	PLATFORM_CONFOUNDED_CALLABILITY;BOUNDARY_AUDIT_INSUFFICIENT_TO_RESOLVE
HPL00576	MONO_AT	EMPIRICALLY_VALIDATED_EXACT	PENDING_G7	BOUNDARY_STABLE	NO	ELIGIBLE	NA
HPL00577	MONO_AT	EMPIRICALLY_VALIDATED_EXACT	NOT_APPLICABLE_UNCALLABLE_OR_INELIGIBLE	INSUFFICIENT_TO_RESOLVE	NO	NOT_ELIGIBLE	NOT_CALLABLE_OR_NOT_CALLER_ELIGIBLE_UNDER_G5;BOUNDARY_AUDIT_INSUFFICIENT_TO_RESOLVE
HPL00578	MONO_AT	EMPIRICALLY_VALIDATED_EXACT	INELIGIBLE_PLATFORM_CONFOUNDED_CALLABILITY	BOUNDARY_STABLE	NO	NOT_ELIGIBLE	PLATFORM_CONFOUNDED_CALLABILITY
HPL00579	MONO_GC	SUPPORTED_BUT_ALLELE_DIVERSITY_LIMITED	NOT_APPLICABLE_UNCALLABLE_OR_INELIGIBLE	ORTHOLOGY_AMBIGUOUS	NO	NOT_ELIGIBLE	NOT_CALLABLE_OR_NOT_CALLER_ELIGIBLE_UNDER_G5;BOUNDARY_AUDIT_ORTHOLOGY_AMBIGUOUS
HPL00580	MONO_AT	EMPIRICALLY_VALIDATED_EXACT	PENDING_G7	ORTHOLOGY_AMBIGUOUS	NO	NOT_ELIGIBLE	BOUNDARY_AUDIT_ORTHOLOGY_AMBIGUOUS
HPL00581	MONO_GC	SUPPORTED_BUT_ALLELE_DIVERSITY_LIMITED	NOT_APPLICABLE_UNCALLABLE_OR_INELIGIBLE	ORTHOLOGY_AMBIGUOUS	NO	NOT_ELIGIBLE	NOT_CALLABLE_OR_NOT_CALLER_ELIGIBLE_UNDER_G5;BOUNDARY_AUDIT_ORTHOLOGY_AMBIGUOUS
HPL00582	MONO_AT	EMPIRICALLY_VALIDATED_EXACT	PENDING_G7	BOUNDARY_STABLE	NO	ELIGIBLE	NA
HPL00583	MONO_AT	EMPIRICALLY_VALIDATED_EXACT	INELIGIBLE_PLATFORM_CONFOUNDED_CALLABILITY	BOUNDARY_STABLE	NO	NOT_ELIGIBLE	PLATFORM_CONFOUNDED_CALLABILITY
HPL00584	MONO_GC	SUPPORTED_BUT_ALLELE_DIVERSITY_LIMITED	PENDING_G7	INSUFFICIENT_TO_RESOLVE	NO	NOT_ELIGIBLE	BOUNDARY_AUDIT_INSUFFICIENT_TO_RESOLVE
HPL00585	MONO_AT	EMPIRICALLY_VALIDATED_EXACT	PENDING_G7	BOUNDARY_AMBIGUOUS	NO	NOT_ELIGIBLE	BOUNDARY_AUDIT_BOUNDARY_AMBIGUOUS
HPL00586	MONO_GC	SUPPORTED_BUT_ALLELE_DIVERSITY_LIMITED	PENDING_G7	ORTHOLOGY_AMBIGUOUS	NO	NOT_ELIGIBLE	BOUNDARY_AUDIT_ORTHOLOGY_AMBIGUOUS
HPL00587	MONO_AT	EMPIRICALLY_VALIDATED_EXACT	NOT_APPLICABLE_UNCALLABLE_OR_INELIGIBLE	INSUFFICIENT_TO_RESOLVE	NO	NOT_ELIGIBLE	NOT_CALLABLE_OR_NOT_CALLER_ELIGIBLE_UNDER_G5;BOUNDARY_AUDIT_INSUFFICIENT_TO_RESOLVE
HPL00588	MONO_AT	EMPIRICALLY_VALIDATED_EXACT	PENDING_G7	INSUFFICIENT_TO_RESOLVE	NO	NOT_ELIGIBLE	BOUNDARY_AUDIT_INSUFFICIENT_TO_RESOLVE
HPL00589	MONO_AT	EMPIRICALLY_VALIDATED_EXACT	INELIGIBLE_PLATFORM_CONFOUNDED_CALLABILITY	ORTHOLOGY_AMBIGUOUS	NO	NOT_ELIGIBLE	PLATFORM_CONFOUNDED_CALLABILITY;BOUNDARY_AUDIT_ORTHOLOGY_AMBIGUOUS
HPL00590	MONO_AT	EMPIRICALLY_VALIDATED_EXACT	NOT_APPLICABLE_UNCALLABLE_OR_INELIGIBLE	ORTHOLOGY_AMBIGUOUS	NO	NOT_ELIGIBLE	NOT_CALLABLE_OR_NOT_CALLER_ELIGIBLE_UNDER_G5;BOUNDARY_AUDIT_ORTHOLOGY_AMBIGUOUS
HPL00591	DINUCLEOTIDE	SUPPORTED_BUT_ALLELE_DIVERSITY_LIMITED	PENDING_G7	ORTHOLOGY_AMBIGUOUS	NO	NOT_ELIGIBLE	BOUNDARY_AUDIT_ORTHOLOGY_AMBIGUOUS
HPL00592	DINUCLEOTIDE	SUPPORTED_BUT_ALLELE_DIVERSITY_LIMITED	NOT_APPLICABLE_UNCALLABLE_OR_INELIGIBLE	ORTHOLOGY_AMBIGUOUS	NO	NOT_ELIGIBLE	NOT_CALLABLE_OR_NOT_CALLER_ELIGIBLE_UNDER_G5;BOUNDARY_AUDIT_ORTHOLOGY_AMBIGUOUS
HPL00593	MONO_AT	EMPIRICALLY_VALIDATED_EXACT	PENDING_G7	ORTHOLOGY_AMBIGUOUS	NO	NOT_ELIGIBLE	BOUNDARY_AUDIT_ORTHOLOGY_AMBIGUOUS
HPL00594	MONO_AT	EMPIRICALLY_VALIDATED_EXACT	INELIGIBLE_PLATFORM_CONFOUNDED_CALLABILITY	ORTHOLOGY_AMBIGUOUS	NO	NOT_ELIGIBLE	PLATFORM_CONFOUNDED_CALLABILITY;BOUNDARY_AUDIT_ORTHOLOGY_AMBIGUOUS
HPL00595	MONO_AT	EMPIRICALLY_VALIDATED_EXACT	NOT_APPLICABLE_UNCALLABLE_OR_INELIGIBLE	ORTHOLOGY_AMBIGUOUS	NO	NOT_ELIGIBLE	NOT_CALLABLE_OR_NOT_CALLER_ELIGIBLE_UNDER_G5;BOUNDARY_AUDIT_ORTHOLOGY_AMBIGUOUS
HPL00596	MONO_AT	EMPIRICALLY_VALIDATED_EXACT	NOT_APPLICABLE_UNCALLABLE_OR_INELIGIBLE	INSUFFICIENT_TO_RESOLVE	NO	NOT_ELIGIBLE	NOT_CALLABLE_OR_NOT_CALLER_ELIGIBLE_UNDER_G5;BOUNDARY_AUDIT_INSUFFICIENT_TO_RESOLVE
HPL00597	MONO_AT	EMPIRICALLY_VALIDATED_EXACT	NOT_APPLICABLE_UNCALLABLE_OR_INELIGIBLE	INSUFFICIENT_TO_RESOLVE	NO	NOT_ELIGIBLE	NOT_CALLABLE_OR_NOT_CALLER_ELIGIBLE_UNDER_G5;BOUNDARY_AUDIT_INSUFFICIENT_TO_RESOLVE
HPL00598	MONO_AT	EMPIRICALLY_VALIDATED_EXACT	INELIGIBLE_PLATFORM_CONFOUNDED_CALLABILITY	INSUFFICIENT_TO_RESOLVE	NO	NOT_ELIGIBLE	PLATFORM_CONFOUNDED_CALLABILITY;BOUNDARY_AUDIT_INSUFFICIENT_TO_RESOLVE
HPL00599	TRINUCLEOTIDE	SUPPORTED_BUT_ALLELE_DIVERSITY_LIMITED	NOT_APPLICABLE_UNCALLABLE_OR_INELIGIBLE	INSUFFICIENT_TO_RESOLVE	NO	NOT_ELIGIBLE	NOT_CALLABLE_OR_NOT_CALLER_ELIGIBLE_UNDER_G5;BOUNDARY_AUDIT_INSUFFICIENT_TO_RESOLVE
HPL00600	MONO_AT	EMPIRICALLY_VALIDATED_EXACT	PENDING_G7	ORTHOLOGY_AMBIGUOUS	NO	NOT_ELIGIBLE	BOUNDARY_AUDIT_ORTHOLOGY_AMBIGUOUS
HPL00601	MONO_AT	EMPIRICALLY_VALIDATED_EXACT	PENDING_G7	BOUNDARY_STABLE	NO	ELIGIBLE	NA
HPL00602	MONO_AT	EMPIRICALLY_VALIDATED_EXACT	NOT_APPLICABLE_UNCALLABLE_OR_INELIGIBLE	INSUFFICIENT_TO_RESOLVE	NO	NOT_ELIGIBLE	NOT_CALLABLE_OR_NOT_CALLER_ELIGIBLE_UNDER_G5;BOUNDARY_AUDIT_INSUFFICIENT_TO_RESOLVE
HPL00603	MONO_AT	EMPIRICALLY_VALIDATED_EXACT	PENDING_G7	BOUNDARY_STABLE	NO	ELIGIBLE	NA
HPL00604	MONO_AT	EMPIRICALLY_VALIDATED_EXACT	PENDING_G7	BOUNDARY_STABLE	NO	ELIGIBLE	NA
HPL00605	TRINUCLEOTIDE	SUPPORTED_BUT_ALLELE_DIVERSITY_LIMITED	NOT_APPLICABLE_UNCALLABLE_OR_INELIGIBLE	BOUNDARY_AMBIGUOUS	NO	NOT_ELIGIBLE	NOT_CALLABLE_OR_NOT_CALLER_ELIGIBLE_UNDER_G5;BOUNDARY_AUDIT_BOUNDARY_AMBIGUOUS
HPL00606	MONO_AT	EMPIRICALLY_VALIDATED_EXACT	PENDING_G7	ORTHOLOGY_AMBIGUOUS	NO	NOT_ELIGIBLE	BOUNDARY_AUDIT_ORTHOLOGY_AMBIGUOUS
HPL00607	MONO_AT	EMPIRICALLY_VALIDATED_EXACT	NOT_APPLICABLE_UNCALLABLE_OR_INELIGIBLE	ORTHOLOGY_AMBIGUOUS	NO	NOT_ELIGIBLE	NOT_CALLABLE_OR_NOT_CALLER_ELIGIBLE_UNDER_G5;BOUNDARY_AUDIT_ORTHOLOGY_AMBIGUOUS
HPL00608	MONO_GC	SUPPORTED_BUT_ALLELE_DIVERSITY_LIMITED	PENDING_G7	BOUNDARY_STABLE	NO	ELIGIBLE_FLAGGED_PROVISIONAL	NA
HPL00609	MONO_AT	EMPIRICALLY_VALIDATED_EXACT	PENDING_G7	BOUNDARY_STABLE	NO	ELIGIBLE	NA
HPL00610	MONO_AT	EMPIRICALLY_VALIDATED_EXACT	NOT_APPLICABLE_UNCALLABLE_OR_INELIGIBLE	INSUFFICIENT_TO_RESOLVE	NO	NOT_ELIGIBLE	NOT_CALLABLE_OR_NOT_CALLER_ELIGIBLE_UNDER_G5;BOUNDARY_AUDIT_INSUFFICIENT_TO_RESOLVE
HPL00611	MONO_AT	EMPIRICALLY_VALIDATED_EXACT	NOT_APPLICABLE_UNCALLABLE_OR_INELIGIBLE	ORTHOLOGY_AMBIGUOUS	NO	NOT_ELIGIBLE	NOT_CALLABLE_OR_NOT_CALLER_ELIGIBLE_UNDER_G5;BOUNDARY_AUDIT_ORTHOLOGY_AMBIGUOUS
HPL00612	MONO_AT	EMPIRICALLY_VALIDATED_EXACT	PENDING_G7	INSUFFICIENT_TO_RESOLVE	NO	NOT_ELIGIBLE	BOUNDARY_AUDIT_INSUFFICIENT_TO_RESOLVE
HPL00613	MONO_AT	EMPIRICALLY_VALIDATED_EXACT	PENDING_G7	BOUNDARY_STABLE	NO	ELIGIBLE	NA
HPL00614	MONO_AT	EMPIRICALLY_VALIDATED_EXACT	PENDING_G7	INSUFFICIENT_TO_RESOLVE	NO	NOT_ELIGIBLE	BOUNDARY_AUDIT_INSUFFICIENT_TO_RESOLVE
HPL00615	MONO_GC	SUPPORTED_BUT_ALLELE_DIVERSITY_LIMITED	NOT_APPLICABLE_UNCALLABLE_OR_INELIGIBLE	BOUNDARY_AMBIGUOUS	NO	NOT_ELIGIBLE	NOT_CALLABLE_OR_NOT_CALLER_ELIGIBLE_UNDER_G5;BOUNDARY_AUDIT_BOUNDARY_AMBIGUOUS
HPL00616	MOTIF_GE4	SUPPORTED_BUT_ALLELE_DIVERSITY_LIMITED	NOT_APPLICABLE_UNCALLABLE_OR_INELIGIBLE	INSUFFICIENT_TO_RESOLVE	NO	NOT_ELIGIBLE	NOT_CALLABLE_OR_NOT_CALLER_ELIGIBLE_UNDER_G5;BOUNDARY_AUDIT_INSUFFICIENT_TO_RESOLVE
HPL00617	MONO_AT	EMPIRICALLY_VALIDATED_EXACT	NOT_APPLICABLE_UNCALLABLE_OR_INELIGIBLE	ORTHOLOGY_AMBIGUOUS	NO	NOT_ELIGIBLE	NOT_CALLABLE_OR_NOT_CALLER_ELIGIBLE_UNDER_G5;BOUNDARY_AUDIT_ORTHOLOGY_AMBIGUOUS
HPL00618	MONO_AT	EMPIRICALLY_VALIDATED_EXACT	NOT_APPLICABLE_UNCALLABLE_OR_INELIGIBLE	ORTHOLOGY_AMBIGUOUS	NO	NOT_ELIGIBLE	NOT_CALLABLE_OR_NOT_CALLER_ELIGIBLE_UNDER_G5;BOUNDARY_AUDIT_ORTHOLOGY_AMBIGUOUS
HPL00619	MONO_AT	EMPIRICALLY_VALIDATED_EXACT	PENDING_G7	ORTHOLOGY_AMBIGUOUS	NO	NOT_ELIGIBLE	BOUNDARY_AUDIT_ORTHOLOGY_AMBIGUOUS
HPL00620	MONO_AT	EMPIRICALLY_VALIDATED_EXACT	INELIGIBLE_PLATFORM_CONFOUNDED_CALLABILITY	ORTHOLOGY_AMBIGUOUS	NO	NOT_ELIGIBLE	PLATFORM_CONFOUNDED_CALLABILITY;BOUNDARY_AUDIT_ORTHOLOGY_AMBIGUOUS
HPL00621	DINUCLEOTIDE	SUPPORTED_BUT_ALLELE_DIVERSITY_LIMITED	NOT_APPLICABLE_UNCALLABLE_OR_INELIGIBLE	INSUFFICIENT_TO_RESOLVE	NO	NOT_ELIGIBLE	NOT_CALLABLE_OR_NOT_CALLER_ELIGIBLE_UNDER_G5;BOUNDARY_AUDIT_INSUFFICIENT_TO_RESOLVE
HPL00622	MONO_GC	SUPPORTED_BUT_ALLELE_DIVERSITY_LIMITED	PENDING_G7	BOUNDARY_STABLE	NO	ELIGIBLE_FLAGGED_PROVISIONAL	NA
HPL00623	MONO_AT	EMPIRICALLY_VALIDATED_EXACT	INELIGIBLE_PLATFORM_CONFOUNDED_CALLABILITY	INSUFFICIENT_TO_RESOLVE	NO	NOT_ELIGIBLE	PLATFORM_CONFOUNDED_CALLABILITY;BOUNDARY_AUDIT_INSUFFICIENT_TO_RESOLVE
HPL00624	MONO_AT	EMPIRICALLY_VALIDATED_EXACT	PENDING_G7	ORTHOLOGY_AMBIGUOUS	NO	NOT_ELIGIBLE	BOUNDARY_AUDIT_ORTHOLOGY_AMBIGUOUS
HPL00625	MONO_AT	EMPIRICALLY_VALIDATED_EXACT	NOT_APPLICABLE_UNCALLABLE_OR_INELIGIBLE	INSUFFICIENT_TO_RESOLVE	NO	NOT_ELIGIBLE	NOT_CALLABLE_OR_NOT_CALLER_ELIGIBLE_UNDER_G5;BOUNDARY_AUDIT_INSUFFICIENT_TO_RESOLVE
HPL00626	MONO_AT	EMPIRICALLY_VALIDATED_EXACT	NOT_APPLICABLE_UNCALLABLE_OR_INELIGIBLE	INSUFFICIENT_TO_RESOLVE	NO	NOT_ELIGIBLE	NOT_CALLABLE_OR_NOT_CALLER_ELIGIBLE_UNDER_G5;BOUNDARY_AUDIT_INSUFFICIENT_TO_RESOLVE
HPL00627	MONO_AT	EMPIRICALLY_VALIDATED_EXACT	NOT_APPLICABLE_UNCALLABLE_OR_INELIGIBLE	BOUNDARY_STABLE	NO	NOT_ELIGIBLE	NOT_CALLABLE_OR_NOT_CALLER_ELIGIBLE_UNDER_G5
HPL00628	TRINUCLEOTIDE	SUPPORTED_BUT_ALLELE_DIVERSITY_LIMITED	PENDING_G7	BOUNDARY_STABLE	NO	ELIGIBLE_FLAGGED_PROVISIONAL	NA
HPL00629	MONO_AT	EMPIRICALLY_VALIDATED_EXACT	NOT_APPLICABLE_UNCALLABLE_OR_INELIGIBLE	BOUNDARY_STABLE	NO	NOT_ELIGIBLE	NOT_CALLABLE_OR_NOT_CALLER_ELIGIBLE_UNDER_G5
HPL00630	MONO_AT	EMPIRICALLY_VALIDATED_EXACT	NOT_APPLICABLE_UNCALLABLE_OR_INELIGIBLE	BOUNDARY_STABLE	NO	NOT_ELIGIBLE	NOT_CALLABLE_OR_NOT_CALLER_ELIGIBLE_UNDER_G5
HPL00631	MOTIF_GE4	SUPPORTED_BUT_ALLELE_DIVERSITY_LIMITED	NOT_APPLICABLE_UNCALLABLE_OR_INELIGIBLE	INSUFFICIENT_TO_RESOLVE	NO	NOT_ELIGIBLE	NOT_CALLABLE_OR_NOT_CALLER_ELIGIBLE_UNDER_G5;BOUNDARY_AUDIT_INSUFFICIENT_TO_RESOLVE
HPL00632	MOTIF_GE4	SUPPORTED_BUT_ALLELE_DIVERSITY_LIMITED	NOT_APPLICABLE_UNCALLABLE_OR_INELIGIBLE	ORTHOLOGY_AMBIGUOUS	NO	NOT_ELIGIBLE	NOT_CALLABLE_OR_NOT_CALLER_ELIGIBLE_UNDER_G5;BOUNDARY_AUDIT_ORTHOLOGY_AMBIGUOUS
HPL00633	MONO_AT	EMPIRICALLY_VALIDATED_EXACT	NOT_APPLICABLE_UNCALLABLE_OR_INELIGIBLE	ORTHOLOGY_AMBIGUOUS	NO	NOT_ELIGIBLE	NOT_CALLABLE_OR_NOT_CALLER_ELIGIBLE_UNDER_G5;BOUNDARY_AUDIT_ORTHOLOGY_AMBIGUOUS
HPL00634	MONO_AT	EMPIRICALLY_VALIDATED_EXACT	NOT_APPLICABLE_UNCALLABLE_OR_INELIGIBLE	INSUFFICIENT_TO_RESOLVE	NO	NOT_ELIGIBLE	NOT_CALLABLE_OR_NOT_CALLER_ELIGIBLE_UNDER_G5;BOUNDARY_AUDIT_INSUFFICIENT_TO_RESOLVE
HPL00635	MONO_AT	EMPIRICALLY_VALIDATED_EXACT	PENDING_G7	INSUFFICIENT_TO_RESOLVE	NO	NOT_ELIGIBLE	BOUNDARY_AUDIT_INSUFFICIENT_TO_RESOLVE
HPL00636	MONO_AT	EMPIRICALLY_VALIDATED_EXACT	PENDING_G7	ORTHOLOGY_AMBIGUOUS	NO	NOT_ELIGIBLE	BOUNDARY_AUDIT_ORTHOLOGY_AMBIGUOUS
HPL00637	MONO_AT	EMPIRICALLY_VALIDATED_EXACT	PENDING_G7	ORTHOLOGY_AMBIGUOUS	NO	NOT_ELIGIBLE	BOUNDARY_AUDIT_ORTHOLOGY_AMBIGUOUS
HPL00638	MONO_AT	EMPIRICALLY_VALIDATED_EXACT	INELIGIBLE_PLATFORM_CONFOUNDED_CALLABILITY	INSUFFICIENT_TO_RESOLVE	NO	NOT_ELIGIBLE	PLATFORM_CONFOUNDED_CALLABILITY;BOUNDARY_AUDIT_INSUFFICIENT_TO_RESOLVE
HPL00639	MONO_AT	EMPIRICALLY_VALIDATED_EXACT	PENDING_G7	INSUFFICIENT_TO_RESOLVE	NO	NOT_ELIGIBLE	BOUNDARY_AUDIT_INSUFFICIENT_TO_RESOLVE
HPL00640	MONO_AT	EMPIRICALLY_VALIDATED_EXACT	PENDING_G7	BOUNDARY_STABLE	NO	ELIGIBLE	NA
HPL00641	MONO_GC	SUPPORTED_BUT_ALLELE_DIVERSITY_LIMITED	PENDING_G7	BOUNDARY_AMBIGUOUS	NO	NOT_ELIGIBLE	BOUNDARY_AUDIT_BOUNDARY_AMBIGUOUS
HPL00642	MONO_GC	SUPPORTED_BUT_ALLELE_DIVERSITY_LIMITED	NOT_APPLICABLE_UNCALLABLE_OR_INELIGIBLE	ORTHOLOGY_AMBIGUOUS	NO	NOT_ELIGIBLE	NOT_CALLABLE_OR_NOT_CALLER_ELIGIBLE_UNDER_G5;BOUNDARY_AUDIT_ORTHOLOGY_AMBIGUOUS
HPL00643	MONO_AT	EMPIRICALLY_VALIDATED_EXACT	NOT_APPLICABLE_UNCALLABLE_OR_INELIGIBLE	ORTHOLOGY_AMBIGUOUS	NO	NOT_ELIGIBLE	NOT_CALLABLE_OR_NOT_CALLER_ELIGIBLE_UNDER_G5;BOUNDARY_AUDIT_ORTHOLOGY_AMBIGUOUS
HPL00644	MONO_AT	EMPIRICALLY_VALIDATED_EXACT	INELIGIBLE_PLATFORM_CONFOUNDED_CALLABILITY	INSUFFICIENT_TO_RESOLVE	NO	NOT_ELIGIBLE	PLATFORM_CONFOUNDED_CALLABILITY;BOUNDARY_AUDIT_INSUFFICIENT_TO_RESOLVE
HPL00645	MONO_AT	EMPIRICALLY_VALIDATED_EXACT	PENDING_G7	BOUNDARY_STABLE	NO	ELIGIBLE	NA
HPL00646	MONO_AT	EMPIRICALLY_VALIDATED_EXACT	PENDING_G7	INSUFFICIENT_TO_RESOLVE	NO	NOT_ELIGIBLE	BOUNDARY_AUDIT_INSUFFICIENT_TO_RESOLVE
HPL00647	MONO_AT	EMPIRICALLY_VALIDATED_EXACT	NOT_APPLICABLE_UNCALLABLE_OR_INELIGIBLE	ORTHOLOGY_AMBIGUOUS	NO	NOT_ELIGIBLE	NOT_CALLABLE_OR_NOT_CALLER_ELIGIBLE_UNDER_G5;BOUNDARY_AUDIT_ORTHOLOGY_AMBIGUOUS
HPL00648	MONO_AT	EMPIRICALLY_VALIDATED_EXACT	NOT_APPLICABLE_UNCALLABLE_OR_INELIGIBLE	ORTHOLOGY_AMBIGUOUS	NO	NOT_ELIGIBLE	NOT_CALLABLE_OR_NOT_CALLER_ELIGIBLE_UNDER_G5;BOUNDARY_AUDIT_ORTHOLOGY_AMBIGUOUS
HPL00649	DINUCLEOTIDE	SUPPORTED_BUT_ALLELE_DIVERSITY_LIMITED	NOT_APPLICABLE_UNCALLABLE_OR_INELIGIBLE	ORTHOLOGY_AMBIGUOUS	NO	NOT_ELIGIBLE	NOT_CALLABLE_OR_NOT_CALLER_ELIGIBLE_UNDER_G5;BOUNDARY_AUDIT_ORTHOLOGY_AMBIGUOUS
HPL00650	MONO_AT	EMPIRICALLY_VALIDATED_EXACT	NOT_APPLICABLE_UNCALLABLE_OR_INELIGIBLE	ORTHOLOGY_AMBIGUOUS	NO	NOT_ELIGIBLE	NOT_CALLABLE_OR_NOT_CALLER_ELIGIBLE_UNDER_G5;BOUNDARY_AUDIT_ORTHOLOGY_AMBIGUOUS
HPL00651	MONO_AT	EMPIRICALLY_VALIDATED_EXACT	NOT_APPLICABLE_UNCALLABLE_OR_INELIGIBLE	ORTHOLOGY_AMBIGUOUS	NO	NOT_ELIGIBLE	NOT_CALLABLE_OR_NOT_CALLER_ELIGIBLE_UNDER_G5;BOUNDARY_AUDIT_ORTHOLOGY_AMBIGUOUS
HPL00652	MONO_AT	EMPIRICALLY_VALIDATED_EXACT	NOT_APPLICABLE_UNCALLABLE_OR_INELIGIBLE	INSUFFICIENT_TO_RESOLVE	NO	NOT_ELIGIBLE	NOT_CALLABLE_OR_NOT_CALLER_ELIGIBLE_UNDER_G5;BOUNDARY_AUDIT_INSUFFICIENT_TO_RESOLVE
HPL00653	MONO_AT	EMPIRICALLY_VALIDATED_EXACT	PENDING_G7	ORTHOLOGY_AMBIGUOUS	NO	NOT_ELIGIBLE	BOUNDARY_AUDIT_ORTHOLOGY_AMBIGUOUS
HPL00654	MONO_AT	EMPIRICALLY_VALIDATED_EXACT	PENDING_G7	INSUFFICIENT_TO_RESOLVE	NO	NOT_ELIGIBLE	BOUNDARY_AUDIT_INSUFFICIENT_TO_RESOLVE
HPL00655	TRINUCLEOTIDE	SUPPORTED_BUT_ALLELE_DIVERSITY_LIMITED	PENDING_G7	INSUFFICIENT_TO_RESOLVE	NO	NOT_ELIGIBLE	BOUNDARY_AUDIT_INSUFFICIENT_TO_RESOLVE
HPL00656	MONO_AT	EMPIRICALLY_VALIDATED_EXACT	PENDING_G7	BOUNDARY_AMBIGUOUS	NO	NOT_ELIGIBLE	BOUNDARY_AUDIT_BOUNDARY_AMBIGUOUS
HPL00657	MONO_AT	EMPIRICALLY_VALIDATED_EXACT	PENDING_G7	BOUNDARY_AMBIGUOUS	NO	NOT_ELIGIBLE	BOUNDARY_AUDIT_BOUNDARY_AMBIGUOUS
HPL00658	MONO_AT	EMPIRICALLY_VALIDATED_EXACT	NOT_APPLICABLE_UNCALLABLE_OR_INELIGIBLE	ORTHOLOGY_AMBIGUOUS	NO	NOT_ELIGIBLE	NOT_CALLABLE_OR_NOT_CALLER_ELIGIBLE_UNDER_G5;BOUNDARY_AUDIT_ORTHOLOGY_AMBIGUOUS
HPL00659	MONO_AT	EMPIRICALLY_VALIDATED_EXACT	NOT_APPLICABLE_UNCALLABLE_OR_INELIGIBLE	ORTHOLOGY_AMBIGUOUS	NO	NOT_ELIGIBLE	NOT_CALLABLE_OR_NOT_CALLER_ELIGIBLE_UNDER_G5;BOUNDARY_AUDIT_ORTHOLOGY_AMBIGUOUS
HPL00660	MONO_AT	EMPIRICALLY_VALIDATED_EXACT	INELIGIBLE_PLATFORM_CONFOUNDED_CALLABILITY	ORTHOLOGY_AMBIGUOUS	NO	NOT_ELIGIBLE	PLATFORM_CONFOUNDED_CALLABILITY;BOUNDARY_AUDIT_ORTHOLOGY_AMBIGUOUS
HPL00661	MONO_AT	EMPIRICALLY_VALIDATED_EXACT	PENDING_G7	INSUFFICIENT_TO_RESOLVE	NO	NOT_ELIGIBLE	BOUNDARY_AUDIT_INSUFFICIENT_TO_RESOLVE
HPL00662	TRINUCLEOTIDE	SUPPORTED_BUT_ALLELE_DIVERSITY_LIMITED	INELIGIBLE_PLATFORM_CONFOUNDED_CALLABILITY	BOUNDARY_STABLE	NO	NOT_ELIGIBLE	PLATFORM_CONFOUNDED_CALLABILITY
HPL00663	MONO_AT	EMPIRICALLY_VALIDATED_EXACT	NOT_APPLICABLE_UNCALLABLE_OR_INELIGIBLE	ORTHOLOGY_AMBIGUOUS	NO	NOT_ELIGIBLE	NOT_CALLABLE_OR_NOT_CALLER_ELIGIBLE_UNDER_G5;BOUNDARY_AUDIT_ORTHOLOGY_AMBIGUOUS
HPL00664	MONO_AT	EMPIRICALLY_VALIDATED_EXACT	NOT_APPLICABLE_UNCALLABLE_OR_INELIGIBLE	BOUNDARY_AMBIGUOUS	NO	NOT_ELIGIBLE	NOT_CALLABLE_OR_NOT_CALLER_ELIGIBLE_UNDER_G5;BOUNDARY_AUDIT_BOUNDARY_AMBIGUOUS
HPL00665	MONO_GC	SUPPORTED_BUT_ALLELE_DIVERSITY_LIMITED	NOT_APPLICABLE_UNCALLABLE_OR_INELIGIBLE	ORTHOLOGY_AMBIGUOUS	NO	NOT_ELIGIBLE	NOT_CALLABLE_OR_NOT_CALLER_ELIGIBLE_UNDER_G5;BOUNDARY_AUDIT_ORTHOLOGY_AMBIGUOUS
HPL00666	MONO_AT	EMPIRICALLY_VALIDATED_EXACT	NOT_APPLICABLE_UNCALLABLE_OR_INELIGIBLE	INSUFFICIENT_TO_RESOLVE	NO	NOT_ELIGIBLE	NOT_CALLABLE_OR_NOT_CALLER_ELIGIBLE_UNDER_G5;BOUNDARY_AUDIT_INSUFFICIENT_TO_RESOLVE
HPL00667	MONO_AT	EMPIRICALLY_VALIDATED_EXACT	INELIGIBLE_PLATFORM_CONFOUNDED_CALLABILITY	INSUFFICIENT_TO_RESOLVE	NO	NOT_ELIGIBLE	PLATFORM_CONFOUNDED_CALLABILITY;BOUNDARY_AUDIT_INSUFFICIENT_TO_RESOLVE
HPL00668	MONO_AT	EMPIRICALLY_VALIDATED_EXACT	NOT_APPLICABLE_UNCALLABLE_OR_INELIGIBLE	INSUFFICIENT_TO_RESOLVE	NO	NOT_ELIGIBLE	NOT_CALLABLE_OR_NOT_CALLER_ELIGIBLE_UNDER_G5;BOUNDARY_AUDIT_INSUFFICIENT_TO_RESOLVE
HPL00669	MONO_GC	SUPPORTED_BUT_ALLELE_DIVERSITY_LIMITED	PENDING_G7	ORTHOLOGY_AMBIGUOUS	NO	NOT_ELIGIBLE	BOUNDARY_AUDIT_ORTHOLOGY_AMBIGUOUS
HPL00670	MONO_GC	SUPPORTED_BUT_ALLELE_DIVERSITY_LIMITED	PENDING_G7	ORTHOLOGY_AMBIGUOUS	NO	NOT_ELIGIBLE	BOUNDARY_AUDIT_ORTHOLOGY_AMBIGUOUS
HPL00671	MONO_AT	EMPIRICALLY_VALIDATED_EXACT	PENDING_G7	INSUFFICIENT_TO_RESOLVE	NO	NOT_ELIGIBLE	BOUNDARY_AUDIT_INSUFFICIENT_TO_RESOLVE
HPL00672	MONO_AT	EMPIRICALLY_VALIDATED_EXACT	NOT_APPLICABLE_UNCALLABLE_OR_INELIGIBLE	ORTHOLOGY_AMBIGUOUS	NO	NOT_ELIGIBLE	NOT_CALLABLE_OR_NOT_CALLER_ELIGIBLE_UNDER_G5;BOUNDARY_AUDIT_ORTHOLOGY_AMBIGUOUS
HPL00673	MONO_AT	EMPIRICALLY_VALIDATED_EXACT	INELIGIBLE_PLATFORM_CONFOUNDED_CALLABILITY	ORTHOLOGY_AMBIGUOUS	NO	NOT_ELIGIBLE	PLATFORM_CONFOUNDED_CALLABILITY;BOUNDARY_AUDIT_ORTHOLOGY_AMBIGUOUS
HPL00674	MOTIF_GE4	SUPPORTED_BUT_ALLELE_DIVERSITY_LIMITED	PENDING_G7	INSUFFICIENT_TO_RESOLVE	NO	NOT_ELIGIBLE	BOUNDARY_AUDIT_INSUFFICIENT_TO_RESOLVE
HPL00675	MONO_AT	EMPIRICALLY_VALIDATED_EXACT	INELIGIBLE_PLATFORM_CONFOUNDED_CALLABILITY	ORTHOLOGY_AMBIGUOUS	NO	NOT_ELIGIBLE	PLATFORM_CONFOUNDED_CALLABILITY;BOUNDARY_AUDIT_ORTHOLOGY_AMBIGUOUS
HPL00676	MONO_AT	EMPIRICALLY_VALIDATED_EXACT	NOT_APPLICABLE_UNCALLABLE_OR_INELIGIBLE	ORTHOLOGY_AMBIGUOUS	NO	NOT_ELIGIBLE	NOT_CALLABLE_OR_NOT_CALLER_ELIGIBLE_UNDER_G5;BOUNDARY_AUDIT_ORTHOLOGY_AMBIGUOUS
HPL00677	MONO_GC	SUPPORTED_BUT_ALLELE_DIVERSITY_LIMITED	NOT_APPLICABLE_UNCALLABLE_OR_INELIGIBLE	ORTHOLOGY_AMBIGUOUS	YES	NOT_ELIGIBLE	NOT_CALLABLE_OR_NOT_CALLER_ELIGIBLE_UNDER_G5;BOUNDARY_AUDIT_ORTHOLOGY_AMBIGUOUS;KNOWN_PV_INSUFFICIENT_EMPIRICAL_VALIDATION
HPL00678	DINUCLEOTIDE	SUPPORTED_BUT_ALLELE_DIVERSITY_LIMITED	NOT_APPLICABLE_UNCALLABLE_OR_INELIGIBLE	INSUFFICIENT_TO_RESOLVE	NO	NOT_ELIGIBLE	NOT_CALLABLE_OR_NOT_CALLER_ELIGIBLE_UNDER_G5;BOUNDARY_AUDIT_INSUFFICIENT_TO_RESOLVE
HPL00679	MONO_AT	EMPIRICALLY_VALIDATED_EXACT	PENDING_G7	BOUNDARY_STABLE	NO	ELIGIBLE	NA
HPL00680	MONO_AT	EMPIRICALLY_VALIDATED_EXACT	PENDING_G7	BOUNDARY_AMBIGUOUS	NO	NOT_ELIGIBLE	BOUNDARY_AUDIT_BOUNDARY_AMBIGUOUS
HPL00681	MONO_AT	EMPIRICALLY_VALIDATED_EXACT	PENDING_G7	ORTHOLOGY_AMBIGUOUS	NO	NOT_ELIGIBLE	BOUNDARY_AUDIT_ORTHOLOGY_AMBIGUOUS
HPL00682	MONO_AT	EMPIRICALLY_VALIDATED_EXACT	PENDING_G7	BOUNDARY_STABLE	NO	ELIGIBLE	NA
HPL00683	TRINUCLEOTIDE	SUPPORTED_BUT_ALLELE_DIVERSITY_LIMITED	NOT_APPLICABLE_UNCALLABLE_OR_INELIGIBLE	ORTHOLOGY_AMBIGUOUS	NO	NOT_ELIGIBLE	NOT_CALLABLE_OR_NOT_CALLER_ELIGIBLE_UNDER_G5;BOUNDARY_AUDIT_ORTHOLOGY_AMBIGUOUS
HPL00684	TRINUCLEOTIDE	SUPPORTED_BUT_ALLELE_DIVERSITY_LIMITED	NOT_APPLICABLE_UNCALLABLE_OR_INELIGIBLE	ORTHOLOGY_AMBIGUOUS	NO	NOT_ELIGIBLE	NOT_CALLABLE_OR_NOT_CALLER_ELIGIBLE_UNDER_G5;BOUNDARY_AUDIT_ORTHOLOGY_AMBIGUOUS
HPL00685	MONO_GC	SUPPORTED_BUT_ALLELE_DIVERSITY_LIMITED	PENDING_G7	BOUNDARY_STABLE	NO	ELIGIBLE_FLAGGED_PROVISIONAL	NA
HPL00686	MOTIF_GE4	SUPPORTED_BUT_ALLELE_DIVERSITY_LIMITED	PENDING_G7	BOUNDARY_AMBIGUOUS	NO	NOT_ELIGIBLE	BOUNDARY_AUDIT_BOUNDARY_AMBIGUOUS
HPL00687	MONO_AT	EMPIRICALLY_VALIDATED_EXACT	NOT_APPLICABLE_UNCALLABLE_OR_INELIGIBLE	ORTHOLOGY_AMBIGUOUS	NO	NOT_ELIGIBLE	NOT_CALLABLE_OR_NOT_CALLER_ELIGIBLE_UNDER_G5;BOUNDARY_AUDIT_ORTHOLOGY_AMBIGUOUS
HPL00688	DINUCLEOTIDE	SUPPORTED_BUT_ALLELE_DIVERSITY_LIMITED	NOT_APPLICABLE_UNCALLABLE_OR_INELIGIBLE	INSUFFICIENT_TO_RESOLVE	NO	NOT_ELIGIBLE	NOT_CALLABLE_OR_NOT_CALLER_ELIGIBLE_UNDER_G5;BOUNDARY_AUDIT_INSUFFICIENT_TO_RESOLVE
HPL00689	MONO_AT	EMPIRICALLY_VALIDATED_EXACT	NOT_APPLICABLE_UNCALLABLE_OR_INELIGIBLE	INSUFFICIENT_TO_RESOLVE	NO	NOT_ELIGIBLE	NOT_CALLABLE_OR_NOT_CALLER_ELIGIBLE_UNDER_G5;BOUNDARY_AUDIT_INSUFFICIENT_TO_RESOLVE
HPL00690	MONO_AT	EMPIRICALLY_VALIDATED_EXACT	PENDING_G7	ORTHOLOGY_AMBIGUOUS	NO	NOT_ELIGIBLE	BOUNDARY_AUDIT_ORTHOLOGY_AMBIGUOUS
HPL00691	MONO_AT	EMPIRICALLY_VALIDATED_EXACT	INELIGIBLE_PLATFORM_CONFOUNDED_CALLABILITY	BOUNDARY_STABLE	NO	NOT_ELIGIBLE	PLATFORM_CONFOUNDED_CALLABILITY
HPL00692	MONO_AT	EMPIRICALLY_VALIDATED_EXACT	NOT_APPLICABLE_UNCALLABLE_OR_INELIGIBLE	BOUNDARY_STABLE	NO	NOT_ELIGIBLE	NOT_CALLABLE_OR_NOT_CALLER_ELIGIBLE_UNDER_G5
HPL00693	MONO_AT	EMPIRICALLY_VALIDATED_EXACT	NOT_APPLICABLE_UNCALLABLE_OR_INELIGIBLE	ORTHOLOGY_AMBIGUOUS	NO	NOT_ELIGIBLE	NOT_CALLABLE_OR_NOT_CALLER_ELIGIBLE_UNDER_G5;BOUNDARY_AUDIT_ORTHOLOGY_AMBIGUOUS
HPL00694	MONO_GC	SUPPORTED_BUT_ALLELE_DIVERSITY_LIMITED	INELIGIBLE_PLATFORM_CONFOUNDED_CALLABILITY	BOUNDARY_STABLE	NO	NOT_ELIGIBLE	PLATFORM_CONFOUNDED_CALLABILITY
HPL00695	MONO_AT	EMPIRICALLY_VALIDATED_EXACT	PENDING_G7	INSUFFICIENT_TO_RESOLVE	NO	NOT_ELIGIBLE	BOUNDARY_AUDIT_INSUFFICIENT_TO_RESOLVE
HPL00696	MONO_AT	EMPIRICALLY_VALIDATED_EXACT	NOT_APPLICABLE_UNCALLABLE_OR_INELIGIBLE	ORTHOLOGY_AMBIGUOUS	NO	NOT_ELIGIBLE	NOT_CALLABLE_OR_NOT_CALLER_ELIGIBLE_UNDER_G5;BOUNDARY_AUDIT_ORTHOLOGY_AMBIGUOUS
HPL00697	MONO_AT	EMPIRICALLY_VALIDATED_EXACT	INELIGIBLE_PLATFORM_CONFOUNDED_CALLABILITY	ORTHOLOGY_AMBIGUOUS	NO	NOT_ELIGIBLE	PLATFORM_CONFOUNDED_CALLABILITY;BOUNDARY_AUDIT_ORTHOLOGY_AMBIGUOUS
HPL00698	MOTIF_GE4	SUPPORTED_BUT_ALLELE_DIVERSITY_LIMITED	NOT_APPLICABLE_UNCALLABLE_OR_INELIGIBLE	ORTHOLOGY_AMBIGUOUS	NO	NOT_ELIGIBLE	NOT_CALLABLE_OR_NOT_CALLER_ELIGIBLE_UNDER_G5;BOUNDARY_AUDIT_ORTHOLOGY_AMBIGUOUS
HPL00699	MONO_AT	EMPIRICALLY_VALIDATED_EXACT	PENDING_G7	BOUNDARY_STABLE	NO	ELIGIBLE	NA
HPL00700	MONO_GC	SUPPORTED_BUT_ALLELE_DIVERSITY_LIMITED	NOT_APPLICABLE_UNCALLABLE_OR_INELIGIBLE	INSUFFICIENT_TO_RESOLVE	NO	NOT_ELIGIBLE	NOT_CALLABLE_OR_NOT_CALLER_ELIGIBLE_UNDER_G5;BOUNDARY_AUDIT_INSUFFICIENT_TO_RESOLVE
HPL00701	MONO_AT	EMPIRICALLY_VALIDATED_EXACT	NOT_APPLICABLE_UNCALLABLE_OR_INELIGIBLE	INSUFFICIENT_TO_RESOLVE	NO	NOT_ELIGIBLE	NOT_CALLABLE_OR_NOT_CALLER_ELIGIBLE_UNDER_G5;BOUNDARY_AUDIT_INSUFFICIENT_TO_RESOLVE
HPL00702	MONO_AT	EMPIRICALLY_VALIDATED_EXACT	PENDING_G7	BOUNDARY_STABLE	NO	ELIGIBLE	NA
HPL00703	MONO_AT	EMPIRICALLY_VALIDATED_EXACT	NOT_APPLICABLE_UNCALLABLE_OR_INELIGIBLE	BOUNDARY_AMBIGUOUS	NO	NOT_ELIGIBLE	NOT_CALLABLE_OR_NOT_CALLER_ELIGIBLE_UNDER_G5;BOUNDARY_AUDIT_BOUNDARY_AMBIGUOUS
HPL00704	MONO_AT	EMPIRICALLY_VALIDATED_EXACT	NOT_APPLICABLE_UNCALLABLE_OR_INELIGIBLE	INSUFFICIENT_TO_RESOLVE	NO	NOT_ELIGIBLE	NOT_CALLABLE_OR_NOT_CALLER_ELIGIBLE_UNDER_G5;BOUNDARY_AUDIT_INSUFFICIENT_TO_RESOLVE
HPL00705	MONO_AT	EMPIRICALLY_VALIDATED_EXACT	INELIGIBLE_PLATFORM_CONFOUNDED_CALLABILITY	BOUNDARY_STABLE	NO	NOT_ELIGIBLE	PLATFORM_CONFOUNDED_CALLABILITY
HPL00706	MONO_AT	EMPIRICALLY_VALIDATED_EXACT	NOT_APPLICABLE_UNCALLABLE_OR_INELIGIBLE	ORTHOLOGY_AMBIGUOUS	NO	NOT_ELIGIBLE	NOT_CALLABLE_OR_NOT_CALLER_ELIGIBLE_UNDER_G5;BOUNDARY_AUDIT_ORTHOLOGY_AMBIGUOUS
HPL00707	MONO_GC	SUPPORTED_BUT_ALLELE_DIVERSITY_LIMITED	NOT_APPLICABLE_UNCALLABLE_OR_INELIGIBLE	INSUFFICIENT_TO_RESOLVE	NO	NOT_ELIGIBLE	NOT_CALLABLE_OR_NOT_CALLER_ELIGIBLE_UNDER_G5;BOUNDARY_AUDIT_INSUFFICIENT_TO_RESOLVE
HPL00708	MONO_AT	EMPIRICALLY_VALIDATED_EXACT	NOT_APPLICABLE_UNCALLABLE_OR_INELIGIBLE	ORTHOLOGY_AMBIGUOUS	NO	NOT_ELIGIBLE	NOT_CALLABLE_OR_NOT_CALLER_ELIGIBLE_UNDER_G5;BOUNDARY_AUDIT_ORTHOLOGY_AMBIGUOUS
HPL00709	MONO_AT	EMPIRICALLY_VALIDATED_EXACT	PENDING_G7	BOUNDARY_STABLE	NO	ELIGIBLE	NA
HPL00710	MONO_GC	SUPPORTED_BUT_ALLELE_DIVERSITY_LIMITED	NOT_APPLICABLE_UNCALLABLE_OR_INELIGIBLE	ORTHOLOGY_AMBIGUOUS	NO	NOT_ELIGIBLE	NOT_CALLABLE_OR_NOT_CALLER_ELIGIBLE_UNDER_G5;BOUNDARY_AUDIT_ORTHOLOGY_AMBIGUOUS
HPL00711	MONO_AT	EMPIRICALLY_VALIDATED_EXACT	NOT_APPLICABLE_UNCALLABLE_OR_INELIGIBLE	INSUFFICIENT_TO_RESOLVE	NO	NOT_ELIGIBLE	NOT_CALLABLE_OR_NOT_CALLER_ELIGIBLE_UNDER_G5;BOUNDARY_AUDIT_INSUFFICIENT_TO_RESOLVE
HPL00712	MONO_AT	EMPIRICALLY_VALIDATED_EXACT	NOT_APPLICABLE_UNCALLABLE_OR_INELIGIBLE	INSUFFICIENT_TO_RESOLVE	NO	NOT_ELIGIBLE	NOT_CALLABLE_OR_NOT_CALLER_ELIGIBLE_UNDER_G5;BOUNDARY_AUDIT_INSUFFICIENT_TO_RESOLVE
HPL00713	MONO_AT	EMPIRICALLY_VALIDATED_EXACT	NOT_APPLICABLE_UNCALLABLE_OR_INELIGIBLE	INSUFFICIENT_TO_RESOLVE	NO	NOT_ELIGIBLE	NOT_CALLABLE_OR_NOT_CALLER_ELIGIBLE_UNDER_G5;BOUNDARY_AUDIT_INSUFFICIENT_TO_RESOLVE
HPL00714	MONO_AT	EMPIRICALLY_VALIDATED_EXACT	NOT_APPLICABLE_UNCALLABLE_OR_INELIGIBLE	INSUFFICIENT_TO_RESOLVE	NO	NOT_ELIGIBLE	NOT_CALLABLE_OR_NOT_CALLER_ELIGIBLE_UNDER_G5;BOUNDARY_AUDIT_INSUFFICIENT_TO_RESOLVE
HPL00715	MONO_GC	SUPPORTED_BUT_ALLELE_DIVERSITY_LIMITED	NOT_APPLICABLE_UNCALLABLE_OR_INELIGIBLE	ORTHOLOGY_AMBIGUOUS	NO	NOT_ELIGIBLE	NOT_CALLABLE_OR_NOT_CALLER_ELIGIBLE_UNDER_G5;BOUNDARY_AUDIT_ORTHOLOGY_AMBIGUOUS
HPL00716	DINUCLEOTIDE	SUPPORTED_BUT_ALLELE_DIVERSITY_LIMITED	NOT_APPLICABLE_UNCALLABLE_OR_INELIGIBLE	BOUNDARY_STABLE	NO	NOT_ELIGIBLE	NOT_CALLABLE_OR_NOT_CALLER_ELIGIBLE_UNDER_G5
HPL00717	TRINUCLEOTIDE	SUPPORTED_BUT_ALLELE_DIVERSITY_LIMITED	INELIGIBLE_PLATFORM_CONFOUNDED_CALLABILITY	BOUNDARY_STABLE	NO	NOT_ELIGIBLE	PLATFORM_CONFOUNDED_CALLABILITY
HPL00718	TRINUCLEOTIDE	SUPPORTED_BUT_ALLELE_DIVERSITY_LIMITED	INELIGIBLE_PLATFORM_CONFOUNDED_CALLABILITY	ORTHOLOGY_AMBIGUOUS	NO	NOT_ELIGIBLE	PLATFORM_CONFOUNDED_CALLABILITY;BOUNDARY_AUDIT_ORTHOLOGY_AMBIGUOUS
HPL00719	MONO_AT	EMPIRICALLY_VALIDATED_EXACT	INELIGIBLE_PLATFORM_CONFOUNDED_CALLABILITY	INSUFFICIENT_TO_RESOLVE	NO	NOT_ELIGIBLE	PLATFORM_CONFOUNDED_CALLABILITY;BOUNDARY_AUDIT_INSUFFICIENT_TO_RESOLVE
HPL00720	MONO_AT	EMPIRICALLY_VALIDATED_EXACT	INELIGIBLE_PLATFORM_CONFOUNDED_CALLABILITY	INSUFFICIENT_TO_RESOLVE	NO	NOT_ELIGIBLE	PLATFORM_CONFOUNDED_CALLABILITY;BOUNDARY_AUDIT_INSUFFICIENT_TO_RESOLVE
HPL00721	MONO_AT	EMPIRICALLY_VALIDATED_EXACT	NOT_APPLICABLE_UNCALLABLE_OR_INELIGIBLE	INSUFFICIENT_TO_RESOLVE	NO	NOT_ELIGIBLE	NOT_CALLABLE_OR_NOT_CALLER_ELIGIBLE_UNDER_G5;BOUNDARY_AUDIT_INSUFFICIENT_TO_RESOLVE
HPL00722	DINUCLEOTIDE	SUPPORTED_BUT_ALLELE_DIVERSITY_LIMITED	NOT_APPLICABLE_UNCALLABLE_OR_INELIGIBLE	INSUFFICIENT_TO_RESOLVE	NO	NOT_ELIGIBLE	NOT_CALLABLE_OR_NOT_CALLER_ELIGIBLE_UNDER_G5;BOUNDARY_AUDIT_INSUFFICIENT_TO_RESOLVE
HPL00723	MONO_AT	EMPIRICALLY_VALIDATED_EXACT	NOT_APPLICABLE_UNCALLABLE_OR_INELIGIBLE	ORTHOLOGY_AMBIGUOUS	NO	NOT_ELIGIBLE	NOT_CALLABLE_OR_NOT_CALLER_ELIGIBLE_UNDER_G5;BOUNDARY_AUDIT_ORTHOLOGY_AMBIGUOUS
HPL00724	MONO_AT	EMPIRICALLY_VALIDATED_EXACT	NOT_APPLICABLE_UNCALLABLE_OR_INELIGIBLE	ORTHOLOGY_AMBIGUOUS	NO	NOT_ELIGIBLE	NOT_CALLABLE_OR_NOT_CALLER_ELIGIBLE_UNDER_G5;BOUNDARY_AUDIT_ORTHOLOGY_AMBIGUOUS
HPL00725	MONO_AT	EMPIRICALLY_VALIDATED_EXACT	NOT_APPLICABLE_UNCALLABLE_OR_INELIGIBLE	ORTHOLOGY_AMBIGUOUS	NO	NOT_ELIGIBLE	NOT_CALLABLE_OR_NOT_CALLER_ELIGIBLE_UNDER_G5;BOUNDARY_AUDIT_ORTHOLOGY_AMBIGUOUS
HPL00726	MONO_GC	SUPPORTED_BUT_ALLELE_DIVERSITY_LIMITED	NOT_APPLICABLE_UNCALLABLE_OR_INELIGIBLE	INSUFFICIENT_TO_RESOLVE	NO	NOT_ELIGIBLE	NOT_CALLABLE_OR_NOT_CALLER_ELIGIBLE_UNDER_G5;BOUNDARY_AUDIT_INSUFFICIENT_TO_RESOLVE
HPL00727	MONO_AT	EMPIRICALLY_VALIDATED_EXACT	NOT_APPLICABLE_UNCALLABLE_OR_INELIGIBLE	INSUFFICIENT_TO_RESOLVE	NO	NOT_ELIGIBLE	NOT_CALLABLE_OR_NOT_CALLER_ELIGIBLE_UNDER_G5;BOUNDARY_AUDIT_INSUFFICIENT_TO_RESOLVE
HPL00728	MONO_AT	EMPIRICALLY_VALIDATED_EXACT	NOT_APPLICABLE_UNCALLABLE_OR_INELIGIBLE	ORTHOLOGY_AMBIGUOUS	NO	NOT_ELIGIBLE	NOT_CALLABLE_OR_NOT_CALLER_ELIGIBLE_UNDER_G5;BOUNDARY_AUDIT_ORTHOLOGY_AMBIGUOUS
HPL00729	DINUCLEOTIDE	SUPPORTED_BUT_ALLELE_DIVERSITY_LIMITED	NOT_APPLICABLE_UNCALLABLE_OR_INELIGIBLE	ORTHOLOGY_AMBIGUOUS	NO	NOT_ELIGIBLE	NOT_CALLABLE_OR_NOT_CALLER_ELIGIBLE_UNDER_G5;BOUNDARY_AUDIT_ORTHOLOGY_AMBIGUOUS
HPL00730	MONO_AT	EMPIRICALLY_VALIDATED_EXACT	NOT_APPLICABLE_UNCALLABLE_OR_INELIGIBLE	ORTHOLOGY_AMBIGUOUS	NO	NOT_ELIGIBLE	NOT_CALLABLE_OR_NOT_CALLER_ELIGIBLE_UNDER_G5;BOUNDARY_AUDIT_ORTHOLOGY_AMBIGUOUS
HPL00731	MONO_GC	SUPPORTED_BUT_ALLELE_DIVERSITY_LIMITED	NOT_APPLICABLE_UNCALLABLE_OR_INELIGIBLE	ORTHOLOGY_AMBIGUOUS	NO	NOT_ELIGIBLE	NOT_CALLABLE_OR_NOT_CALLER_ELIGIBLE_UNDER_G5;BOUNDARY_AUDIT_ORTHOLOGY_AMBIGUOUS
HPL00732	MONO_AT	EMPIRICALLY_VALIDATED_EXACT	PENDING_G7	ORTHOLOGY_AMBIGUOUS	NO	NOT_ELIGIBLE	BOUNDARY_AUDIT_ORTHOLOGY_AMBIGUOUS
HPL00733	MONO_AT	EMPIRICALLY_VALIDATED_EXACT	PENDING_G7	INSUFFICIENT_TO_RESOLVE	NO	NOT_ELIGIBLE	BOUNDARY_AUDIT_INSUFFICIENT_TO_RESOLVE
HPL00734	MONO_AT	EMPIRICALLY_VALIDATED_EXACT	PENDING_G7	ORTHOLOGY_AMBIGUOUS	NO	NOT_ELIGIBLE	BOUNDARY_AUDIT_ORTHOLOGY_AMBIGUOUS
HPL00735	MONO_AT	EMPIRICALLY_VALIDATED_EXACT	INELIGIBLE_PLATFORM_CONFOUNDED_CALLABILITY	BOUNDARY_STABLE	NO	NOT_ELIGIBLE	PLATFORM_CONFOUNDED_CALLABILITY
HPL00736	MONO_AT	EMPIRICALLY_VALIDATED_EXACT	NOT_APPLICABLE_UNCALLABLE_OR_INELIGIBLE	BOUNDARY_STABLE	NO	NOT_ELIGIBLE	NOT_CALLABLE_OR_NOT_CALLER_ELIGIBLE_UNDER_G5
HPL00737	MONO_AT	EMPIRICALLY_VALIDATED_EXACT	NOT_APPLICABLE_UNCALLABLE_OR_INELIGIBLE	ORTHOLOGY_AMBIGUOUS	NO	NOT_ELIGIBLE	NOT_CALLABLE_OR_NOT_CALLER_ELIGIBLE_UNDER_G5;BOUNDARY_AUDIT_ORTHOLOGY_AMBIGUOUS
HPL00738	MONO_AT	EMPIRICALLY_VALIDATED_EXACT	INELIGIBLE_PLATFORM_CONFOUNDED_CALLABILITY	ORTHOLOGY_AMBIGUOUS	NO	NOT_ELIGIBLE	PLATFORM_CONFOUNDED_CALLABILITY;BOUNDARY_AUDIT_ORTHOLOGY_AMBIGUOUS
HPL00739	MONO_AT	EMPIRICALLY_VALIDATED_EXACT	NOT_APPLICABLE_UNCALLABLE_OR_INELIGIBLE	ORTHOLOGY_AMBIGUOUS	NO	NOT_ELIGIBLE	NOT_CALLABLE_OR_NOT_CALLER_ELIGIBLE_UNDER_G5;BOUNDARY_AUDIT_ORTHOLOGY_AMBIGUOUS
HPL00740	MONO_AT	EMPIRICALLY_VALIDATED_EXACT	NOT_APPLICABLE_UNCALLABLE_OR_INELIGIBLE	INSUFFICIENT_TO_RESOLVE	NO	NOT_ELIGIBLE	NOT_CALLABLE_OR_NOT_CALLER_ELIGIBLE_UNDER_G5;BOUNDARY_AUDIT_INSUFFICIENT_TO_RESOLVE
HPL00741	MONO_AT	EMPIRICALLY_VALIDATED_EXACT	NOT_APPLICABLE_UNCALLABLE_OR_INELIGIBLE	BOUNDARY_STABLE	NO	NOT_ELIGIBLE	NOT_CALLABLE_OR_NOT_CALLER_ELIGIBLE_UNDER_G5
HPL00742	MONO_AT	EMPIRICALLY_VALIDATED_EXACT	NOT_APPLICABLE_UNCALLABLE_OR_INELIGIBLE	BOUNDARY_STABLE	NO	NOT_ELIGIBLE	NOT_CALLABLE_OR_NOT_CALLER_ELIGIBLE_UNDER_G5
HPL00743	TRINUCLEOTIDE	SUPPORTED_BUT_ALLELE_DIVERSITY_LIMITED	PENDING_G7	BOUNDARY_STABLE	NO	ELIGIBLE_FLAGGED_PROVISIONAL	NA
HPL00744	MONO_AT	EMPIRICALLY_VALIDATED_EXACT	NOT_APPLICABLE_UNCALLABLE_OR_INELIGIBLE	ORTHOLOGY_AMBIGUOUS	NO	NOT_ELIGIBLE	NOT_CALLABLE_OR_NOT_CALLER_ELIGIBLE_UNDER_G5;BOUNDARY_AUDIT_ORTHOLOGY_AMBIGUOUS
HPL00745	MONO_AT	EMPIRICALLY_VALIDATED_EXACT	NOT_APPLICABLE_UNCALLABLE_OR_INELIGIBLE	ORTHOLOGY_AMBIGUOUS	NO	NOT_ELIGIBLE	NOT_CALLABLE_OR_NOT_CALLER_ELIGIBLE_UNDER_G5;BOUNDARY_AUDIT_ORTHOLOGY_AMBIGUOUS
HPL00746	MONO_AT	EMPIRICALLY_VALIDATED_EXACT	NOT_APPLICABLE_UNCALLABLE_OR_INELIGIBLE	ORTHOLOGY_AMBIGUOUS	NO	NOT_ELIGIBLE	NOT_CALLABLE_OR_NOT_CALLER_ELIGIBLE_UNDER_G5;BOUNDARY_AUDIT_ORTHOLOGY_AMBIGUOUS
HPL00747	MONO_AT	EMPIRICALLY_VALIDATED_EXACT	NOT_APPLICABLE_UNCALLABLE_OR_INELIGIBLE	ORTHOLOGY_AMBIGUOUS	NO	NOT_ELIGIBLE	NOT_CALLABLE_OR_NOT_CALLER_ELIGIBLE_UNDER_G5;BOUNDARY_AUDIT_ORTHOLOGY_AMBIGUOUS
HPL00748	MONO_AT	EMPIRICALLY_VALIDATED_EXACT	PENDING_G7	ORTHOLOGY_AMBIGUOUS	NO	NOT_ELIGIBLE	BOUNDARY_AUDIT_ORTHOLOGY_AMBIGUOUS
HPL00749	MONO_AT	EMPIRICALLY_VALIDATED_EXACT	PENDING_G7	ORTHOLOGY_AMBIGUOUS	NO	NOT_ELIGIBLE	BOUNDARY_AUDIT_ORTHOLOGY_AMBIGUOUS
HPL00750	MONO_AT	EMPIRICALLY_VALIDATED_EXACT	PENDING_G7	BOUNDARY_STABLE	NO	ELIGIBLE	NA
HPL00751	MONO_AT	EMPIRICALLY_VALIDATED_EXACT	PENDING_G7	BOUNDARY_STABLE	NO	ELIGIBLE	NA
HPL00752	MONO_AT	EMPIRICALLY_VALIDATED_EXACT	PENDING_G7	BOUNDARY_STABLE	NO	ELIGIBLE	NA
HPL00753	MONO_GC	SUPPORTED_BUT_ALLELE_DIVERSITY_LIMITED	NOT_APPLICABLE_UNCALLABLE_OR_INELIGIBLE	ORTHOLOGY_AMBIGUOUS	NO	NOT_ELIGIBLE	NOT_CALLABLE_OR_NOT_CALLER_ELIGIBLE_UNDER_G5;BOUNDARY_AUDIT_ORTHOLOGY_AMBIGUOUS
HPL00754	MONO_GC	SUPPORTED_BUT_ALLELE_DIVERSITY_LIMITED	PENDING_G7	ORTHOLOGY_AMBIGUOUS	NO	NOT_ELIGIBLE	BOUNDARY_AUDIT_ORTHOLOGY_AMBIGUOUS
HPL00755	MONO_AT	EMPIRICALLY_VALIDATED_EXACT	NOT_APPLICABLE_UNCALLABLE_OR_INELIGIBLE	ORTHOLOGY_AMBIGUOUS	NO	NOT_ELIGIBLE	NOT_CALLABLE_OR_NOT_CALLER_ELIGIBLE_UNDER_G5;BOUNDARY_AUDIT_ORTHOLOGY_AMBIGUOUS
HPL00756	MONO_AT	EMPIRICALLY_VALIDATED_EXACT	NOT_APPLICABLE_UNCALLABLE_OR_INELIGIBLE	ORTHOLOGY_AMBIGUOUS	NO	NOT_ELIGIBLE	NOT_CALLABLE_OR_NOT_CALLER_ELIGIBLE_UNDER_G5;BOUNDARY_AUDIT_ORTHOLOGY_AMBIGUOUS
HPL00757	MONO_GC	SUPPORTED_BUT_ALLELE_DIVERSITY_LIMITED	NOT_APPLICABLE_UNCALLABLE_OR_INELIGIBLE	ORTHOLOGY_AMBIGUOUS	NO	NOT_ELIGIBLE	NOT_CALLABLE_OR_NOT_CALLER_ELIGIBLE_UNDER_G5;BOUNDARY_AUDIT_ORTHOLOGY_AMBIGUOUS
HPL00758	MONO_AT	EMPIRICALLY_VALIDATED_EXACT	NOT_APPLICABLE_UNCALLABLE_OR_INELIGIBLE	BOUNDARY_STABLE	NO	NOT_ELIGIBLE	NOT_CALLABLE_OR_NOT_CALLER_ELIGIBLE_UNDER_G5
HPL00759	MONO_AT	EMPIRICALLY_VALIDATED_EXACT	NOT_APPLICABLE_UNCALLABLE_OR_INELIGIBLE	INSUFFICIENT_TO_RESOLVE	NO	NOT_ELIGIBLE	NOT_CALLABLE_OR_NOT_CALLER_ELIGIBLE_UNDER_G5;BOUNDARY_AUDIT_INSUFFICIENT_TO_RESOLVE
HPL00760	MONO_AT	EMPIRICALLY_VALIDATED_EXACT	NOT_APPLICABLE_UNCALLABLE_OR_INELIGIBLE	ORTHOLOGY_AMBIGUOUS	NO	NOT_ELIGIBLE	NOT_CALLABLE_OR_NOT_CALLER_ELIGIBLE_UNDER_G5;BOUNDARY_AUDIT_ORTHOLOGY_AMBIGUOUS
HPL00761	MONO_AT	EMPIRICALLY_VALIDATED_EXACT	PENDING_G7	BOUNDARY_STABLE	NO	ELIGIBLE	NA
HPL00762	TRINUCLEOTIDE	SUPPORTED_BUT_ALLELE_DIVERSITY_LIMITED	NOT_APPLICABLE_UNCALLABLE_OR_INELIGIBLE	INSUFFICIENT_TO_RESOLVE	NO	NOT_ELIGIBLE	NOT_CALLABLE_OR_NOT_CALLER_ELIGIBLE_UNDER_G5;BOUNDARY_AUDIT_INSUFFICIENT_TO_RESOLVE
HPL00763	MONO_AT	EMPIRICALLY_VALIDATED_EXACT	INELIGIBLE_PLATFORM_CONFOUNDED_CALLABILITY	INSUFFICIENT_TO_RESOLVE	NO	NOT_ELIGIBLE	PLATFORM_CONFOUNDED_CALLABILITY;BOUNDARY_AUDIT_INSUFFICIENT_TO_RESOLVE
HPL00764	DINUCLEOTIDE	SUPPORTED_BUT_ALLELE_DIVERSITY_LIMITED	NOT_APPLICABLE_UNCALLABLE_OR_INELIGIBLE	ORTHOLOGY_AMBIGUOUS	NO	NOT_ELIGIBLE	NOT_CALLABLE_OR_NOT_CALLER_ELIGIBLE_UNDER_G5;BOUNDARY_AUDIT_ORTHOLOGY_AMBIGUOUS
HPL00765	MOTIF_GE4	SUPPORTED_BUT_ALLELE_DIVERSITY_LIMITED	NOT_APPLICABLE_UNCALLABLE_OR_INELIGIBLE	INSUFFICIENT_TO_RESOLVE	NO	NOT_ELIGIBLE	NOT_CALLABLE_OR_NOT_CALLER_ELIGIBLE_UNDER_G5;BOUNDARY_AUDIT_INSUFFICIENT_TO_RESOLVE
HPL00766	MONO_AT	EMPIRICALLY_VALIDATED_EXACT	PENDING_G7	INSUFFICIENT_TO_RESOLVE	NO	NOT_ELIGIBLE	BOUNDARY_AUDIT_INSUFFICIENT_TO_RESOLVE
HPL00767	MONO_AT	EMPIRICALLY_VALIDATED_EXACT	NOT_APPLICABLE_UNCALLABLE_OR_INELIGIBLE	ORTHOLOGY_AMBIGUOUS	NO	NOT_ELIGIBLE	NOT_CALLABLE_OR_NOT_CALLER_ELIGIBLE_UNDER_G5;BOUNDARY_AUDIT_ORTHOLOGY_AMBIGUOUS
HPL00768	MONO_AT	EMPIRICALLY_VALIDATED_EXACT	NOT_APPLICABLE_UNCALLABLE_OR_INELIGIBLE	ORTHOLOGY_AMBIGUOUS	NO	NOT_ELIGIBLE	NOT_CALLABLE_OR_NOT_CALLER_ELIGIBLE_UNDER_G5;BOUNDARY_AUDIT_ORTHOLOGY_AMBIGUOUS
HPL00769	MONO_AT	EMPIRICALLY_VALIDATED_EXACT	NOT_APPLICABLE_UNCALLABLE_OR_INELIGIBLE	BOUNDARY_STABLE	NO	NOT_ELIGIBLE	NOT_CALLABLE_OR_NOT_CALLER_ELIGIBLE_UNDER_G5
HPL00770	MONO_AT	EMPIRICALLY_VALIDATED_EXACT	INELIGIBLE_PLATFORM_CONFOUNDED_CALLABILITY	BOUNDARY_STABLE	NO	NOT_ELIGIBLE	PLATFORM_CONFOUNDED_CALLABILITY
HPL00771	TRINUCLEOTIDE	SUPPORTED_BUT_ALLELE_DIVERSITY_LIMITED	PENDING_G7	ORTHOLOGY_AMBIGUOUS	NO	NOT_ELIGIBLE	BOUNDARY_AUDIT_ORTHOLOGY_AMBIGUOUS
HPL00772	MONO_AT	EMPIRICALLY_VALIDATED_EXACT	NOT_APPLICABLE_UNCALLABLE_OR_INELIGIBLE	ORTHOLOGY_AMBIGUOUS	NO	NOT_ELIGIBLE	NOT_CALLABLE_OR_NOT_CALLER_ELIGIBLE_UNDER_G5;BOUNDARY_AUDIT_ORTHOLOGY_AMBIGUOUS
HPL00773	MONO_AT	EMPIRICALLY_VALIDATED_EXACT	NOT_APPLICABLE_UNCALLABLE_OR_INELIGIBLE	ORTHOLOGY_AMBIGUOUS	NO	NOT_ELIGIBLE	NOT_CALLABLE_OR_NOT_CALLER_ELIGIBLE_UNDER_G5;BOUNDARY_AUDIT_ORTHOLOGY_AMBIGUOUS
HPL00774	MONO_AT	EMPIRICALLY_VALIDATED_EXACT	NOT_APPLICABLE_UNCALLABLE_OR_INELIGIBLE	ORTHOLOGY_AMBIGUOUS	NO	NOT_ELIGIBLE	NOT_CALLABLE_OR_NOT_CALLER_ELIGIBLE_UNDER_G5;BOUNDARY_AUDIT_ORTHOLOGY_AMBIGUOUS
HPL00775	MONO_AT	EMPIRICALLY_VALIDATED_EXACT	NOT_APPLICABLE_UNCALLABLE_OR_INELIGIBLE	INSUFFICIENT_TO_RESOLVE	NO	NOT_ELIGIBLE	NOT_CALLABLE_OR_NOT_CALLER_ELIGIBLE_UNDER_G5;BOUNDARY_AUDIT_INSUFFICIENT_TO_RESOLVE
HPL00776	MONO_AT	EMPIRICALLY_VALIDATED_EXACT	NOT_APPLICABLE_UNCALLABLE_OR_INELIGIBLE	INSUFFICIENT_TO_RESOLVE	NO	NOT_ELIGIBLE	NOT_CALLABLE_OR_NOT_CALLER_ELIGIBLE_UNDER_G5;BOUNDARY_AUDIT_INSUFFICIENT_TO_RESOLVE
HPL00777	MONO_AT	EMPIRICALLY_VALIDATED_EXACT	NOT_APPLICABLE_UNCALLABLE_OR_INELIGIBLE	ORTHOLOGY_AMBIGUOUS	NO	NOT_ELIGIBLE	NOT_CALLABLE_OR_NOT_CALLER_ELIGIBLE_UNDER_G5;BOUNDARY_AUDIT_ORTHOLOGY_AMBIGUOUS
HPL00778	MONO_AT	EMPIRICALLY_VALIDATED_EXACT	NOT_APPLICABLE_UNCALLABLE_OR_INELIGIBLE	ORTHOLOGY_AMBIGUOUS	NO	NOT_ELIGIBLE	NOT_CALLABLE_OR_NOT_CALLER_ELIGIBLE_UNDER_G5;BOUNDARY_AUDIT_ORTHOLOGY_AMBIGUOUS
HPL00779	MONO_AT	EMPIRICALLY_VALIDATED_EXACT	INELIGIBLE_PLATFORM_CONFOUNDED_CALLABILITY	BOUNDARY_STABLE	NO	NOT_ELIGIBLE	PLATFORM_CONFOUNDED_CALLABILITY
HPL00780	MONO_AT	EMPIRICALLY_VALIDATED_EXACT	PENDING_G7	BOUNDARY_STABLE	NO	ELIGIBLE	NA
HPL00781	MONO_AT	EMPIRICALLY_VALIDATED_EXACT	INELIGIBLE_PLATFORM_CONFOUNDED_CALLABILITY	ORTHOLOGY_AMBIGUOUS	NO	NOT_ELIGIBLE	PLATFORM_CONFOUNDED_CALLABILITY;BOUNDARY_AUDIT_ORTHOLOGY_AMBIGUOUS
HPL00782	MONO_AT	EMPIRICALLY_VALIDATED_EXACT	PENDING_G7	BOUNDARY_STABLE	NO	ELIGIBLE	NA
HPL00783	MONO_AT	EMPIRICALLY_VALIDATED_EXACT	NOT_APPLICABLE_UNCALLABLE_OR_INELIGIBLE	INSUFFICIENT_TO_RESOLVE	NO	NOT_ELIGIBLE	NOT_CALLABLE_OR_NOT_CALLER_ELIGIBLE_UNDER_G5;BOUNDARY_AUDIT_INSUFFICIENT_TO_RESOLVE
HPL00784	MONO_AT	EMPIRICALLY_VALIDATED_EXACT	NOT_APPLICABLE_UNCALLABLE_OR_INELIGIBLE	ORTHOLOGY_AMBIGUOUS	NO	NOT_ELIGIBLE	NOT_CALLABLE_OR_NOT_CALLER_ELIGIBLE_UNDER_G5;BOUNDARY_AUDIT_ORTHOLOGY_AMBIGUOUS
HPL00785	MONO_AT	EMPIRICALLY_VALIDATED_EXACT	NOT_APPLICABLE_UNCALLABLE_OR_INELIGIBLE	ORTHOLOGY_AMBIGUOUS	NO	NOT_ELIGIBLE	NOT_CALLABLE_OR_NOT_CALLER_ELIGIBLE_UNDER_G5;BOUNDARY_AUDIT_ORTHOLOGY_AMBIGUOUS
HPL00786	MONO_AT	EMPIRICALLY_VALIDATED_EXACT	PENDING_G7	INSUFFICIENT_TO_RESOLVE	NO	NOT_ELIGIBLE	BOUNDARY_AUDIT_INSUFFICIENT_TO_RESOLVE
HPL00787	MONO_AT	EMPIRICALLY_VALIDATED_EXACT	NOT_APPLICABLE_UNCALLABLE_OR_INELIGIBLE	INSUFFICIENT_TO_RESOLVE	NO	NOT_ELIGIBLE	NOT_CALLABLE_OR_NOT_CALLER_ELIGIBLE_UNDER_G5;BOUNDARY_AUDIT_INSUFFICIENT_TO_RESOLVE
HPL00788	MONO_AT	EMPIRICALLY_VALIDATED_EXACT	NOT_APPLICABLE_UNCALLABLE_OR_INELIGIBLE	INSUFFICIENT_TO_RESOLVE	NO	NOT_ELIGIBLE	NOT_CALLABLE_OR_NOT_CALLER_ELIGIBLE_UNDER_G5;BOUNDARY_AUDIT_INSUFFICIENT_TO_RESOLVE
HPL00789	MONO_AT	EMPIRICALLY_VALIDATED_EXACT	INELIGIBLE_PLATFORM_CONFOUNDED_CALLABILITY	BOUNDARY_STABLE	NO	NOT_ELIGIBLE	PLATFORM_CONFOUNDED_CALLABILITY
HPL00790	MONO_AT	EMPIRICALLY_VALIDATED_EXACT	PENDING_G7	INSUFFICIENT_TO_RESOLVE	NO	NOT_ELIGIBLE	BOUNDARY_AUDIT_INSUFFICIENT_TO_RESOLVE
HPL00791	MONO_AT	EMPIRICALLY_VALIDATED_EXACT	NOT_APPLICABLE_UNCALLABLE_OR_INELIGIBLE	BOUNDARY_STABLE	NO	NOT_ELIGIBLE	NOT_CALLABLE_OR_NOT_CALLER_ELIGIBLE_UNDER_G5
HPL00792	MONO_AT	EMPIRICALLY_VALIDATED_EXACT	NOT_APPLICABLE_UNCALLABLE_OR_INELIGIBLE	ORTHOLOGY_AMBIGUOUS	NO	NOT_ELIGIBLE	NOT_CALLABLE_OR_NOT_CALLER_ELIGIBLE_UNDER_G5;BOUNDARY_AUDIT_ORTHOLOGY_AMBIGUOUS
HPL00793	MONO_AT	EMPIRICALLY_VALIDATED_EXACT	NOT_APPLICABLE_UNCALLABLE_OR_INELIGIBLE	ORTHOLOGY_AMBIGUOUS	NO	NOT_ELIGIBLE	NOT_CALLABLE_OR_NOT_CALLER_ELIGIBLE_UNDER_G5;BOUNDARY_AUDIT_ORTHOLOGY_AMBIGUOUS
HPL00794	MONO_AT	EMPIRICALLY_VALIDATED_EXACT	NOT_APPLICABLE_UNCALLABLE_OR_INELIGIBLE	ORTHOLOGY_AMBIGUOUS	NO	NOT_ELIGIBLE	NOT_CALLABLE_OR_NOT_CALLER_ELIGIBLE_UNDER_G5;BOUNDARY_AUDIT_ORTHOLOGY_AMBIGUOUS
HPL00795	MONO_GC	SUPPORTED_BUT_ALLELE_DIVERSITY_LIMITED	NOT_APPLICABLE_UNCALLABLE_OR_INELIGIBLE	INSUFFICIENT_TO_RESOLVE	NO	NOT_ELIGIBLE	NOT_CALLABLE_OR_NOT_CALLER_ELIGIBLE_UNDER_G5;BOUNDARY_AUDIT_INSUFFICIENT_TO_RESOLVE
HPL00796	MONO_AT	EMPIRICALLY_VALIDATED_EXACT	NOT_APPLICABLE_UNCALLABLE_OR_INELIGIBLE	INSUFFICIENT_TO_RESOLVE	NO	NOT_ELIGIBLE	NOT_CALLABLE_OR_NOT_CALLER_ELIGIBLE_UNDER_G5;BOUNDARY_AUDIT_INSUFFICIENT_TO_RESOLVE
HPL00797	MONO_AT	EMPIRICALLY_VALIDATED_EXACT	NOT_APPLICABLE_UNCALLABLE_OR_INELIGIBLE	ORTHOLOGY_AMBIGUOUS	NO	NOT_ELIGIBLE	NOT_CALLABLE_OR_NOT_CALLER_ELIGIBLE_UNDER_G5;BOUNDARY_AUDIT_ORTHOLOGY_AMBIGUOUS
HPL00798	MONO_AT	EMPIRICALLY_VALIDATED_EXACT	NOT_APPLICABLE_UNCALLABLE_OR_INELIGIBLE	INSUFFICIENT_TO_RESOLVE	NO	NOT_ELIGIBLE	NOT_CALLABLE_OR_NOT_CALLER_ELIGIBLE_UNDER_G5;BOUNDARY_AUDIT_INSUFFICIENT_TO_RESOLVE
HPL00799	MONO_AT	EMPIRICALLY_VALIDATED_EXACT	NOT_APPLICABLE_UNCALLABLE_OR_INELIGIBLE	INSUFFICIENT_TO_RESOLVE	NO	NOT_ELIGIBLE	NOT_CALLABLE_OR_NOT_CALLER_ELIGIBLE_UNDER_G5;BOUNDARY_AUDIT_INSUFFICIENT_TO_RESOLVE
HPL00800	MONO_AT	EMPIRICALLY_VALIDATED_EXACT	NOT_APPLICABLE_UNCALLABLE_OR_INELIGIBLE	ORTHOLOGY_AMBIGUOUS	NO	NOT_ELIGIBLE	NOT_CALLABLE_OR_NOT_CALLER_ELIGIBLE_UNDER_G5;BOUNDARY_AUDIT_ORTHOLOGY_AMBIGUOUS
HPL00801	TRINUCLEOTIDE	SUPPORTED_BUT_ALLELE_DIVERSITY_LIMITED	NOT_APPLICABLE_UNCALLABLE_OR_INELIGIBLE	INSUFFICIENT_TO_RESOLVE	NO	NOT_ELIGIBLE	NOT_CALLABLE_OR_NOT_CALLER_ELIGIBLE_UNDER_G5;BOUNDARY_AUDIT_INSUFFICIENT_TO_RESOLVE
HPL00802	DINUCLEOTIDE	SUPPORTED_BUT_ALLELE_DIVERSITY_LIMITED	NOT_APPLICABLE_UNCALLABLE_OR_INELIGIBLE	ORTHOLOGY_AMBIGUOUS	NO	NOT_ELIGIBLE	NOT_CALLABLE_OR_NOT_CALLER_ELIGIBLE_UNDER_G5;BOUNDARY_AUDIT_ORTHOLOGY_AMBIGUOUS
HPL00803	MONO_AT	EMPIRICALLY_VALIDATED_EXACT	NOT_APPLICABLE_UNCALLABLE_OR_INELIGIBLE	INSUFFICIENT_TO_RESOLVE	NO	NOT_ELIGIBLE	NOT_CALLABLE_OR_NOT_CALLER_ELIGIBLE_UNDER_G5;BOUNDARY_AUDIT_INSUFFICIENT_TO_RESOLVE
HPL00804	MONO_AT	EMPIRICALLY_VALIDATED_EXACT	PENDING_G7	BOUNDARY_STABLE	NO	ELIGIBLE	NA
HPL00805	MONO_AT	EMPIRICALLY_VALIDATED_EXACT	INELIGIBLE_PLATFORM_CONFOUNDED_CALLABILITY	BOUNDARY_STABLE	NO	NOT_ELIGIBLE	PLATFORM_CONFOUNDED_CALLABILITY
HPL00806	MONO_AT	EMPIRICALLY_VALIDATED_EXACT	NOT_APPLICABLE_UNCALLABLE_OR_INELIGIBLE	INSUFFICIENT_TO_RESOLVE	NO	NOT_ELIGIBLE	NOT_CALLABLE_OR_NOT_CALLER_ELIGIBLE_UNDER_G5;BOUNDARY_AUDIT_INSUFFICIENT_TO_RESOLVE
HPL00807	MOTIF_GE4	SUPPORTED_BUT_ALLELE_DIVERSITY_LIMITED	NOT_APPLICABLE_UNCALLABLE_OR_INELIGIBLE	ORTHOLOGY_AMBIGUOUS	NO	NOT_ELIGIBLE	NOT_CALLABLE_OR_NOT_CALLER_ELIGIBLE_UNDER_G5;BOUNDARY_AUDIT_ORTHOLOGY_AMBIGUOUS
HPL00808	DINUCLEOTIDE	SUPPORTED_BUT_ALLELE_DIVERSITY_LIMITED	NOT_APPLICABLE_UNCALLABLE_OR_INELIGIBLE	INSUFFICIENT_TO_RESOLVE	NO	NOT_ELIGIBLE	NOT_CALLABLE_OR_NOT_CALLER_ELIGIBLE_UNDER_G5;BOUNDARY_AUDIT_INSUFFICIENT_TO_RESOLVE
HPL00809	MONO_AT	EMPIRICALLY_VALIDATED_EXACT	PENDING_G7	BOUNDARY_STABLE	NO	ELIGIBLE	NA
HPL00810	MONO_AT	EMPIRICALLY_VALIDATED_EXACT	PENDING_G7	ORTHOLOGY_AMBIGUOUS	NO	NOT_ELIGIBLE	BOUNDARY_AUDIT_ORTHOLOGY_AMBIGUOUS
HPL00811	MONO_AT	EMPIRICALLY_VALIDATED_EXACT	PENDING_G7	BOUNDARY_STABLE	NO	ELIGIBLE	NA
HPL00812	MONO_GC	SUPPORTED_BUT_ALLELE_DIVERSITY_LIMITED	NOT_APPLICABLE_UNCALLABLE_OR_INELIGIBLE	ORTHOLOGY_AMBIGUOUS	NO	NOT_ELIGIBLE	NOT_CALLABLE_OR_NOT_CALLER_ELIGIBLE_UNDER_G5;BOUNDARY_AUDIT_ORTHOLOGY_AMBIGUOUS
HPL00813	MONO_AT	EMPIRICALLY_VALIDATED_EXACT	NOT_APPLICABLE_UNCALLABLE_OR_INELIGIBLE	ORTHOLOGY_AMBIGUOUS	NO	NOT_ELIGIBLE	NOT_CALLABLE_OR_NOT_CALLER_ELIGIBLE_UNDER_G5;BOUNDARY_AUDIT_ORTHOLOGY_AMBIGUOUS
HPL00814	MONO_AT	EMPIRICALLY_VALIDATED_EXACT	INELIGIBLE_PLATFORM_CONFOUNDED_CALLABILITY	ORTHOLOGY_AMBIGUOUS	NO	NOT_ELIGIBLE	PLATFORM_CONFOUNDED_CALLABILITY;BOUNDARY_AUDIT_ORTHOLOGY_AMBIGUOUS
HPL00815	MONO_GC	SUPPORTED_BUT_ALLELE_DIVERSITY_LIMITED	NOT_APPLICABLE_UNCALLABLE_OR_INELIGIBLE	ORTHOLOGY_AMBIGUOUS	NO	NOT_ELIGIBLE	NOT_CALLABLE_OR_NOT_CALLER_ELIGIBLE_UNDER_G5;BOUNDARY_AUDIT_ORTHOLOGY_AMBIGUOUS
HPL00816	MONO_AT	EMPIRICALLY_VALIDATED_EXACT	PENDING_G7	BOUNDARY_STABLE	NO	ELIGIBLE	NA
HPL00817	MONO_AT	EMPIRICALLY_VALIDATED_EXACT	PENDING_G7	BOUNDARY_STABLE	NO	ELIGIBLE	NA
HPL00818	MONO_AT	EMPIRICALLY_VALIDATED_EXACT	PENDING_G7	BOUNDARY_STABLE	NO	ELIGIBLE	NA
HPL00819	MONO_AT	EMPIRICALLY_VALIDATED_EXACT	INELIGIBLE_PLATFORM_CONFOUNDED_CALLABILITY	BOUNDARY_STABLE	NO	NOT_ELIGIBLE	PLATFORM_CONFOUNDED_CALLABILITY
HPL00820	MONO_AT	EMPIRICALLY_VALIDATED_EXACT	INELIGIBLE_PLATFORM_CONFOUNDED_CALLABILITY	ORTHOLOGY_AMBIGUOUS	NO	NOT_ELIGIBLE	PLATFORM_CONFOUNDED_CALLABILITY;BOUNDARY_AUDIT_ORTHOLOGY_AMBIGUOUS
HPL00821	MONO_AT	EMPIRICALLY_VALIDATED_EXACT	PENDING_G7	ORTHOLOGY_AMBIGUOUS	NO	NOT_ELIGIBLE	BOUNDARY_AUDIT_ORTHOLOGY_AMBIGUOUS
HPL00822	MONO_AT	EMPIRICALLY_VALIDATED_EXACT	INELIGIBLE_PLATFORM_CONFOUNDED_CALLABILITY	BOUNDARY_STABLE	NO	NOT_ELIGIBLE	PLATFORM_CONFOUNDED_CALLABILITY
HPL00823	MONO_AT	EMPIRICALLY_VALIDATED_EXACT	PENDING_G7	INSUFFICIENT_TO_RESOLVE	NO	NOT_ELIGIBLE	BOUNDARY_AUDIT_INSUFFICIENT_TO_RESOLVE
HPL00824	MONO_AT	EMPIRICALLY_VALIDATED_EXACT	PENDING_G7	ORTHOLOGY_AMBIGUOUS	NO	NOT_ELIGIBLE	BOUNDARY_AUDIT_ORTHOLOGY_AMBIGUOUS
HPL00825	MONO_AT	EMPIRICALLY_VALIDATED_EXACT	NOT_APPLICABLE_UNCALLABLE_OR_INELIGIBLE	ORTHOLOGY_AMBIGUOUS	NO	NOT_ELIGIBLE	NOT_CALLABLE_OR_NOT_CALLER_ELIGIBLE_UNDER_G5;BOUNDARY_AUDIT_ORTHOLOGY_AMBIGUOUS
HPL00826	MONO_AT	EMPIRICALLY_VALIDATED_EXACT	INELIGIBLE_PLATFORM_CONFOUNDED_CALLABILITY	BOUNDARY_STABLE	NO	NOT_ELIGIBLE	PLATFORM_CONFOUNDED_CALLABILITY
HPL00827	MONO_GC	SUPPORTED_BUT_ALLELE_DIVERSITY_LIMITED	NOT_APPLICABLE_UNCALLABLE_OR_INELIGIBLE	BOUNDARY_STABLE	NO	NOT_ELIGIBLE	NOT_CALLABLE_OR_NOT_CALLER_ELIGIBLE_UNDER_G5
HPL00828	MONO_AT	EMPIRICALLY_VALIDATED_EXACT	PENDING_G7	ORTHOLOGY_AMBIGUOUS	NO	NOT_ELIGIBLE	BOUNDARY_AUDIT_ORTHOLOGY_AMBIGUOUS
HPL00829	MONO_AT	EMPIRICALLY_VALIDATED_EXACT	NOT_APPLICABLE_UNCALLABLE_OR_INELIGIBLE	INSUFFICIENT_TO_RESOLVE	NO	NOT_ELIGIBLE	NOT_CALLABLE_OR_NOT_CALLER_ELIGIBLE_UNDER_G5;BOUNDARY_AUDIT_INSUFFICIENT_TO_RESOLVE
HPL00830	MONO_AT	EMPIRICALLY_VALIDATED_EXACT	NOT_APPLICABLE_UNCALLABLE_OR_INELIGIBLE	INSUFFICIENT_TO_RESOLVE	NO	NOT_ELIGIBLE	NOT_CALLABLE_OR_NOT_CALLER_ELIGIBLE_UNDER_G5;BOUNDARY_AUDIT_INSUFFICIENT_TO_RESOLVE
HPL00831	MONO_AT	EMPIRICALLY_VALIDATED_EXACT	NOT_APPLICABLE_UNCALLABLE_OR_INELIGIBLE	BOUNDARY_STABLE	NO	NOT_ELIGIBLE	NOT_CALLABLE_OR_NOT_CALLER_ELIGIBLE_UNDER_G5
HPL00832	TRINUCLEOTIDE	SUPPORTED_BUT_ALLELE_DIVERSITY_LIMITED	INELIGIBLE_PLATFORM_CONFOUNDED_CALLABILITY	INSUFFICIENT_TO_RESOLVE	NO	NOT_ELIGIBLE	PLATFORM_CONFOUNDED_CALLABILITY;BOUNDARY_AUDIT_INSUFFICIENT_TO_RESOLVE
HPL00833	MONO_GC	SUPPORTED_BUT_ALLELE_DIVERSITY_LIMITED	PENDING_G7	ORTHOLOGY_AMBIGUOUS	NO	NOT_ELIGIBLE	BOUNDARY_AUDIT_ORTHOLOGY_AMBIGUOUS
HPL00834	MONO_AT	EMPIRICALLY_VALIDATED_EXACT	NOT_APPLICABLE_UNCALLABLE_OR_INELIGIBLE	INSUFFICIENT_TO_RESOLVE	NO	NOT_ELIGIBLE	NOT_CALLABLE_OR_NOT_CALLER_ELIGIBLE_UNDER_G5;BOUNDARY_AUDIT_INSUFFICIENT_TO_RESOLVE
HPL00835	MONO_AT	EMPIRICALLY_VALIDATED_EXACT	PENDING_G7	BOUNDARY_STABLE	NO	ELIGIBLE	NA
HPL00836	MONO_AT	EMPIRICALLY_VALIDATED_EXACT	NOT_APPLICABLE_UNCALLABLE_OR_INELIGIBLE	INSUFFICIENT_TO_RESOLVE	NO	NOT_ELIGIBLE	NOT_CALLABLE_OR_NOT_CALLER_ELIGIBLE_UNDER_G5;BOUNDARY_AUDIT_INSUFFICIENT_TO_RESOLVE
HPL00837	MONO_AT	EMPIRICALLY_VALIDATED_EXACT	PENDING_G7	INSUFFICIENT_TO_RESOLVE	NO	NOT_ELIGIBLE	BOUNDARY_AUDIT_INSUFFICIENT_TO_RESOLVE
HPL00838	MONO_AT	EMPIRICALLY_VALIDATED_EXACT	PENDING_G7	BOUNDARY_STABLE	NO	ELIGIBLE	NA
HPL00839	MONO_AT	EMPIRICALLY_VALIDATED_EXACT	PENDING_G7	BOUNDARY_STABLE	NO	ELIGIBLE	NA
HPL00840	MONO_AT	EMPIRICALLY_VALIDATED_EXACT	PENDING_G7	BOUNDARY_STABLE	NO	ELIGIBLE	NA
HPL00841	MONO_AT	EMPIRICALLY_VALIDATED_EXACT	PENDING_G7	BOUNDARY_STABLE	NO	ELIGIBLE	NA
HPL00842	MONO_AT	EMPIRICALLY_VALIDATED_EXACT	NOT_APPLICABLE_UNCALLABLE_OR_INELIGIBLE	BOUNDARY_STABLE	NO	NOT_ELIGIBLE	NOT_CALLABLE_OR_NOT_CALLER_ELIGIBLE_UNDER_G5
HPL00843	MONO_GC	SUPPORTED_BUT_ALLELE_DIVERSITY_LIMITED	PENDING_G7	INSUFFICIENT_TO_RESOLVE	NO	NOT_ELIGIBLE	BOUNDARY_AUDIT_INSUFFICIENT_TO_RESOLVE
HPL00844	DINUCLEOTIDE	SUPPORTED_BUT_ALLELE_DIVERSITY_LIMITED	NOT_APPLICABLE_UNCALLABLE_OR_INELIGIBLE	INSUFFICIENT_TO_RESOLVE	NO	NOT_ELIGIBLE	NOT_CALLABLE_OR_NOT_CALLER_ELIGIBLE_UNDER_G5;BOUNDARY_AUDIT_INSUFFICIENT_TO_RESOLVE
HPL00845	MONO_AT	EMPIRICALLY_VALIDATED_EXACT	PENDING_G7	ORTHOLOGY_AMBIGUOUS	NO	NOT_ELIGIBLE	BOUNDARY_AUDIT_ORTHOLOGY_AMBIGUOUS
HPL00846	MONO_AT	EMPIRICALLY_VALIDATED_EXACT	PENDING_G7	INSUFFICIENT_TO_RESOLVE	NO	NOT_ELIGIBLE	BOUNDARY_AUDIT_INSUFFICIENT_TO_RESOLVE
HPL00847	MONO_AT	EMPIRICALLY_VALIDATED_EXACT	NOT_APPLICABLE_UNCALLABLE_OR_INELIGIBLE	ORTHOLOGY_AMBIGUOUS	NO	NOT_ELIGIBLE	NOT_CALLABLE_OR_NOT_CALLER_ELIGIBLE_UNDER_G5;BOUNDARY_AUDIT_ORTHOLOGY_AMBIGUOUS
HPL00848	MONO_AT	EMPIRICALLY_VALIDATED_EXACT	NOT_APPLICABLE_UNCALLABLE_OR_INELIGIBLE	ORTHOLOGY_AMBIGUOUS	NO	NOT_ELIGIBLE	NOT_CALLABLE_OR_NOT_CALLER_ELIGIBLE_UNDER_G5;BOUNDARY_AUDIT_ORTHOLOGY_AMBIGUOUS
HPL00849	MONO_AT	EMPIRICALLY_VALIDATED_EXACT	PENDING_G7	BOUNDARY_STABLE	NO	ELIGIBLE	NA
HPL00850	MOTIF_GE4	SUPPORTED_BUT_ALLELE_DIVERSITY_LIMITED	NOT_APPLICABLE_UNCALLABLE_OR_INELIGIBLE	BOUNDARY_AMBIGUOUS	NO	NOT_ELIGIBLE	NOT_CALLABLE_OR_NOT_CALLER_ELIGIBLE_UNDER_G5;BOUNDARY_AUDIT_BOUNDARY_AMBIGUOUS
HPL00851	MONO_AT	EMPIRICALLY_VALIDATED_EXACT	NOT_APPLICABLE_UNCALLABLE_OR_INELIGIBLE	INSUFFICIENT_TO_RESOLVE	NO	NOT_ELIGIBLE	NOT_CALLABLE_OR_NOT_CALLER_ELIGIBLE_UNDER_G5;BOUNDARY_AUDIT_INSUFFICIENT_TO_RESOLVE
HPL00852	MONO_AT	EMPIRICALLY_VALIDATED_EXACT	NOT_APPLICABLE_UNCALLABLE_OR_INELIGIBLE	ORTHOLOGY_AMBIGUOUS	NO	NOT_ELIGIBLE	NOT_CALLABLE_OR_NOT_CALLER_ELIGIBLE_UNDER_G5;BOUNDARY_AUDIT_ORTHOLOGY_AMBIGUOUS
HPL00853	MONO_AT	EMPIRICALLY_VALIDATED_EXACT	NOT_APPLICABLE_UNCALLABLE_OR_INELIGIBLE	INSUFFICIENT_TO_RESOLVE	NO	NOT_ELIGIBLE	NOT_CALLABLE_OR_NOT_CALLER_ELIGIBLE_UNDER_G5;BOUNDARY_AUDIT_INSUFFICIENT_TO_RESOLVE
HPL00854	MONO_AT	EMPIRICALLY_VALIDATED_EXACT	NOT_APPLICABLE_UNCALLABLE_OR_INELIGIBLE	INSUFFICIENT_TO_RESOLVE	NO	NOT_ELIGIBLE	NOT_CALLABLE_OR_NOT_CALLER_ELIGIBLE_UNDER_G5;BOUNDARY_AUDIT_INSUFFICIENT_TO_RESOLVE
HPL00855	MONO_AT	EMPIRICALLY_VALIDATED_EXACT	NOT_APPLICABLE_UNCALLABLE_OR_INELIGIBLE	ORTHOLOGY_AMBIGUOUS	NO	NOT_ELIGIBLE	NOT_CALLABLE_OR_NOT_CALLER_ELIGIBLE_UNDER_G5;BOUNDARY_AUDIT_ORTHOLOGY_AMBIGUOUS
HPL00856	MONO_AT	EMPIRICALLY_VALIDATED_EXACT	PENDING_G7	ORTHOLOGY_AMBIGUOUS	NO	NOT_ELIGIBLE	BOUNDARY_AUDIT_ORTHOLOGY_AMBIGUOUS
HPL00857	MONO_AT	EMPIRICALLY_VALIDATED_EXACT	INELIGIBLE_PLATFORM_CONFOUNDED_CALLABILITY	ORTHOLOGY_AMBIGUOUS	NO	NOT_ELIGIBLE	PLATFORM_CONFOUNDED_CALLABILITY;BOUNDARY_AUDIT_ORTHOLOGY_AMBIGUOUS
HPL00858	MONO_GC	SUPPORTED_BUT_ALLELE_DIVERSITY_LIMITED	PENDING_G7	INSUFFICIENT_TO_RESOLVE	NO	NOT_ELIGIBLE	BOUNDARY_AUDIT_INSUFFICIENT_TO_RESOLVE
HPL00859	MONO_AT	EMPIRICALLY_VALIDATED_EXACT	PENDING_G7	ORTHOLOGY_AMBIGUOUS	NO	NOT_ELIGIBLE	BOUNDARY_AUDIT_ORTHOLOGY_AMBIGUOUS
HPL00860	MONO_GC	SUPPORTED_BUT_ALLELE_DIVERSITY_LIMITED	NOT_APPLICABLE_UNCALLABLE_OR_INELIGIBLE	INSUFFICIENT_TO_RESOLVE	NO	NOT_ELIGIBLE	NOT_CALLABLE_OR_NOT_CALLER_ELIGIBLE_UNDER_G5;BOUNDARY_AUDIT_INSUFFICIENT_TO_RESOLVE
HPL00861	MONO_AT	EMPIRICALLY_VALIDATED_EXACT	NOT_APPLICABLE_UNCALLABLE_OR_INELIGIBLE	ORTHOLOGY_AMBIGUOUS	NO	NOT_ELIGIBLE	NOT_CALLABLE_OR_NOT_CALLER_ELIGIBLE_UNDER_G5;BOUNDARY_AUDIT_ORTHOLOGY_AMBIGUOUS
HPL00862	MONO_AT	EMPIRICALLY_VALIDATED_EXACT	NOT_APPLICABLE_UNCALLABLE_OR_INELIGIBLE	ORTHOLOGY_AMBIGUOUS	NO	NOT_ELIGIBLE	NOT_CALLABLE_OR_NOT_CALLER_ELIGIBLE_UNDER_G5;BOUNDARY_AUDIT_ORTHOLOGY_AMBIGUOUS
HPL00863	MONO_AT	EMPIRICALLY_VALIDATED_EXACT	INELIGIBLE_PLATFORM_CONFOUNDED_CALLABILITY	BOUNDARY_STABLE	NO	NOT_ELIGIBLE	PLATFORM_CONFOUNDED_CALLABILITY
HPL00864	DINUCLEOTIDE	SUPPORTED_BUT_ALLELE_DIVERSITY_LIMITED	INELIGIBLE_PLATFORM_CONFOUNDED_CALLABILITY	INSUFFICIENT_TO_RESOLVE	NO	NOT_ELIGIBLE	PLATFORM_CONFOUNDED_CALLABILITY;BOUNDARY_AUDIT_INSUFFICIENT_TO_RESOLVE
HPL00865	MONO_AT	EMPIRICALLY_VALIDATED_EXACT	NOT_APPLICABLE_UNCALLABLE_OR_INELIGIBLE	ORTHOLOGY_AMBIGUOUS	NO	NOT_ELIGIBLE	NOT_CALLABLE_OR_NOT_CALLER_ELIGIBLE_UNDER_G5;BOUNDARY_AUDIT_ORTHOLOGY_AMBIGUOUS
HPL00866	MONO_AT	EMPIRICALLY_VALIDATED_EXACT	PENDING_G7	ORTHOLOGY_AMBIGUOUS	NO	NOT_ELIGIBLE	BOUNDARY_AUDIT_ORTHOLOGY_AMBIGUOUS
HPL00867	MONO_AT	EMPIRICALLY_VALIDATED_EXACT	NOT_APPLICABLE_UNCALLABLE_OR_INELIGIBLE	ORTHOLOGY_AMBIGUOUS	NO	NOT_ELIGIBLE	NOT_CALLABLE_OR_NOT_CALLER_ELIGIBLE_UNDER_G5;BOUNDARY_AUDIT_ORTHOLOGY_AMBIGUOUS
HPL00868	MONO_AT	EMPIRICALLY_VALIDATED_EXACT	NOT_APPLICABLE_UNCALLABLE_OR_INELIGIBLE	ORTHOLOGY_AMBIGUOUS	NO	NOT_ELIGIBLE	NOT_CALLABLE_OR_NOT_CALLER_ELIGIBLE_UNDER_G5;BOUNDARY_AUDIT_ORTHOLOGY_AMBIGUOUS
HPL00869	MONO_AT	EMPIRICALLY_VALIDATED_EXACT	NOT_APPLICABLE_UNCALLABLE_OR_INELIGIBLE	ORTHOLOGY_AMBIGUOUS	NO	NOT_ELIGIBLE	NOT_CALLABLE_OR_NOT_CALLER_ELIGIBLE_UNDER_G5;BOUNDARY_AUDIT_ORTHOLOGY_AMBIGUOUS
HPL00870	MONO_AT	EMPIRICALLY_VALIDATED_EXACT	NOT_APPLICABLE_UNCALLABLE_OR_INELIGIBLE	ORTHOLOGY_AMBIGUOUS	NO	NOT_ELIGIBLE	NOT_CALLABLE_OR_NOT_CALLER_ELIGIBLE_UNDER_G5;BOUNDARY_AUDIT_ORTHOLOGY_AMBIGUOUS
HPL00871	MONO_AT	EMPIRICALLY_VALIDATED_EXACT	NOT_APPLICABLE_UNCALLABLE_OR_INELIGIBLE	ORTHOLOGY_AMBIGUOUS	NO	NOT_ELIGIBLE	NOT_CALLABLE_OR_NOT_CALLER_ELIGIBLE_UNDER_G5;BOUNDARY_AUDIT_ORTHOLOGY_AMBIGUOUS
HPL00872	MONO_AT	EMPIRICALLY_VALIDATED_EXACT	NOT_APPLICABLE_UNCALLABLE_OR_INELIGIBLE	ORTHOLOGY_AMBIGUOUS	NO	NOT_ELIGIBLE	NOT_CALLABLE_OR_NOT_CALLER_ELIGIBLE_UNDER_G5;BOUNDARY_AUDIT_ORTHOLOGY_AMBIGUOUS
HPL00873	MONO_AT	EMPIRICALLY_VALIDATED_EXACT	PENDING_G7	INSUFFICIENT_TO_RESOLVE	NO	NOT_ELIGIBLE	BOUNDARY_AUDIT_INSUFFICIENT_TO_RESOLVE
HPL00874	MONO_AT	EMPIRICALLY_VALIDATED_EXACT	PENDING_G7	INSUFFICIENT_TO_RESOLVE	NO	NOT_ELIGIBLE	BOUNDARY_AUDIT_INSUFFICIENT_TO_RESOLVE
HPL00875	MONO_AT	EMPIRICALLY_VALIDATED_EXACT	INELIGIBLE_PLATFORM_CONFOUNDED_CALLABILITY	INSUFFICIENT_TO_RESOLVE	NO	NOT_ELIGIBLE	PLATFORM_CONFOUNDED_CALLABILITY;BOUNDARY_AUDIT_INSUFFICIENT_TO_RESOLVE
HPL00876	MONO_AT	EMPIRICALLY_VALIDATED_EXACT	INELIGIBLE_PLATFORM_CONFOUNDED_CALLABILITY	INSUFFICIENT_TO_RESOLVE	NO	NOT_ELIGIBLE	PLATFORM_CONFOUNDED_CALLABILITY;BOUNDARY_AUDIT_INSUFFICIENT_TO_RESOLVE
HPL00877	MONO_GC	SUPPORTED_BUT_ALLELE_DIVERSITY_LIMITED	NOT_APPLICABLE_UNCALLABLE_OR_INELIGIBLE	ORTHOLOGY_AMBIGUOUS	NO	NOT_ELIGIBLE	NOT_CALLABLE_OR_NOT_CALLER_ELIGIBLE_UNDER_G5;BOUNDARY_AUDIT_ORTHOLOGY_AMBIGUOUS
HPL00878	MONO_GC	SUPPORTED_BUT_ALLELE_DIVERSITY_LIMITED	NOT_APPLICABLE_UNCALLABLE_OR_INELIGIBLE	ORTHOLOGY_AMBIGUOUS	NO	NOT_ELIGIBLE	NOT_CALLABLE_OR_NOT_CALLER_ELIGIBLE_UNDER_G5;BOUNDARY_AUDIT_ORTHOLOGY_AMBIGUOUS
HPL00879	MONO_AT	EMPIRICALLY_VALIDATED_EXACT	PENDING_G7	INSUFFICIENT_TO_RESOLVE	NO	NOT_ELIGIBLE	BOUNDARY_AUDIT_INSUFFICIENT_TO_RESOLVE
HPL00880	MONO_AT	EMPIRICALLY_VALIDATED_EXACT	INELIGIBLE_PLATFORM_CONFOUNDED_CALLABILITY	INSUFFICIENT_TO_RESOLVE	NO	NOT_ELIGIBLE	PLATFORM_CONFOUNDED_CALLABILITY;BOUNDARY_AUDIT_INSUFFICIENT_TO_RESOLVE
HPL00881	MONO_AT	EMPIRICALLY_VALIDATED_EXACT	INELIGIBLE_PLATFORM_CONFOUNDED_CALLABILITY	INSUFFICIENT_TO_RESOLVE	NO	NOT_ELIGIBLE	PLATFORM_CONFOUNDED_CALLABILITY;BOUNDARY_AUDIT_INSUFFICIENT_TO_RESOLVE
HPL00882	DINUCLEOTIDE	SUPPORTED_BUT_ALLELE_DIVERSITY_LIMITED	NOT_APPLICABLE_UNCALLABLE_OR_INELIGIBLE	ORTHOLOGY_AMBIGUOUS	NO	NOT_ELIGIBLE	NOT_CALLABLE_OR_NOT_CALLER_ELIGIBLE_UNDER_G5;BOUNDARY_AUDIT_ORTHOLOGY_AMBIGUOUS
HPL00883	MONO_AT	EMPIRICALLY_VALIDATED_EXACT	NOT_APPLICABLE_UNCALLABLE_OR_INELIGIBLE	INSUFFICIENT_TO_RESOLVE	NO	NOT_ELIGIBLE	NOT_CALLABLE_OR_NOT_CALLER_ELIGIBLE_UNDER_G5;BOUNDARY_AUDIT_INSUFFICIENT_TO_RESOLVE
HPL00884	MONO_AT	EMPIRICALLY_VALIDATED_EXACT	PENDING_G7	BOUNDARY_STABLE	NO	ELIGIBLE	NA
HPL00885	MONO_AT	EMPIRICALLY_VALIDATED_EXACT	NOT_APPLICABLE_UNCALLABLE_OR_INELIGIBLE	ORTHOLOGY_AMBIGUOUS	NO	NOT_ELIGIBLE	NOT_CALLABLE_OR_NOT_CALLER_ELIGIBLE_UNDER_G5;BOUNDARY_AUDIT_ORTHOLOGY_AMBIGUOUS
HPL00886	MONO_AT	EMPIRICALLY_VALIDATED_EXACT	PENDING_G7	ORTHOLOGY_AMBIGUOUS	NO	NOT_ELIGIBLE	BOUNDARY_AUDIT_ORTHOLOGY_AMBIGUOUS
HPL00887	MONO_AT	EMPIRICALLY_VALIDATED_EXACT	NOT_APPLICABLE_UNCALLABLE_OR_INELIGIBLE	INSUFFICIENT_TO_RESOLVE	NO	NOT_ELIGIBLE	NOT_CALLABLE_OR_NOT_CALLER_ELIGIBLE_UNDER_G5;BOUNDARY_AUDIT_INSUFFICIENT_TO_RESOLVE
HPL00888	MONO_AT	EMPIRICALLY_VALIDATED_EXACT	NOT_APPLICABLE_UNCALLABLE_OR_INELIGIBLE	INSUFFICIENT_TO_RESOLVE	NO	NOT_ELIGIBLE	NOT_CALLABLE_OR_NOT_CALLER_ELIGIBLE_UNDER_G5;BOUNDARY_AUDIT_INSUFFICIENT_TO_RESOLVE
HPL00889	TRINUCLEOTIDE	SUPPORTED_BUT_ALLELE_DIVERSITY_LIMITED	NOT_APPLICABLE_UNCALLABLE_OR_INELIGIBLE	INSUFFICIENT_TO_RESOLVE	NO	NOT_ELIGIBLE	NOT_CALLABLE_OR_NOT_CALLER_ELIGIBLE_UNDER_G5;BOUNDARY_AUDIT_INSUFFICIENT_TO_RESOLVE
HPL00890	MONO_AT	EMPIRICALLY_VALIDATED_EXACT	NOT_APPLICABLE_UNCALLABLE_OR_INELIGIBLE	ORTHOLOGY_AMBIGUOUS	NO	NOT_ELIGIBLE	NOT_CALLABLE_OR_NOT_CALLER_ELIGIBLE_UNDER_G5;BOUNDARY_AUDIT_ORTHOLOGY_AMBIGUOUS
HPL00891	MONO_AT	EMPIRICALLY_VALIDATED_EXACT	NOT_APPLICABLE_UNCALLABLE_OR_INELIGIBLE	ORTHOLOGY_AMBIGUOUS	NO	NOT_ELIGIBLE	NOT_CALLABLE_OR_NOT_CALLER_ELIGIBLE_UNDER_G5;BOUNDARY_AUDIT_ORTHOLOGY_AMBIGUOUS
HPL00892	MONO_AT	EMPIRICALLY_VALIDATED_EXACT	PENDING_G7	INSUFFICIENT_TO_RESOLVE	NO	NOT_ELIGIBLE	BOUNDARY_AUDIT_INSUFFICIENT_TO_RESOLVE
HPL00893	MONO_AT	EMPIRICALLY_VALIDATED_EXACT	NOT_APPLICABLE_UNCALLABLE_OR_INELIGIBLE	INSUFFICIENT_TO_RESOLVE	NO	NOT_ELIGIBLE	NOT_CALLABLE_OR_NOT_CALLER_ELIGIBLE_UNDER_G5;BOUNDARY_AUDIT_INSUFFICIENT_TO_RESOLVE
HPL00894	MONO_AT	EMPIRICALLY_VALIDATED_EXACT	NOT_APPLICABLE_UNCALLABLE_OR_INELIGIBLE	INSUFFICIENT_TO_RESOLVE	NO	NOT_ELIGIBLE	NOT_CALLABLE_OR_NOT_CALLER_ELIGIBLE_UNDER_G5;BOUNDARY_AUDIT_INSUFFICIENT_TO_RESOLVE
HPL00895	MONO_AT	EMPIRICALLY_VALIDATED_EXACT	NOT_APPLICABLE_UNCALLABLE_OR_INELIGIBLE	ORTHOLOGY_AMBIGUOUS	NO	NOT_ELIGIBLE	NOT_CALLABLE_OR_NOT_CALLER_ELIGIBLE_UNDER_G5;BOUNDARY_AUDIT_ORTHOLOGY_AMBIGUOUS
HPL00896	MONO_GC	SUPPORTED_BUT_ALLELE_DIVERSITY_LIMITED	NOT_APPLICABLE_UNCALLABLE_OR_INELIGIBLE	INSUFFICIENT_TO_RESOLVE	NO	NOT_ELIGIBLE	NOT_CALLABLE_OR_NOT_CALLER_ELIGIBLE_UNDER_G5;BOUNDARY_AUDIT_INSUFFICIENT_TO_RESOLVE
HPL00897	MONO_AT	EMPIRICALLY_VALIDATED_EXACT	NOT_APPLICABLE_UNCALLABLE_OR_INELIGIBLE	ORTHOLOGY_AMBIGUOUS	NO	NOT_ELIGIBLE	NOT_CALLABLE_OR_NOT_CALLER_ELIGIBLE_UNDER_G5;BOUNDARY_AUDIT_ORTHOLOGY_AMBIGUOUS
HPL00898	MONO_AT	EMPIRICALLY_VALIDATED_EXACT	INELIGIBLE_PLATFORM_CONFOUNDED_CALLABILITY	INSUFFICIENT_TO_RESOLVE	NO	NOT_ELIGIBLE	PLATFORM_CONFOUNDED_CALLABILITY;BOUNDARY_AUDIT_INSUFFICIENT_TO_RESOLVE
HPL00899	MONO_AT	EMPIRICALLY_VALIDATED_EXACT	NOT_APPLICABLE_UNCALLABLE_OR_INELIGIBLE	INSUFFICIENT_TO_RESOLVE	NO	NOT_ELIGIBLE	NOT_CALLABLE_OR_NOT_CALLER_ELIGIBLE_UNDER_G5;BOUNDARY_AUDIT_INSUFFICIENT_TO_RESOLVE
HPL00900	MONO_AT	EMPIRICALLY_VALIDATED_EXACT	NOT_APPLICABLE_UNCALLABLE_OR_INELIGIBLE	ORTHOLOGY_AMBIGUOUS	NO	NOT_ELIGIBLE	NOT_CALLABLE_OR_NOT_CALLER_ELIGIBLE_UNDER_G5;BOUNDARY_AUDIT_ORTHOLOGY_AMBIGUOUS
HPL00901	MONO_AT	EMPIRICALLY_VALIDATED_EXACT	INELIGIBLE_PLATFORM_CONFOUNDED_CALLABILITY	BOUNDARY_STABLE	NO	NOT_ELIGIBLE	PLATFORM_CONFOUNDED_CALLABILITY
HPL00902	MONO_AT	EMPIRICALLY_VALIDATED_EXACT	NOT_APPLICABLE_UNCALLABLE_OR_INELIGIBLE	INSUFFICIENT_TO_RESOLVE	NO	NOT_ELIGIBLE	NOT_CALLABLE_OR_NOT_CALLER_ELIGIBLE_UNDER_G5;BOUNDARY_AUDIT_INSUFFICIENT_TO_RESOLVE
HPL00903	MONO_AT	EMPIRICALLY_VALIDATED_EXACT	NOT_APPLICABLE_UNCALLABLE_OR_INELIGIBLE	INSUFFICIENT_TO_RESOLVE	NO	NOT_ELIGIBLE	NOT_CALLABLE_OR_NOT_CALLER_ELIGIBLE_UNDER_G5;BOUNDARY_AUDIT_INSUFFICIENT_TO_RESOLVE
HPL00904	MONO_GC	SUPPORTED_BUT_ALLELE_DIVERSITY_LIMITED	NOT_APPLICABLE_UNCALLABLE_OR_INELIGIBLE	ORTHOLOGY_AMBIGUOUS	NO	NOT_ELIGIBLE	NOT_CALLABLE_OR_NOT_CALLER_ELIGIBLE_UNDER_G5;BOUNDARY_AUDIT_ORTHOLOGY_AMBIGUOUS
HPL00905	MONO_AT	EMPIRICALLY_VALIDATED_EXACT	NOT_APPLICABLE_UNCALLABLE_OR_INELIGIBLE	BOUNDARY_STABLE	NO	NOT_ELIGIBLE	NOT_CALLABLE_OR_NOT_CALLER_ELIGIBLE_UNDER_G5
HPL00906	MONO_AT	EMPIRICALLY_VALIDATED_EXACT	NOT_APPLICABLE_UNCALLABLE_OR_INELIGIBLE	INSUFFICIENT_TO_RESOLVE	NO	NOT_ELIGIBLE	NOT_CALLABLE_OR_NOT_CALLER_ELIGIBLE_UNDER_G5;BOUNDARY_AUDIT_INSUFFICIENT_TO_RESOLVE
HPL00907	MONO_AT	EMPIRICALLY_VALIDATED_EXACT	NOT_APPLICABLE_UNCALLABLE_OR_INELIGIBLE	BOUNDARY_STABLE	NO	NOT_ELIGIBLE	NOT_CALLABLE_OR_NOT_CALLER_ELIGIBLE_UNDER_G5
HPL00908	MONO_AT	EMPIRICALLY_VALIDATED_EXACT	NOT_APPLICABLE_UNCALLABLE_OR_INELIGIBLE	BOUNDARY_STABLE	NO	NOT_ELIGIBLE	NOT_CALLABLE_OR_NOT_CALLER_ELIGIBLE_UNDER_G5
HPL00909	MONO_AT	EMPIRICALLY_VALIDATED_EXACT	NOT_APPLICABLE_UNCALLABLE_OR_INELIGIBLE	BOUNDARY_STABLE	NO	NOT_ELIGIBLE	NOT_CALLABLE_OR_NOT_CALLER_ELIGIBLE_UNDER_G5
HPL00910	MONO_AT	EMPIRICALLY_VALIDATED_EXACT	NOT_APPLICABLE_UNCALLABLE_OR_INELIGIBLE	BOUNDARY_STABLE	NO	NOT_ELIGIBLE	NOT_CALLABLE_OR_NOT_CALLER_ELIGIBLE_UNDER_G5
HPL00911	MONO_AT	EMPIRICALLY_VALIDATED_EXACT	INELIGIBLE_PLATFORM_CONFOUNDED_CALLABILITY	INSUFFICIENT_TO_RESOLVE	NO	NOT_ELIGIBLE	PLATFORM_CONFOUNDED_CALLABILITY;BOUNDARY_AUDIT_INSUFFICIENT_TO_RESOLVE
HPL00912	MONO_AT	EMPIRICALLY_VALIDATED_EXACT	NOT_APPLICABLE_UNCALLABLE_OR_INELIGIBLE	INSUFFICIENT_TO_RESOLVE	NO	NOT_ELIGIBLE	NOT_CALLABLE_OR_NOT_CALLER_ELIGIBLE_UNDER_G5;BOUNDARY_AUDIT_INSUFFICIENT_TO_RESOLVE
HPL00913	TRINUCLEOTIDE	SUPPORTED_BUT_ALLELE_DIVERSITY_LIMITED	NOT_APPLICABLE_UNCALLABLE_OR_INELIGIBLE	ORTHOLOGY_AMBIGUOUS	NO	NOT_ELIGIBLE	NOT_CALLABLE_OR_NOT_CALLER_ELIGIBLE_UNDER_G5;BOUNDARY_AUDIT_ORTHOLOGY_AMBIGUOUS
HPL00914	MONO_AT	EMPIRICALLY_VALIDATED_EXACT	NOT_APPLICABLE_UNCALLABLE_OR_INELIGIBLE	INSUFFICIENT_TO_RESOLVE	NO	NOT_ELIGIBLE	NOT_CALLABLE_OR_NOT_CALLER_ELIGIBLE_UNDER_G5;BOUNDARY_AUDIT_INSUFFICIENT_TO_RESOLVE
HPL00915	MONO_GC	SUPPORTED_BUT_ALLELE_DIVERSITY_LIMITED	PENDING_G7	ORTHOLOGY_AMBIGUOUS	NO	NOT_ELIGIBLE	BOUNDARY_AUDIT_ORTHOLOGY_AMBIGUOUS
HPL00916	MONO_AT	EMPIRICALLY_VALIDATED_EXACT	NOT_APPLICABLE_UNCALLABLE_OR_INELIGIBLE	ORTHOLOGY_AMBIGUOUS	NO	NOT_ELIGIBLE	NOT_CALLABLE_OR_NOT_CALLER_ELIGIBLE_UNDER_G5;BOUNDARY_AUDIT_ORTHOLOGY_AMBIGUOUS
HPL00917	MONO_AT	EMPIRICALLY_VALIDATED_EXACT	NOT_APPLICABLE_UNCALLABLE_OR_INELIGIBLE	ORTHOLOGY_AMBIGUOUS	NO	NOT_ELIGIBLE	NOT_CALLABLE_OR_NOT_CALLER_ELIGIBLE_UNDER_G5;BOUNDARY_AUDIT_ORTHOLOGY_AMBIGUOUS
HPL00918	MONO_GC	SUPPORTED_BUT_ALLELE_DIVERSITY_LIMITED	INELIGIBLE_PLATFORM_CONFOUNDED_CALLABILITY	BOUNDARY_STABLE	NO	NOT_ELIGIBLE	PLATFORM_CONFOUNDED_CALLABILITY
HPL00919	MONO_AT	EMPIRICALLY_VALIDATED_EXACT	INELIGIBLE_PLATFORM_CONFOUNDED_CALLABILITY	INSUFFICIENT_TO_RESOLVE	NO	NOT_ELIGIBLE	PLATFORM_CONFOUNDED_CALLABILITY;BOUNDARY_AUDIT_INSUFFICIENT_TO_RESOLVE
HPL00920	MONO_AT	EMPIRICALLY_VALIDATED_EXACT	PENDING_G7	ORTHOLOGY_AMBIGUOUS	NO	NOT_ELIGIBLE	BOUNDARY_AUDIT_ORTHOLOGY_AMBIGUOUS
HPL00921	MONO_AT	EMPIRICALLY_VALIDATED_EXACT	PENDING_G7	ORTHOLOGY_AMBIGUOUS	NO	NOT_ELIGIBLE	BOUNDARY_AUDIT_ORTHOLOGY_AMBIGUOUS
HPL00922	MONO_AT	EMPIRICALLY_VALIDATED_EXACT	NOT_APPLICABLE_UNCALLABLE_OR_INELIGIBLE	INSUFFICIENT_TO_RESOLVE	NO	NOT_ELIGIBLE	NOT_CALLABLE_OR_NOT_CALLER_ELIGIBLE_UNDER_G5;BOUNDARY_AUDIT_INSUFFICIENT_TO_RESOLVE
HPL00923	MONO_AT	EMPIRICALLY_VALIDATED_EXACT	NOT_APPLICABLE_UNCALLABLE_OR_INELIGIBLE	ORTHOLOGY_AMBIGUOUS	NO	NOT_ELIGIBLE	NOT_CALLABLE_OR_NOT_CALLER_ELIGIBLE_UNDER_G5;BOUNDARY_AUDIT_ORTHOLOGY_AMBIGUOUS
HPL00924	MONO_AT	EMPIRICALLY_VALIDATED_EXACT	INELIGIBLE_PLATFORM_CONFOUNDED_CALLABILITY	INSUFFICIENT_TO_RESOLVE	NO	NOT_ELIGIBLE	PLATFORM_CONFOUNDED_CALLABILITY;BOUNDARY_AUDIT_INSUFFICIENT_TO_RESOLVE
HPL00925	MONO_AT	EMPIRICALLY_VALIDATED_EXACT	INELIGIBLE_PLATFORM_CONFOUNDED_CALLABILITY	INSUFFICIENT_TO_RESOLVE	NO	NOT_ELIGIBLE	PLATFORM_CONFOUNDED_CALLABILITY;BOUNDARY_AUDIT_INSUFFICIENT_TO_RESOLVE
HPL00926	MONO_AT	EMPIRICALLY_VALIDATED_EXACT	INELIGIBLE_PLATFORM_CONFOUNDED_CALLABILITY	ORTHOLOGY_AMBIGUOUS	NO	NOT_ELIGIBLE	PLATFORM_CONFOUNDED_CALLABILITY;BOUNDARY_AUDIT_ORTHOLOGY_AMBIGUOUS
HPL00927	MONO_AT	EMPIRICALLY_VALIDATED_EXACT	NOT_APPLICABLE_UNCALLABLE_OR_INELIGIBLE	ORTHOLOGY_AMBIGUOUS	NO	NOT_ELIGIBLE	NOT_CALLABLE_OR_NOT_CALLER_ELIGIBLE_UNDER_G5;BOUNDARY_AUDIT_ORTHOLOGY_AMBIGUOUS
HPL00928	DINUCLEOTIDE	SUPPORTED_BUT_ALLELE_DIVERSITY_LIMITED	NOT_APPLICABLE_UNCALLABLE_OR_INELIGIBLE	INSUFFICIENT_TO_RESOLVE	NO	NOT_ELIGIBLE	NOT_CALLABLE_OR_NOT_CALLER_ELIGIBLE_UNDER_G5;BOUNDARY_AUDIT_INSUFFICIENT_TO_RESOLVE
HPL00929	MONO_AT	EMPIRICALLY_VALIDATED_EXACT	INELIGIBLE_PLATFORM_CONFOUNDED_CALLABILITY	BOUNDARY_STABLE	NO	NOT_ELIGIBLE	PLATFORM_CONFOUNDED_CALLABILITY
HPL00930	MONO_AT	EMPIRICALLY_VALIDATED_EXACT	INELIGIBLE_PLATFORM_CONFOUNDED_CALLABILITY	ORTHOLOGY_AMBIGUOUS	NO	NOT_ELIGIBLE	PLATFORM_CONFOUNDED_CALLABILITY;BOUNDARY_AUDIT_ORTHOLOGY_AMBIGUOUS
HPL00931	MONO_AT	EMPIRICALLY_VALIDATED_EXACT	PENDING_G7	INSUFFICIENT_TO_RESOLVE	NO	NOT_ELIGIBLE	BOUNDARY_AUDIT_INSUFFICIENT_TO_RESOLVE
HPL00932	MOTIF_GE4	SUPPORTED_BUT_ALLELE_DIVERSITY_LIMITED	NOT_APPLICABLE_UNCALLABLE_OR_INELIGIBLE	ORTHOLOGY_AMBIGUOUS	NO	NOT_ELIGIBLE	NOT_CALLABLE_OR_NOT_CALLER_ELIGIBLE_UNDER_G5;BOUNDARY_AUDIT_ORTHOLOGY_AMBIGUOUS
HPL00933	MOTIF_GE4	SUPPORTED_BUT_ALLELE_DIVERSITY_LIMITED	NOT_APPLICABLE_UNCALLABLE_OR_INELIGIBLE	ORTHOLOGY_AMBIGUOUS	NO	NOT_ELIGIBLE	NOT_CALLABLE_OR_NOT_CALLER_ELIGIBLE_UNDER_G5;BOUNDARY_AUDIT_ORTHOLOGY_AMBIGUOUS
HPL00934	MONO_AT	EMPIRICALLY_VALIDATED_EXACT	PENDING_G7	BOUNDARY_STABLE	NO	ELIGIBLE	NA
HPL00935	MONO_GC	SUPPORTED_BUT_ALLELE_DIVERSITY_LIMITED	NOT_APPLICABLE_UNCALLABLE_OR_INELIGIBLE	ORTHOLOGY_AMBIGUOUS	NO	NOT_ELIGIBLE	NOT_CALLABLE_OR_NOT_CALLER_ELIGIBLE_UNDER_G5;BOUNDARY_AUDIT_ORTHOLOGY_AMBIGUOUS
HPL00936	MONO_AT	EMPIRICALLY_VALIDATED_EXACT	NOT_APPLICABLE_UNCALLABLE_OR_INELIGIBLE	ORTHOLOGY_AMBIGUOUS	NO	NOT_ELIGIBLE	NOT_CALLABLE_OR_NOT_CALLER_ELIGIBLE_UNDER_G5;BOUNDARY_AUDIT_ORTHOLOGY_AMBIGUOUS
HPL00937	MONO_AT	EMPIRICALLY_VALIDATED_EXACT	NOT_APPLICABLE_UNCALLABLE_OR_INELIGIBLE	ORTHOLOGY_AMBIGUOUS	NO	NOT_ELIGIBLE	NOT_CALLABLE_OR_NOT_CALLER_ELIGIBLE_UNDER_G5;BOUNDARY_AUDIT_ORTHOLOGY_AMBIGUOUS
HPL00938	MONO_GC	SUPPORTED_BUT_ALLELE_DIVERSITY_LIMITED	NOT_APPLICABLE_UNCALLABLE_OR_INELIGIBLE	ORTHOLOGY_AMBIGUOUS	NO	NOT_ELIGIBLE	NOT_CALLABLE_OR_NOT_CALLER_ELIGIBLE_UNDER_G5;BOUNDARY_AUDIT_ORTHOLOGY_AMBIGUOUS
HPL00939	MONO_AT	EMPIRICALLY_VALIDATED_EXACT	PENDING_G7	ORTHOLOGY_AMBIGUOUS	NO	NOT_ELIGIBLE	BOUNDARY_AUDIT_ORTHOLOGY_AMBIGUOUS
HPL00940	MONO_AT	EMPIRICALLY_VALIDATED_EXACT	NOT_APPLICABLE_UNCALLABLE_OR_INELIGIBLE	INSUFFICIENT_TO_RESOLVE	NO	NOT_ELIGIBLE	NOT_CALLABLE_OR_NOT_CALLER_ELIGIBLE_UNDER_G5;BOUNDARY_AUDIT_INSUFFICIENT_TO_RESOLVE
HPL00941	TRINUCLEOTIDE	SUPPORTED_BUT_ALLELE_DIVERSITY_LIMITED	NOT_APPLICABLE_UNCALLABLE_OR_INELIGIBLE	ORTHOLOGY_AMBIGUOUS	NO	NOT_ELIGIBLE	NOT_CALLABLE_OR_NOT_CALLER_ELIGIBLE_UNDER_G5;BOUNDARY_AUDIT_ORTHOLOGY_AMBIGUOUS
HPL00942	MONO_GC	SUPPORTED_BUT_ALLELE_DIVERSITY_LIMITED	NOT_APPLICABLE_UNCALLABLE_OR_INELIGIBLE	INSUFFICIENT_TO_RESOLVE	NO	NOT_ELIGIBLE	NOT_CALLABLE_OR_NOT_CALLER_ELIGIBLE_UNDER_G5;BOUNDARY_AUDIT_INSUFFICIENT_TO_RESOLVE
HPL00943	MONO_AT	EMPIRICALLY_VALIDATED_EXACT	NOT_APPLICABLE_UNCALLABLE_OR_INELIGIBLE	BOUNDARY_AMBIGUOUS	NO	NOT_ELIGIBLE	NOT_CALLABLE_OR_NOT_CALLER_ELIGIBLE_UNDER_G5;BOUNDARY_AUDIT_BOUNDARY_AMBIGUOUS
HPL00944	MONO_AT	EMPIRICALLY_VALIDATED_EXACT	NOT_APPLICABLE_UNCALLABLE_OR_INELIGIBLE	INSUFFICIENT_TO_RESOLVE	NO	NOT_ELIGIBLE	NOT_CALLABLE_OR_NOT_CALLER_ELIGIBLE_UNDER_G5;BOUNDARY_AUDIT_INSUFFICIENT_TO_RESOLVE
HPL00945	MONO_AT	EMPIRICALLY_VALIDATED_EXACT	INELIGIBLE_PLATFORM_CONFOUNDED_CALLABILITY	INSUFFICIENT_TO_RESOLVE	NO	NOT_ELIGIBLE	PLATFORM_CONFOUNDED_CALLABILITY;BOUNDARY_AUDIT_INSUFFICIENT_TO_RESOLVE
HPL00946	TRINUCLEOTIDE	SUPPORTED_BUT_ALLELE_DIVERSITY_LIMITED	PENDING_G7	ORTHOLOGY_AMBIGUOUS	NO	NOT_ELIGIBLE	BOUNDARY_AUDIT_ORTHOLOGY_AMBIGUOUS
HPL00947	MONO_AT	EMPIRICALLY_VALIDATED_EXACT	NOT_APPLICABLE_UNCALLABLE_OR_INELIGIBLE	ORTHOLOGY_AMBIGUOUS	NO	NOT_ELIGIBLE	NOT_CALLABLE_OR_NOT_CALLER_ELIGIBLE_UNDER_G5;BOUNDARY_AUDIT_ORTHOLOGY_AMBIGUOUS
HPL00948	MONO_AT	EMPIRICALLY_VALIDATED_EXACT	NOT_APPLICABLE_UNCALLABLE_OR_INELIGIBLE	ORTHOLOGY_AMBIGUOUS	NO	NOT_ELIGIBLE	NOT_CALLABLE_OR_NOT_CALLER_ELIGIBLE_UNDER_G5;BOUNDARY_AUDIT_ORTHOLOGY_AMBIGUOUS
HPL00949	MONO_AT	EMPIRICALLY_VALIDATED_EXACT	PENDING_G7	BOUNDARY_AMBIGUOUS	NO	NOT_ELIGIBLE	BOUNDARY_AUDIT_BOUNDARY_AMBIGUOUS
HPL00950	MOTIF_GE4	SUPPORTED_BUT_ALLELE_DIVERSITY_LIMITED	INELIGIBLE_PLATFORM_CONFOUNDED_CALLABILITY	ORTHOLOGY_AMBIGUOUS	NO	NOT_ELIGIBLE	PLATFORM_CONFOUNDED_CALLABILITY;BOUNDARY_AUDIT_ORTHOLOGY_AMBIGUOUS
HPL00951	MONO_AT	EMPIRICALLY_VALIDATED_EXACT	PENDING_G7	ORTHOLOGY_AMBIGUOUS	NO	NOT_ELIGIBLE	BOUNDARY_AUDIT_ORTHOLOGY_AMBIGUOUS
HPL00952	MONO_AT	EMPIRICALLY_VALIDATED_EXACT	NOT_APPLICABLE_UNCALLABLE_OR_INELIGIBLE	ORTHOLOGY_AMBIGUOUS	NO	NOT_ELIGIBLE	NOT_CALLABLE_OR_NOT_CALLER_ELIGIBLE_UNDER_G5;BOUNDARY_AUDIT_ORTHOLOGY_AMBIGUOUS
HPL00953	MONO_AT	EMPIRICALLY_VALIDATED_EXACT	NOT_APPLICABLE_UNCALLABLE_OR_INELIGIBLE	INSUFFICIENT_TO_RESOLVE	NO	NOT_ELIGIBLE	NOT_CALLABLE_OR_NOT_CALLER_ELIGIBLE_UNDER_G5;BOUNDARY_AUDIT_INSUFFICIENT_TO_RESOLVE
HPL00954	MONO_AT	EMPIRICALLY_VALIDATED_EXACT	NOT_APPLICABLE_UNCALLABLE_OR_INELIGIBLE	INSUFFICIENT_TO_RESOLVE	NO	NOT_ELIGIBLE	NOT_CALLABLE_OR_NOT_CALLER_ELIGIBLE_UNDER_G5;BOUNDARY_AUDIT_INSUFFICIENT_TO_RESOLVE
HPL00955	MONO_AT	EMPIRICALLY_VALIDATED_EXACT	NOT_APPLICABLE_UNCALLABLE_OR_INELIGIBLE	INSUFFICIENT_TO_RESOLVE	NO	NOT_ELIGIBLE	NOT_CALLABLE_OR_NOT_CALLER_ELIGIBLE_UNDER_G5;BOUNDARY_AUDIT_INSUFFICIENT_TO_RESOLVE
HPL00956	MONO_AT	EMPIRICALLY_VALIDATED_EXACT	NOT_APPLICABLE_UNCALLABLE_OR_INELIGIBLE	INSUFFICIENT_TO_RESOLVE	NO	NOT_ELIGIBLE	NOT_CALLABLE_OR_NOT_CALLER_ELIGIBLE_UNDER_G5;BOUNDARY_AUDIT_INSUFFICIENT_TO_RESOLVE
HPL00957	MONO_GC	SUPPORTED_BUT_ALLELE_DIVERSITY_LIMITED	PENDING_G7	INSUFFICIENT_TO_RESOLVE	NO	NOT_ELIGIBLE	BOUNDARY_AUDIT_INSUFFICIENT_TO_RESOLVE
HPL00958	MONO_AT	EMPIRICALLY_VALIDATED_EXACT	NOT_APPLICABLE_UNCALLABLE_OR_INELIGIBLE	INSUFFICIENT_TO_RESOLVE	NO	NOT_ELIGIBLE	NOT_CALLABLE_OR_NOT_CALLER_ELIGIBLE_UNDER_G5;BOUNDARY_AUDIT_INSUFFICIENT_TO_RESOLVE
HPL00959	MONO_AT	EMPIRICALLY_VALIDATED_EXACT	PENDING_G7	INSUFFICIENT_TO_RESOLVE	NO	NOT_ELIGIBLE	BOUNDARY_AUDIT_INSUFFICIENT_TO_RESOLVE
HPL00960	MONO_AT	EMPIRICALLY_VALIDATED_EXACT	INELIGIBLE_PLATFORM_CONFOUNDED_CALLABILITY	INSUFFICIENT_TO_RESOLVE	NO	NOT_ELIGIBLE	PLATFORM_CONFOUNDED_CALLABILITY;BOUNDARY_AUDIT_INSUFFICIENT_TO_RESOLVE
HPL00961	DINUCLEOTIDE	SUPPORTED_BUT_ALLELE_DIVERSITY_LIMITED	NOT_APPLICABLE_UNCALLABLE_OR_INELIGIBLE	INSUFFICIENT_TO_RESOLVE	NO	NOT_ELIGIBLE	NOT_CALLABLE_OR_NOT_CALLER_ELIGIBLE_UNDER_G5;BOUNDARY_AUDIT_INSUFFICIENT_TO_RESOLVE
HPL00962	DINUCLEOTIDE	SUPPORTED_BUT_ALLELE_DIVERSITY_LIMITED	PENDING_G7	INSUFFICIENT_TO_RESOLVE	NO	NOT_ELIGIBLE	BOUNDARY_AUDIT_INSUFFICIENT_TO_RESOLVE
HPL00963	MONO_AT	EMPIRICALLY_VALIDATED_EXACT	NOT_APPLICABLE_UNCALLABLE_OR_INELIGIBLE	INSUFFICIENT_TO_RESOLVE	NO	NOT_ELIGIBLE	NOT_CALLABLE_OR_NOT_CALLER_ELIGIBLE_UNDER_G5;BOUNDARY_AUDIT_INSUFFICIENT_TO_RESOLVE
HPL00964	MONO_AT	EMPIRICALLY_VALIDATED_EXACT	NOT_APPLICABLE_UNCALLABLE_OR_INELIGIBLE	ORTHOLOGY_AMBIGUOUS	NO	NOT_ELIGIBLE	NOT_CALLABLE_OR_NOT_CALLER_ELIGIBLE_UNDER_G5;BOUNDARY_AUDIT_ORTHOLOGY_AMBIGUOUS
HPL00965	MONO_AT	EMPIRICALLY_VALIDATED_EXACT	INELIGIBLE_PLATFORM_CONFOUNDED_CALLABILITY	ORTHOLOGY_AMBIGUOUS	NO	NOT_ELIGIBLE	PLATFORM_CONFOUNDED_CALLABILITY;BOUNDARY_AUDIT_ORTHOLOGY_AMBIGUOUS
HPL00966	MONO_AT	EMPIRICALLY_VALIDATED_EXACT	NOT_APPLICABLE_UNCALLABLE_OR_INELIGIBLE	ORTHOLOGY_AMBIGUOUS	NO	NOT_ELIGIBLE	NOT_CALLABLE_OR_NOT_CALLER_ELIGIBLE_UNDER_G5;BOUNDARY_AUDIT_ORTHOLOGY_AMBIGUOUS
HPL00967	MONO_AT	EMPIRICALLY_VALIDATED_EXACT	NOT_APPLICABLE_UNCALLABLE_OR_INELIGIBLE	INSUFFICIENT_TO_RESOLVE	NO	NOT_ELIGIBLE	NOT_CALLABLE_OR_NOT_CALLER_ELIGIBLE_UNDER_G5;BOUNDARY_AUDIT_INSUFFICIENT_TO_RESOLVE
HPL00968	DINUCLEOTIDE	SUPPORTED_BUT_ALLELE_DIVERSITY_LIMITED	NOT_APPLICABLE_UNCALLABLE_OR_INELIGIBLE	ORTHOLOGY_AMBIGUOUS	NO	NOT_ELIGIBLE	NOT_CALLABLE_OR_NOT_CALLER_ELIGIBLE_UNDER_G5;BOUNDARY_AUDIT_ORTHOLOGY_AMBIGUOUS
HPL00969	MONO_AT	EMPIRICALLY_VALIDATED_EXACT	NOT_APPLICABLE_UNCALLABLE_OR_INELIGIBLE	ORTHOLOGY_AMBIGUOUS	NO	NOT_ELIGIBLE	NOT_CALLABLE_OR_NOT_CALLER_ELIGIBLE_UNDER_G5;BOUNDARY_AUDIT_ORTHOLOGY_AMBIGUOUS
HPL00970	DINUCLEOTIDE	SUPPORTED_BUT_ALLELE_DIVERSITY_LIMITED	NOT_APPLICABLE_UNCALLABLE_OR_INELIGIBLE	INSUFFICIENT_TO_RESOLVE	NO	NOT_ELIGIBLE	NOT_CALLABLE_OR_NOT_CALLER_ELIGIBLE_UNDER_G5;BOUNDARY_AUDIT_INSUFFICIENT_TO_RESOLVE
HPL00971	MONO_AT	EMPIRICALLY_VALIDATED_EXACT	INELIGIBLE_PLATFORM_CONFOUNDED_CALLABILITY	INSUFFICIENT_TO_RESOLVE	NO	NOT_ELIGIBLE	PLATFORM_CONFOUNDED_CALLABILITY;BOUNDARY_AUDIT_INSUFFICIENT_TO_RESOLVE
HPL00972	MONO_AT	EMPIRICALLY_VALIDATED_EXACT	PENDING_G7	ORTHOLOGY_AMBIGUOUS	NO	NOT_ELIGIBLE	BOUNDARY_AUDIT_ORTHOLOGY_AMBIGUOUS
HPL00973	MONO_AT	EMPIRICALLY_VALIDATED_EXACT	INELIGIBLE_PLATFORM_CONFOUNDED_CALLABILITY	INSUFFICIENT_TO_RESOLVE	NO	NOT_ELIGIBLE	PLATFORM_CONFOUNDED_CALLABILITY;BOUNDARY_AUDIT_INSUFFICIENT_TO_RESOLVE
HPL00974	MONO_AT	EMPIRICALLY_VALIDATED_EXACT	NOT_APPLICABLE_UNCALLABLE_OR_INELIGIBLE	INSUFFICIENT_TO_RESOLVE	NO	NOT_ELIGIBLE	NOT_CALLABLE_OR_NOT_CALLER_ELIGIBLE_UNDER_G5;BOUNDARY_AUDIT_INSUFFICIENT_TO_RESOLVE
HPL00975	MONO_AT	EMPIRICALLY_VALIDATED_EXACT	NOT_APPLICABLE_UNCALLABLE_OR_INELIGIBLE	INSUFFICIENT_TO_RESOLVE	NO	NOT_ELIGIBLE	NOT_CALLABLE_OR_NOT_CALLER_ELIGIBLE_UNDER_G5;BOUNDARY_AUDIT_INSUFFICIENT_TO_RESOLVE
HPL00976	MONO_AT	EMPIRICALLY_VALIDATED_EXACT	NOT_APPLICABLE_UNCALLABLE_OR_INELIGIBLE	INSUFFICIENT_TO_RESOLVE	NO	NOT_ELIGIBLE	NOT_CALLABLE_OR_NOT_CALLER_ELIGIBLE_UNDER_G5;BOUNDARY_AUDIT_INSUFFICIENT_TO_RESOLVE
HPL00977	MONO_AT	EMPIRICALLY_VALIDATED_EXACT	PENDING_G7	BOUNDARY_STABLE	NO	ELIGIBLE	NA
HPL00978	MONO_AT	EMPIRICALLY_VALIDATED_EXACT	NOT_APPLICABLE_UNCALLABLE_OR_INELIGIBLE	ORTHOLOGY_AMBIGUOUS	NO	NOT_ELIGIBLE	NOT_CALLABLE_OR_NOT_CALLER_ELIGIBLE_UNDER_G5;BOUNDARY_AUDIT_ORTHOLOGY_AMBIGUOUS
HPL00979	MONO_AT	EMPIRICALLY_VALIDATED_EXACT	NOT_APPLICABLE_UNCALLABLE_OR_INELIGIBLE	ORTHOLOGY_AMBIGUOUS	NO	NOT_ELIGIBLE	NOT_CALLABLE_OR_NOT_CALLER_ELIGIBLE_UNDER_G5;BOUNDARY_AUDIT_ORTHOLOGY_AMBIGUOUS
HPL00980	MONO_AT	EMPIRICALLY_VALIDATED_EXACT	INELIGIBLE_PLATFORM_CONFOUNDED_CALLABILITY	INSUFFICIENT_TO_RESOLVE	NO	NOT_ELIGIBLE	PLATFORM_CONFOUNDED_CALLABILITY;BOUNDARY_AUDIT_INSUFFICIENT_TO_RESOLVE
HPL00981	MONO_AT	EMPIRICALLY_VALIDATED_EXACT	NOT_APPLICABLE_UNCALLABLE_OR_INELIGIBLE	INSUFFICIENT_TO_RESOLVE	NO	NOT_ELIGIBLE	NOT_CALLABLE_OR_NOT_CALLER_ELIGIBLE_UNDER_G5;BOUNDARY_AUDIT_INSUFFICIENT_TO_RESOLVE
HPL00982	MONO_AT	EMPIRICALLY_VALIDATED_EXACT	NOT_APPLICABLE_UNCALLABLE_OR_INELIGIBLE	INSUFFICIENT_TO_RESOLVE	NO	NOT_ELIGIBLE	NOT_CALLABLE_OR_NOT_CALLER_ELIGIBLE_UNDER_G5;BOUNDARY_AUDIT_INSUFFICIENT_TO_RESOLVE
HPL00983	MONO_AT	EMPIRICALLY_VALIDATED_EXACT	NOT_APPLICABLE_UNCALLABLE_OR_INELIGIBLE	BOUNDARY_STABLE	NO	NOT_ELIGIBLE	NOT_CALLABLE_OR_NOT_CALLER_ELIGIBLE_UNDER_G5
HPL00984	MONO_AT	EMPIRICALLY_VALIDATED_EXACT	NOT_APPLICABLE_UNCALLABLE_OR_INELIGIBLE	INSUFFICIENT_TO_RESOLVE	NO	NOT_ELIGIBLE	NOT_CALLABLE_OR_NOT_CALLER_ELIGIBLE_UNDER_G5;BOUNDARY_AUDIT_INSUFFICIENT_TO_RESOLVE
HPL00985	MONO_AT	EMPIRICALLY_VALIDATED_EXACT	NOT_APPLICABLE_UNCALLABLE_OR_INELIGIBLE	INSUFFICIENT_TO_RESOLVE	NO	NOT_ELIGIBLE	NOT_CALLABLE_OR_NOT_CALLER_ELIGIBLE_UNDER_G5;BOUNDARY_AUDIT_INSUFFICIENT_TO_RESOLVE
HPL00986	MONO_AT	EMPIRICALLY_VALIDATED_EXACT	NOT_APPLICABLE_UNCALLABLE_OR_INELIGIBLE	ORTHOLOGY_AMBIGUOUS	NO	NOT_ELIGIBLE	NOT_CALLABLE_OR_NOT_CALLER_ELIGIBLE_UNDER_G5;BOUNDARY_AUDIT_ORTHOLOGY_AMBIGUOUS
HPL00987	MONO_AT	EMPIRICALLY_VALIDATED_EXACT	NOT_APPLICABLE_UNCALLABLE_OR_INELIGIBLE	ORTHOLOGY_AMBIGUOUS	NO	NOT_ELIGIBLE	NOT_CALLABLE_OR_NOT_CALLER_ELIGIBLE_UNDER_G5;BOUNDARY_AUDIT_ORTHOLOGY_AMBIGUOUS
HPL00988	MONO_AT	EMPIRICALLY_VALIDATED_EXACT	PENDING_G7	ORTHOLOGY_AMBIGUOUS	NO	NOT_ELIGIBLE	BOUNDARY_AUDIT_ORTHOLOGY_AMBIGUOUS
HPL00989	MONO_GC	SUPPORTED_BUT_ALLELE_DIVERSITY_LIMITED	PENDING_G7	ORTHOLOGY_AMBIGUOUS	NO	NOT_ELIGIBLE	BOUNDARY_AUDIT_ORTHOLOGY_AMBIGUOUS
HPL00990	MONO_AT	EMPIRICALLY_VALIDATED_EXACT	INELIGIBLE_PLATFORM_CONFOUNDED_CALLABILITY	INSUFFICIENT_TO_RESOLVE	NO	NOT_ELIGIBLE	PLATFORM_CONFOUNDED_CALLABILITY;BOUNDARY_AUDIT_INSUFFICIENT_TO_RESOLVE
HPL00991	MONO_AT	EMPIRICALLY_VALIDATED_EXACT	NOT_APPLICABLE_UNCALLABLE_OR_INELIGIBLE	ORTHOLOGY_AMBIGUOUS	NO	NOT_ELIGIBLE	NOT_CALLABLE_OR_NOT_CALLER_ELIGIBLE_UNDER_G5;BOUNDARY_AUDIT_ORTHOLOGY_AMBIGUOUS
HPL00992	MONO_GC	SUPPORTED_BUT_ALLELE_DIVERSITY_LIMITED	NOT_APPLICABLE_UNCALLABLE_OR_INELIGIBLE	ORTHOLOGY_AMBIGUOUS	NO	NOT_ELIGIBLE	NOT_CALLABLE_OR_NOT_CALLER_ELIGIBLE_UNDER_G5;BOUNDARY_AUDIT_ORTHOLOGY_AMBIGUOUS
HPL00993	MONO_AT	EMPIRICALLY_VALIDATED_EXACT	INELIGIBLE_PLATFORM_CONFOUNDED_CALLABILITY	ORTHOLOGY_AMBIGUOUS	NO	NOT_ELIGIBLE	PLATFORM_CONFOUNDED_CALLABILITY;BOUNDARY_AUDIT_ORTHOLOGY_AMBIGUOUS
HPL00994	MONO_AT	EMPIRICALLY_VALIDATED_EXACT	NOT_APPLICABLE_UNCALLABLE_OR_INELIGIBLE	ORTHOLOGY_AMBIGUOUS	NO	NOT_ELIGIBLE	NOT_CALLABLE_OR_NOT_CALLER_ELIGIBLE_UNDER_G5;BOUNDARY_AUDIT_ORTHOLOGY_AMBIGUOUS
HPL00995	DINUCLEOTIDE	SUPPORTED_BUT_ALLELE_DIVERSITY_LIMITED	NOT_APPLICABLE_UNCALLABLE_OR_INELIGIBLE	ORTHOLOGY_AMBIGUOUS	NO	NOT_ELIGIBLE	NOT_CALLABLE_OR_NOT_CALLER_ELIGIBLE_UNDER_G5;BOUNDARY_AUDIT_ORTHOLOGY_AMBIGUOUS
HPL00996	MONO_AT	EMPIRICALLY_VALIDATED_EXACT	NOT_APPLICABLE_UNCALLABLE_OR_INELIGIBLE	ORTHOLOGY_AMBIGUOUS	NO	NOT_ELIGIBLE	NOT_CALLABLE_OR_NOT_CALLER_ELIGIBLE_UNDER_G5;BOUNDARY_AUDIT_ORTHOLOGY_AMBIGUOUS
HPL00997	MONO_AT	EMPIRICALLY_VALIDATED_EXACT	NOT_APPLICABLE_UNCALLABLE_OR_INELIGIBLE	INSUFFICIENT_TO_RESOLVE	NO	NOT_ELIGIBLE	NOT_CALLABLE_OR_NOT_CALLER_ELIGIBLE_UNDER_G5;BOUNDARY_AUDIT_INSUFFICIENT_TO_RESOLVE
HPL00998	TRINUCLEOTIDE	SUPPORTED_BUT_ALLELE_DIVERSITY_LIMITED	INELIGIBLE_PLATFORM_CONFOUNDED_CALLABILITY	ORTHOLOGY_AMBIGUOUS	NO	NOT_ELIGIBLE	PLATFORM_CONFOUNDED_CALLABILITY;BOUNDARY_AUDIT_ORTHOLOGY_AMBIGUOUS
HPL00999	MONO_AT	EMPIRICALLY_VALIDATED_EXACT	NOT_APPLICABLE_UNCALLABLE_OR_INELIGIBLE	ORTHOLOGY_AMBIGUOUS	NO	NOT_ELIGIBLE	NOT_CALLABLE_OR_NOT_CALLER_ELIGIBLE_UNDER_G5;BOUNDARY_AUDIT_ORTHOLOGY_AMBIGUOUS
HPL01000	TRINUCLEOTIDE	SUPPORTED_BUT_ALLELE_DIVERSITY_LIMITED	PENDING_G7	INSUFFICIENT_TO_RESOLVE	NO	NOT_ELIGIBLE	BOUNDARY_AUDIT_INSUFFICIENT_TO_RESOLVE
HPL01001	MONO_AT	EMPIRICALLY_VALIDATED_EXACT	NOT_APPLICABLE_UNCALLABLE_OR_INELIGIBLE	INSUFFICIENT_TO_RESOLVE	NO	NOT_ELIGIBLE	NOT_CALLABLE_OR_NOT_CALLER_ELIGIBLE_UNDER_G5;BOUNDARY_AUDIT_INSUFFICIENT_TO_RESOLVE
HPL01002	MONO_AT	EMPIRICALLY_VALIDATED_EXACT	NOT_APPLICABLE_UNCALLABLE_OR_INELIGIBLE	INSUFFICIENT_TO_RESOLVE	NO	NOT_ELIGIBLE	NOT_CALLABLE_OR_NOT_CALLER_ELIGIBLE_UNDER_G5;BOUNDARY_AUDIT_INSUFFICIENT_TO_RESOLVE
HPL01003	MONO_AT	EMPIRICALLY_VALIDATED_EXACT	PENDING_G7	INSUFFICIENT_TO_RESOLVE	NO	NOT_ELIGIBLE	BOUNDARY_AUDIT_INSUFFICIENT_TO_RESOLVE
HPL01004	MONO_AT	EMPIRICALLY_VALIDATED_EXACT	NOT_APPLICABLE_UNCALLABLE_OR_INELIGIBLE	INSUFFICIENT_TO_RESOLVE	NO	NOT_ELIGIBLE	NOT_CALLABLE_OR_NOT_CALLER_ELIGIBLE_UNDER_G5;BOUNDARY_AUDIT_INSUFFICIENT_TO_RESOLVE
HPL01005	MONO_AT	EMPIRICALLY_VALIDATED_EXACT	NOT_APPLICABLE_UNCALLABLE_OR_INELIGIBLE	INSUFFICIENT_TO_RESOLVE	NO	NOT_ELIGIBLE	NOT_CALLABLE_OR_NOT_CALLER_ELIGIBLE_UNDER_G5;BOUNDARY_AUDIT_INSUFFICIENT_TO_RESOLVE
HPL01006	TRINUCLEOTIDE	SUPPORTED_BUT_ALLELE_DIVERSITY_LIMITED	INELIGIBLE_PLATFORM_CONFOUNDED_CALLABILITY	BOUNDARY_STABLE	NO	NOT_ELIGIBLE	PLATFORM_CONFOUNDED_CALLABILITY
HPL01007	MONO_AT	EMPIRICALLY_VALIDATED_EXACT	NOT_APPLICABLE_UNCALLABLE_OR_INELIGIBLE	ORTHOLOGY_AMBIGUOUS	NO	NOT_ELIGIBLE	NOT_CALLABLE_OR_NOT_CALLER_ELIGIBLE_UNDER_G5;BOUNDARY_AUDIT_ORTHOLOGY_AMBIGUOUS
HPL01008	MONO_AT	EMPIRICALLY_VALIDATED_EXACT	INELIGIBLE_PLATFORM_CONFOUNDED_CALLABILITY	ORTHOLOGY_AMBIGUOUS	NO	NOT_ELIGIBLE	PLATFORM_CONFOUNDED_CALLABILITY;BOUNDARY_AUDIT_ORTHOLOGY_AMBIGUOUS
HPL01009	MONO_AT	EMPIRICALLY_VALIDATED_EXACT	NOT_APPLICABLE_UNCALLABLE_OR_INELIGIBLE	ORTHOLOGY_AMBIGUOUS	NO	NOT_ELIGIBLE	NOT_CALLABLE_OR_NOT_CALLER_ELIGIBLE_UNDER_G5;BOUNDARY_AUDIT_ORTHOLOGY_AMBIGUOUS
HPL01010	MONO_AT	EMPIRICALLY_VALIDATED_EXACT	NOT_APPLICABLE_UNCALLABLE_OR_INELIGIBLE	INSUFFICIENT_TO_RESOLVE	NO	NOT_ELIGIBLE	NOT_CALLABLE_OR_NOT_CALLER_ELIGIBLE_UNDER_G5;BOUNDARY_AUDIT_INSUFFICIENT_TO_RESOLVE
HPL01011	MONO_AT	EMPIRICALLY_VALIDATED_EXACT	NOT_APPLICABLE_UNCALLABLE_OR_INELIGIBLE	ORTHOLOGY_AMBIGUOUS	NO	NOT_ELIGIBLE	NOT_CALLABLE_OR_NOT_CALLER_ELIGIBLE_UNDER_G5;BOUNDARY_AUDIT_ORTHOLOGY_AMBIGUOUS
HPL01012	MONO_AT	EMPIRICALLY_VALIDATED_EXACT	NOT_APPLICABLE_UNCALLABLE_OR_INELIGIBLE	INSUFFICIENT_TO_RESOLVE	NO	NOT_ELIGIBLE	NOT_CALLABLE_OR_NOT_CALLER_ELIGIBLE_UNDER_G5;BOUNDARY_AUDIT_INSUFFICIENT_TO_RESOLVE
HPL01013	MONO_AT	EMPIRICALLY_VALIDATED_EXACT	NOT_APPLICABLE_UNCALLABLE_OR_INELIGIBLE	INSUFFICIENT_TO_RESOLVE	NO	NOT_ELIGIBLE	NOT_CALLABLE_OR_NOT_CALLER_ELIGIBLE_UNDER_G5;BOUNDARY_AUDIT_INSUFFICIENT_TO_RESOLVE
HPL01014	MONO_GC	SUPPORTED_BUT_ALLELE_DIVERSITY_LIMITED	PENDING_G7	INSUFFICIENT_TO_RESOLVE	NO	NOT_ELIGIBLE	BOUNDARY_AUDIT_INSUFFICIENT_TO_RESOLVE
HPL01015	MONO_AT	EMPIRICALLY_VALIDATED_EXACT	NOT_APPLICABLE_UNCALLABLE_OR_INELIGIBLE	ORTHOLOGY_AMBIGUOUS	NO	NOT_ELIGIBLE	NOT_CALLABLE_OR_NOT_CALLER_ELIGIBLE_UNDER_G5;BOUNDARY_AUDIT_ORTHOLOGY_AMBIGUOUS
HPL01016	MONO_AT	EMPIRICALLY_VALIDATED_EXACT	NOT_APPLICABLE_UNCALLABLE_OR_INELIGIBLE	INSUFFICIENT_TO_RESOLVE	NO	NOT_ELIGIBLE	NOT_CALLABLE_OR_NOT_CALLER_ELIGIBLE_UNDER_G5;BOUNDARY_AUDIT_INSUFFICIENT_TO_RESOLVE
HPL01017	TRINUCLEOTIDE	SUPPORTED_BUT_ALLELE_DIVERSITY_LIMITED	NOT_APPLICABLE_UNCALLABLE_OR_INELIGIBLE	INSUFFICIENT_TO_RESOLVE	NO	NOT_ELIGIBLE	NOT_CALLABLE_OR_NOT_CALLER_ELIGIBLE_UNDER_G5;BOUNDARY_AUDIT_INSUFFICIENT_TO_RESOLVE
HPL01018	MONO_GC	SUPPORTED_BUT_ALLELE_DIVERSITY_LIMITED	PENDING_G7	INSUFFICIENT_TO_RESOLVE	NO	NOT_ELIGIBLE	BOUNDARY_AUDIT_INSUFFICIENT_TO_RESOLVE
HPL01019	MONO_AT	EMPIRICALLY_VALIDATED_EXACT	PENDING_G7	ORTHOLOGY_AMBIGUOUS	NO	NOT_ELIGIBLE	BOUNDARY_AUDIT_ORTHOLOGY_AMBIGUOUS
HPL01020	MONO_AT	EMPIRICALLY_VALIDATED_EXACT	NOT_APPLICABLE_UNCALLABLE_OR_INELIGIBLE	ORTHOLOGY_AMBIGUOUS	NO	NOT_ELIGIBLE	NOT_CALLABLE_OR_NOT_CALLER_ELIGIBLE_UNDER_G5;BOUNDARY_AUDIT_ORTHOLOGY_AMBIGUOUS
HPL01021	MONO_AT	EMPIRICALLY_VALIDATED_EXACT	NOT_APPLICABLE_UNCALLABLE_OR_INELIGIBLE	INSUFFICIENT_TO_RESOLVE	NO	NOT_ELIGIBLE	NOT_CALLABLE_OR_NOT_CALLER_ELIGIBLE_UNDER_G5;BOUNDARY_AUDIT_INSUFFICIENT_TO_RESOLVE
HPL01022	MONO_AT	EMPIRICALLY_VALIDATED_EXACT	NOT_APPLICABLE_UNCALLABLE_OR_INELIGIBLE	INSUFFICIENT_TO_RESOLVE	NO	NOT_ELIGIBLE	NOT_CALLABLE_OR_NOT_CALLER_ELIGIBLE_UNDER_G5;BOUNDARY_AUDIT_INSUFFICIENT_TO_RESOLVE
HPL01023	MOTIF_GE4	SUPPORTED_BUT_ALLELE_DIVERSITY_LIMITED	NOT_APPLICABLE_UNCALLABLE_OR_INELIGIBLE	INSUFFICIENT_TO_RESOLVE	NO	NOT_ELIGIBLE	NOT_CALLABLE_OR_NOT_CALLER_ELIGIBLE_UNDER_G5;BOUNDARY_AUDIT_INSUFFICIENT_TO_RESOLVE
HPL01024	MONO_GC	SUPPORTED_BUT_ALLELE_DIVERSITY_LIMITED	PENDING_G7	INSUFFICIENT_TO_RESOLVE	NO	NOT_ELIGIBLE	BOUNDARY_AUDIT_INSUFFICIENT_TO_RESOLVE
HPL01025	MONO_AT	EMPIRICALLY_VALIDATED_EXACT	PENDING_G7	INSUFFICIENT_TO_RESOLVE	NO	NOT_ELIGIBLE	BOUNDARY_AUDIT_INSUFFICIENT_TO_RESOLVE
HPL01026	MONO_AT	EMPIRICALLY_VALIDATED_EXACT	NOT_APPLICABLE_UNCALLABLE_OR_INELIGIBLE	BOUNDARY_STABLE	NO	NOT_ELIGIBLE	NOT_CALLABLE_OR_NOT_CALLER_ELIGIBLE_UNDER_G5
HPL01027	MONO_AT	EMPIRICALLY_VALIDATED_EXACT	NOT_APPLICABLE_UNCALLABLE_OR_INELIGIBLE	INSUFFICIENT_TO_RESOLVE	NO	NOT_ELIGIBLE	NOT_CALLABLE_OR_NOT_CALLER_ELIGIBLE_UNDER_G5;BOUNDARY_AUDIT_INSUFFICIENT_TO_RESOLVE
HPL01028	MONO_AT	EMPIRICALLY_VALIDATED_EXACT	NOT_APPLICABLE_UNCALLABLE_OR_INELIGIBLE	ORTHOLOGY_AMBIGUOUS	NO	NOT_ELIGIBLE	NOT_CALLABLE_OR_NOT_CALLER_ELIGIBLE_UNDER_G5;BOUNDARY_AUDIT_ORTHOLOGY_AMBIGUOUS
HPL01029	MONO_GC	SUPPORTED_BUT_ALLELE_DIVERSITY_LIMITED	NOT_APPLICABLE_UNCALLABLE_OR_INELIGIBLE	INSUFFICIENT_TO_RESOLVE	NO	NOT_ELIGIBLE	NOT_CALLABLE_OR_NOT_CALLER_ELIGIBLE_UNDER_G5;BOUNDARY_AUDIT_INSUFFICIENT_TO_RESOLVE
HPL01030	MONO_AT	EMPIRICALLY_VALIDATED_EXACT	NOT_APPLICABLE_UNCALLABLE_OR_INELIGIBLE	ORTHOLOGY_AMBIGUOUS	NO	NOT_ELIGIBLE	NOT_CALLABLE_OR_NOT_CALLER_ELIGIBLE_UNDER_G5;BOUNDARY_AUDIT_ORTHOLOGY_AMBIGUOUS
HPL01031	MONO_AT	EMPIRICALLY_VALIDATED_EXACT	NOT_APPLICABLE_UNCALLABLE_OR_INELIGIBLE	ORTHOLOGY_AMBIGUOUS	NO	NOT_ELIGIBLE	NOT_CALLABLE_OR_NOT_CALLER_ELIGIBLE_UNDER_G5;BOUNDARY_AUDIT_ORTHOLOGY_AMBIGUOUS
HPL01032	MONO_AT	EMPIRICALLY_VALIDATED_EXACT	PENDING_G7	ORTHOLOGY_AMBIGUOUS	NO	NOT_ELIGIBLE	BOUNDARY_AUDIT_ORTHOLOGY_AMBIGUOUS
HPL01033	MONO_AT	EMPIRICALLY_VALIDATED_EXACT	NOT_APPLICABLE_UNCALLABLE_OR_INELIGIBLE	ORTHOLOGY_AMBIGUOUS	NO	NOT_ELIGIBLE	NOT_CALLABLE_OR_NOT_CALLER_ELIGIBLE_UNDER_G5;BOUNDARY_AUDIT_ORTHOLOGY_AMBIGUOUS
HPL01034	MONO_AT	EMPIRICALLY_VALIDATED_EXACT	NOT_APPLICABLE_UNCALLABLE_OR_INELIGIBLE	INSUFFICIENT_TO_RESOLVE	NO	NOT_ELIGIBLE	NOT_CALLABLE_OR_NOT_CALLER_ELIGIBLE_UNDER_G5;BOUNDARY_AUDIT_INSUFFICIENT_TO_RESOLVE
HPL01035	DINUCLEOTIDE	SUPPORTED_BUT_ALLELE_DIVERSITY_LIMITED	NOT_APPLICABLE_UNCALLABLE_OR_INELIGIBLE	ORTHOLOGY_AMBIGUOUS	NO	NOT_ELIGIBLE	NOT_CALLABLE_OR_NOT_CALLER_ELIGIBLE_UNDER_G5;BOUNDARY_AUDIT_ORTHOLOGY_AMBIGUOUS
HPL01036	MONO_AT	EMPIRICALLY_VALIDATED_EXACT	NOT_APPLICABLE_UNCALLABLE_OR_INELIGIBLE	ORTHOLOGY_AMBIGUOUS	NO	NOT_ELIGIBLE	NOT_CALLABLE_OR_NOT_CALLER_ELIGIBLE_UNDER_G5;BOUNDARY_AUDIT_ORTHOLOGY_AMBIGUOUS
HPL01037	MONO_AT	EMPIRICALLY_VALIDATED_EXACT	NOT_APPLICABLE_UNCALLABLE_OR_INELIGIBLE	INSUFFICIENT_TO_RESOLVE	NO	NOT_ELIGIBLE	NOT_CALLABLE_OR_NOT_CALLER_ELIGIBLE_UNDER_G5;BOUNDARY_AUDIT_INSUFFICIENT_TO_RESOLVE
HPL01038	MONO_AT	EMPIRICALLY_VALIDATED_EXACT	NOT_APPLICABLE_UNCALLABLE_OR_INELIGIBLE	INSUFFICIENT_TO_RESOLVE	NO	NOT_ELIGIBLE	NOT_CALLABLE_OR_NOT_CALLER_ELIGIBLE_UNDER_G5;BOUNDARY_AUDIT_INSUFFICIENT_TO_RESOLVE
HPL01039	MONO_GC	SUPPORTED_BUT_ALLELE_DIVERSITY_LIMITED	NOT_APPLICABLE_UNCALLABLE_OR_INELIGIBLE	ORTHOLOGY_AMBIGUOUS	NO	NOT_ELIGIBLE	NOT_CALLABLE_OR_NOT_CALLER_ELIGIBLE_UNDER_G5;BOUNDARY_AUDIT_ORTHOLOGY_AMBIGUOUS
HPL01040	MONO_AT	EMPIRICALLY_VALIDATED_EXACT	NOT_APPLICABLE_UNCALLABLE_OR_INELIGIBLE	ORTHOLOGY_AMBIGUOUS	NO	NOT_ELIGIBLE	NOT_CALLABLE_OR_NOT_CALLER_ELIGIBLE_UNDER_G5;BOUNDARY_AUDIT_ORTHOLOGY_AMBIGUOUS
HPL01041	MOTIF_GE4	SUPPORTED_BUT_ALLELE_DIVERSITY_LIMITED	NOT_APPLICABLE_UNCALLABLE_OR_INELIGIBLE	INSUFFICIENT_TO_RESOLVE	NO	NOT_ELIGIBLE	NOT_CALLABLE_OR_NOT_CALLER_ELIGIBLE_UNDER_G5;BOUNDARY_AUDIT_INSUFFICIENT_TO_RESOLVE
HPL01042	TRINUCLEOTIDE	SUPPORTED_BUT_ALLELE_DIVERSITY_LIMITED	INELIGIBLE_PLATFORM_CONFOUNDED_CALLABILITY	ORTHOLOGY_AMBIGUOUS	NO	NOT_ELIGIBLE	PLATFORM_CONFOUNDED_CALLABILITY;BOUNDARY_AUDIT_ORTHOLOGY_AMBIGUOUS
HPL01043	TRINUCLEOTIDE	SUPPORTED_BUT_ALLELE_DIVERSITY_LIMITED	NOT_APPLICABLE_UNCALLABLE_OR_INELIGIBLE	ORTHOLOGY_AMBIGUOUS	NO	NOT_ELIGIBLE	NOT_CALLABLE_OR_NOT_CALLER_ELIGIBLE_UNDER_G5;BOUNDARY_AUDIT_ORTHOLOGY_AMBIGUOUS
HPL01044	TRINUCLEOTIDE	SUPPORTED_BUT_ALLELE_DIVERSITY_LIMITED	NOT_APPLICABLE_UNCALLABLE_OR_INELIGIBLE	ORTHOLOGY_AMBIGUOUS	NO	NOT_ELIGIBLE	NOT_CALLABLE_OR_NOT_CALLER_ELIGIBLE_UNDER_G5;BOUNDARY_AUDIT_ORTHOLOGY_AMBIGUOUS
HPL01045	MONO_AT	EMPIRICALLY_VALIDATED_EXACT	NOT_APPLICABLE_UNCALLABLE_OR_INELIGIBLE	INSUFFICIENT_TO_RESOLVE	NO	NOT_ELIGIBLE	NOT_CALLABLE_OR_NOT_CALLER_ELIGIBLE_UNDER_G5;BOUNDARY_AUDIT_INSUFFICIENT_TO_RESOLVE
HPL01046	MONO_AT	EMPIRICALLY_VALIDATED_EXACT	PENDING_G7	ORTHOLOGY_AMBIGUOUS	NO	NOT_ELIGIBLE	BOUNDARY_AUDIT_ORTHOLOGY_AMBIGUOUS
HPL01047	MONO_AT	EMPIRICALLY_VALIDATED_EXACT	NOT_APPLICABLE_UNCALLABLE_OR_INELIGIBLE	ORTHOLOGY_AMBIGUOUS	NO	NOT_ELIGIBLE	NOT_CALLABLE_OR_NOT_CALLER_ELIGIBLE_UNDER_G5;BOUNDARY_AUDIT_ORTHOLOGY_AMBIGUOUS
HPL01048	TRINUCLEOTIDE	SUPPORTED_BUT_ALLELE_DIVERSITY_LIMITED	NOT_APPLICABLE_UNCALLABLE_OR_INELIGIBLE	ORTHOLOGY_AMBIGUOUS	NO	NOT_ELIGIBLE	NOT_CALLABLE_OR_NOT_CALLER_ELIGIBLE_UNDER_G5;BOUNDARY_AUDIT_ORTHOLOGY_AMBIGUOUS
HPL01049	MONO_AT	EMPIRICALLY_VALIDATED_EXACT	NOT_APPLICABLE_UNCALLABLE_OR_INELIGIBLE	ORTHOLOGY_AMBIGUOUS	NO	NOT_ELIGIBLE	NOT_CALLABLE_OR_NOT_CALLER_ELIGIBLE_UNDER_G5;BOUNDARY_AUDIT_ORTHOLOGY_AMBIGUOUS
HPL01050	MONO_AT	EMPIRICALLY_VALIDATED_EXACT	PENDING_G7	BOUNDARY_STABLE	NO	ELIGIBLE	NA
HPL01051	MONO_AT	EMPIRICALLY_VALIDATED_EXACT	NOT_APPLICABLE_UNCALLABLE_OR_INELIGIBLE	ORTHOLOGY_AMBIGUOUS	NO	NOT_ELIGIBLE	NOT_CALLABLE_OR_NOT_CALLER_ELIGIBLE_UNDER_G5;BOUNDARY_AUDIT_ORTHOLOGY_AMBIGUOUS
HPL01052	MONO_AT	EMPIRICALLY_VALIDATED_EXACT	PENDING_G7	ORTHOLOGY_AMBIGUOUS	NO	NOT_ELIGIBLE	BOUNDARY_AUDIT_ORTHOLOGY_AMBIGUOUS
HPL01053	MONO_AT	EMPIRICALLY_VALIDATED_EXACT	PENDING_G7	BOUNDARY_STABLE	NO	ELIGIBLE	NA
HPL01054	MONO_AT	EMPIRICALLY_VALIDATED_EXACT	PENDING_G7	INSUFFICIENT_TO_RESOLVE	NO	NOT_ELIGIBLE	BOUNDARY_AUDIT_INSUFFICIENT_TO_RESOLVE
HPL01055	MONO_AT	EMPIRICALLY_VALIDATED_EXACT	PENDING_G7	INSUFFICIENT_TO_RESOLVE	NO	NOT_ELIGIBLE	BOUNDARY_AUDIT_INSUFFICIENT_TO_RESOLVE
HPL01056	MONO_AT	EMPIRICALLY_VALIDATED_EXACT	INELIGIBLE_PLATFORM_CONFOUNDED_CALLABILITY	INSUFFICIENT_TO_RESOLVE	NO	NOT_ELIGIBLE	PLATFORM_CONFOUNDED_CALLABILITY;BOUNDARY_AUDIT_INSUFFICIENT_TO_RESOLVE
HPL01057	MONO_AT	EMPIRICALLY_VALIDATED_EXACT	NOT_APPLICABLE_UNCALLABLE_OR_INELIGIBLE	INSUFFICIENT_TO_RESOLVE	NO	NOT_ELIGIBLE	NOT_CALLABLE_OR_NOT_CALLER_ELIGIBLE_UNDER_G5;BOUNDARY_AUDIT_INSUFFICIENT_TO_RESOLVE
HPL01058	MONO_AT	EMPIRICALLY_VALIDATED_EXACT	NOT_APPLICABLE_UNCALLABLE_OR_INELIGIBLE	INSUFFICIENT_TO_RESOLVE	NO	NOT_ELIGIBLE	NOT_CALLABLE_OR_NOT_CALLER_ELIGIBLE_UNDER_G5;BOUNDARY_AUDIT_INSUFFICIENT_TO_RESOLVE
HPL01059	MONO_GC	SUPPORTED_BUT_ALLELE_DIVERSITY_LIMITED	PENDING_G7	INSUFFICIENT_TO_RESOLVE	NO	NOT_ELIGIBLE	BOUNDARY_AUDIT_INSUFFICIENT_TO_RESOLVE
HPL01060	TRINUCLEOTIDE	SUPPORTED_BUT_ALLELE_DIVERSITY_LIMITED	NOT_APPLICABLE_UNCALLABLE_OR_INELIGIBLE	ORTHOLOGY_AMBIGUOUS	NO	NOT_ELIGIBLE	NOT_CALLABLE_OR_NOT_CALLER_ELIGIBLE_UNDER_G5;BOUNDARY_AUDIT_ORTHOLOGY_AMBIGUOUS
HPL01061	MONO_AT	EMPIRICALLY_VALIDATED_EXACT	NOT_APPLICABLE_UNCALLABLE_OR_INELIGIBLE	INSUFFICIENT_TO_RESOLVE	NO	NOT_ELIGIBLE	NOT_CALLABLE_OR_NOT_CALLER_ELIGIBLE_UNDER_G5;BOUNDARY_AUDIT_INSUFFICIENT_TO_RESOLVE
HPL01062	MOTIF_GE4	SUPPORTED_BUT_ALLELE_DIVERSITY_LIMITED	NOT_APPLICABLE_UNCALLABLE_OR_INELIGIBLE	INSUFFICIENT_TO_RESOLVE	NO	NOT_ELIGIBLE	NOT_CALLABLE_OR_NOT_CALLER_ELIGIBLE_UNDER_G5;BOUNDARY_AUDIT_INSUFFICIENT_TO_RESOLVE
HPL01063	MONO_AT	EMPIRICALLY_VALIDATED_EXACT	NOT_APPLICABLE_UNCALLABLE_OR_INELIGIBLE	INSUFFICIENT_TO_RESOLVE	NO	NOT_ELIGIBLE	NOT_CALLABLE_OR_NOT_CALLER_ELIGIBLE_UNDER_G5;BOUNDARY_AUDIT_INSUFFICIENT_TO_RESOLVE
HPL01064	MONO_AT	EMPIRICALLY_VALIDATED_EXACT	PENDING_G7	INSUFFICIENT_TO_RESOLVE	NO	NOT_ELIGIBLE	BOUNDARY_AUDIT_INSUFFICIENT_TO_RESOLVE
HPL01065	MONO_AT	EMPIRICALLY_VALIDATED_EXACT	NOT_APPLICABLE_UNCALLABLE_OR_INELIGIBLE	INSUFFICIENT_TO_RESOLVE	NO	NOT_ELIGIBLE	NOT_CALLABLE_OR_NOT_CALLER_ELIGIBLE_UNDER_G5;BOUNDARY_AUDIT_INSUFFICIENT_TO_RESOLVE
HPL01066	MONO_AT	EMPIRICALLY_VALIDATED_EXACT	NOT_APPLICABLE_UNCALLABLE_OR_INELIGIBLE	INSUFFICIENT_TO_RESOLVE	NO	NOT_ELIGIBLE	NOT_CALLABLE_OR_NOT_CALLER_ELIGIBLE_UNDER_G5;BOUNDARY_AUDIT_INSUFFICIENT_TO_RESOLVE
HPL01067	MONO_AT	EMPIRICALLY_VALIDATED_EXACT	NOT_APPLICABLE_UNCALLABLE_OR_INELIGIBLE	ORTHOLOGY_AMBIGUOUS	NO	NOT_ELIGIBLE	NOT_CALLABLE_OR_NOT_CALLER_ELIGIBLE_UNDER_G5;BOUNDARY_AUDIT_ORTHOLOGY_AMBIGUOUS
HPL01068	MONO_AT	EMPIRICALLY_VALIDATED_EXACT	NOT_APPLICABLE_UNCALLABLE_OR_INELIGIBLE	INSUFFICIENT_TO_RESOLVE	NO	NOT_ELIGIBLE	NOT_CALLABLE_OR_NOT_CALLER_ELIGIBLE_UNDER_G5;BOUNDARY_AUDIT_INSUFFICIENT_TO_RESOLVE
HPL01069	MONO_AT	EMPIRICALLY_VALIDATED_EXACT	NOT_APPLICABLE_UNCALLABLE_OR_INELIGIBLE	INSUFFICIENT_TO_RESOLVE	NO	NOT_ELIGIBLE	NOT_CALLABLE_OR_NOT_CALLER_ELIGIBLE_UNDER_G5;BOUNDARY_AUDIT_INSUFFICIENT_TO_RESOLVE
HPL01070	MONO_AT	EMPIRICALLY_VALIDATED_EXACT	NOT_APPLICABLE_UNCALLABLE_OR_INELIGIBLE	ORTHOLOGY_AMBIGUOUS	NO	NOT_ELIGIBLE	NOT_CALLABLE_OR_NOT_CALLER_ELIGIBLE_UNDER_G5;BOUNDARY_AUDIT_ORTHOLOGY_AMBIGUOUS
HPL01071	MONO_AT	EMPIRICALLY_VALIDATED_EXACT	PENDING_G7	INSUFFICIENT_TO_RESOLVE	NO	NOT_ELIGIBLE	BOUNDARY_AUDIT_INSUFFICIENT_TO_RESOLVE
HPL01072	MONO_AT	EMPIRICALLY_VALIDATED_EXACT	PENDING_G7	ORTHOLOGY_AMBIGUOUS	NO	NOT_ELIGIBLE	BOUNDARY_AUDIT_ORTHOLOGY_AMBIGUOUS
HPL01073	MONO_AT	EMPIRICALLY_VALIDATED_EXACT	NOT_APPLICABLE_UNCALLABLE_OR_INELIGIBLE	INSUFFICIENT_TO_RESOLVE	NO	NOT_ELIGIBLE	NOT_CALLABLE_OR_NOT_CALLER_ELIGIBLE_UNDER_G5;BOUNDARY_AUDIT_INSUFFICIENT_TO_RESOLVE
HPL01074	MONO_AT	EMPIRICALLY_VALIDATED_EXACT	NOT_APPLICABLE_UNCALLABLE_OR_INELIGIBLE	INSUFFICIENT_TO_RESOLVE	NO	NOT_ELIGIBLE	NOT_CALLABLE_OR_NOT_CALLER_ELIGIBLE_UNDER_G5;BOUNDARY_AUDIT_INSUFFICIENT_TO_RESOLVE
HPL01075	MONO_AT	EMPIRICALLY_VALIDATED_EXACT	PENDING_G7	ORTHOLOGY_AMBIGUOUS	NO	NOT_ELIGIBLE	BOUNDARY_AUDIT_ORTHOLOGY_AMBIGUOUS
HPL01076	MONO_AT	EMPIRICALLY_VALIDATED_EXACT	NOT_APPLICABLE_UNCALLABLE_OR_INELIGIBLE	ORTHOLOGY_AMBIGUOUS	NO	NOT_ELIGIBLE	NOT_CALLABLE_OR_NOT_CALLER_ELIGIBLE_UNDER_G5;BOUNDARY_AUDIT_ORTHOLOGY_AMBIGUOUS
HPL01077	MONO_AT	EMPIRICALLY_VALIDATED_EXACT	NOT_APPLICABLE_UNCALLABLE_OR_INELIGIBLE	INSUFFICIENT_TO_RESOLVE	NO	NOT_ELIGIBLE	NOT_CALLABLE_OR_NOT_CALLER_ELIGIBLE_UNDER_G5;BOUNDARY_AUDIT_INSUFFICIENT_TO_RESOLVE
HPL01078	MONO_AT	EMPIRICALLY_VALIDATED_EXACT	INELIGIBLE_PLATFORM_CONFOUNDED_CALLABILITY	INSUFFICIENT_TO_RESOLVE	NO	NOT_ELIGIBLE	PLATFORM_CONFOUNDED_CALLABILITY;BOUNDARY_AUDIT_INSUFFICIENT_TO_RESOLVE
HPL01079	MONO_AT	EMPIRICALLY_VALIDATED_EXACT	NOT_APPLICABLE_UNCALLABLE_OR_INELIGIBLE	ORTHOLOGY_AMBIGUOUS	NO	NOT_ELIGIBLE	NOT_CALLABLE_OR_NOT_CALLER_ELIGIBLE_UNDER_G5;BOUNDARY_AUDIT_ORTHOLOGY_AMBIGUOUS
HPL01080	DINUCLEOTIDE	SUPPORTED_BUT_ALLELE_DIVERSITY_LIMITED	NOT_APPLICABLE_UNCALLABLE_OR_INELIGIBLE	ORTHOLOGY_AMBIGUOUS	NO	NOT_ELIGIBLE	NOT_CALLABLE_OR_NOT_CALLER_ELIGIBLE_UNDER_G5;BOUNDARY_AUDIT_ORTHOLOGY_AMBIGUOUS
HPL01081	MONO_AT	EMPIRICALLY_VALIDATED_EXACT	PENDING_G7	BOUNDARY_STABLE	NO	ELIGIBLE	NA
HPL01082	MONO_AT	EMPIRICALLY_VALIDATED_EXACT	PENDING_G7	ORTHOLOGY_AMBIGUOUS	NO	NOT_ELIGIBLE	BOUNDARY_AUDIT_ORTHOLOGY_AMBIGUOUS
HPL01083	MONO_GC	SUPPORTED_BUT_ALLELE_DIVERSITY_LIMITED	NOT_APPLICABLE_UNCALLABLE_OR_INELIGIBLE	ORTHOLOGY_AMBIGUOUS	NO	NOT_ELIGIBLE	NOT_CALLABLE_OR_NOT_CALLER_ELIGIBLE_UNDER_G5;BOUNDARY_AUDIT_ORTHOLOGY_AMBIGUOUS
HPL01084	MONO_AT	EMPIRICALLY_VALIDATED_EXACT	NOT_APPLICABLE_UNCALLABLE_OR_INELIGIBLE	ORTHOLOGY_AMBIGUOUS	NO	NOT_ELIGIBLE	NOT_CALLABLE_OR_NOT_CALLER_ELIGIBLE_UNDER_G5;BOUNDARY_AUDIT_ORTHOLOGY_AMBIGUOUS
HPL01085	MONO_AT	EMPIRICALLY_VALIDATED_EXACT	NOT_APPLICABLE_UNCALLABLE_OR_INELIGIBLE	INSUFFICIENT_TO_RESOLVE	NO	NOT_ELIGIBLE	NOT_CALLABLE_OR_NOT_CALLER_ELIGIBLE_UNDER_G5;BOUNDARY_AUDIT_INSUFFICIENT_TO_RESOLVE
HPL01086	MONO_AT	EMPIRICALLY_VALIDATED_EXACT	NOT_APPLICABLE_UNCALLABLE_OR_INELIGIBLE	INSUFFICIENT_TO_RESOLVE	NO	NOT_ELIGIBLE	NOT_CALLABLE_OR_NOT_CALLER_ELIGIBLE_UNDER_G5;BOUNDARY_AUDIT_INSUFFICIENT_TO_RESOLVE
HPL01087	MONO_AT	EMPIRICALLY_VALIDATED_EXACT	PENDING_G7	INSUFFICIENT_TO_RESOLVE	NO	NOT_ELIGIBLE	BOUNDARY_AUDIT_INSUFFICIENT_TO_RESOLVE
HPL01088	MONO_AT	EMPIRICALLY_VALIDATED_EXACT	NOT_APPLICABLE_UNCALLABLE_OR_INELIGIBLE	INSUFFICIENT_TO_RESOLVE	NO	NOT_ELIGIBLE	NOT_CALLABLE_OR_NOT_CALLER_ELIGIBLE_UNDER_G5;BOUNDARY_AUDIT_INSUFFICIENT_TO_RESOLVE
HPL01089	MONO_AT	EMPIRICALLY_VALIDATED_EXACT	NOT_APPLICABLE_UNCALLABLE_OR_INELIGIBLE	INSUFFICIENT_TO_RESOLVE	NO	NOT_ELIGIBLE	NOT_CALLABLE_OR_NOT_CALLER_ELIGIBLE_UNDER_G5;BOUNDARY_AUDIT_INSUFFICIENT_TO_RESOLVE
HPL01090	MONO_AT	EMPIRICALLY_VALIDATED_EXACT	PENDING_G7	ORTHOLOGY_AMBIGUOUS	NO	NOT_ELIGIBLE	BOUNDARY_AUDIT_ORTHOLOGY_AMBIGUOUS
HPL01091	MONO_AT	EMPIRICALLY_VALIDATED_EXACT	INELIGIBLE_PLATFORM_CONFOUNDED_CALLABILITY	ORTHOLOGY_AMBIGUOUS	NO	NOT_ELIGIBLE	PLATFORM_CONFOUNDED_CALLABILITY;BOUNDARY_AUDIT_ORTHOLOGY_AMBIGUOUS
HPL01092	MONO_AT	EMPIRICALLY_VALIDATED_EXACT	NOT_APPLICABLE_UNCALLABLE_OR_INELIGIBLE	ORTHOLOGY_AMBIGUOUS	NO	NOT_ELIGIBLE	NOT_CALLABLE_OR_NOT_CALLER_ELIGIBLE_UNDER_G5;BOUNDARY_AUDIT_ORTHOLOGY_AMBIGUOUS
HPL01093	MONO_AT	EMPIRICALLY_VALIDATED_EXACT	NOT_APPLICABLE_UNCALLABLE_OR_INELIGIBLE	ORTHOLOGY_AMBIGUOUS	NO	NOT_ELIGIBLE	NOT_CALLABLE_OR_NOT_CALLER_ELIGIBLE_UNDER_G5;BOUNDARY_AUDIT_ORTHOLOGY_AMBIGUOUS
HPL01094	MONO_AT	EMPIRICALLY_VALIDATED_EXACT	NOT_APPLICABLE_UNCALLABLE_OR_INELIGIBLE	INSUFFICIENT_TO_RESOLVE	NO	NOT_ELIGIBLE	NOT_CALLABLE_OR_NOT_CALLER_ELIGIBLE_UNDER_G5;BOUNDARY_AUDIT_INSUFFICIENT_TO_RESOLVE
HPL01095	MONO_AT	EMPIRICALLY_VALIDATED_EXACT	NOT_APPLICABLE_UNCALLABLE_OR_INELIGIBLE	ORTHOLOGY_AMBIGUOUS	NO	NOT_ELIGIBLE	NOT_CALLABLE_OR_NOT_CALLER_ELIGIBLE_UNDER_G5;BOUNDARY_AUDIT_ORTHOLOGY_AMBIGUOUS
HPL01096	MONO_AT	EMPIRICALLY_VALIDATED_EXACT	NOT_APPLICABLE_UNCALLABLE_OR_INELIGIBLE	INSUFFICIENT_TO_RESOLVE	NO	NOT_ELIGIBLE	NOT_CALLABLE_OR_NOT_CALLER_ELIGIBLE_UNDER_G5;BOUNDARY_AUDIT_INSUFFICIENT_TO_RESOLVE
HPL01097	MONO_AT	EMPIRICALLY_VALIDATED_EXACT	NOT_APPLICABLE_UNCALLABLE_OR_INELIGIBLE	INSUFFICIENT_TO_RESOLVE	NO	NOT_ELIGIBLE	NOT_CALLABLE_OR_NOT_CALLER_ELIGIBLE_UNDER_G5;BOUNDARY_AUDIT_INSUFFICIENT_TO_RESOLVE
HPL01098	TRINUCLEOTIDE	SUPPORTED_BUT_ALLELE_DIVERSITY_LIMITED	PENDING_G7	BOUNDARY_STABLE	NO	ELIGIBLE_FLAGGED_PROVISIONAL	NA
HPL01099	MONO_AT	EMPIRICALLY_VALIDATED_EXACT	NOT_APPLICABLE_UNCALLABLE_OR_INELIGIBLE	ORTHOLOGY_AMBIGUOUS	NO	NOT_ELIGIBLE	NOT_CALLABLE_OR_NOT_CALLER_ELIGIBLE_UNDER_G5;BOUNDARY_AUDIT_ORTHOLOGY_AMBIGUOUS
HPL01100	DINUCLEOTIDE	SUPPORTED_BUT_ALLELE_DIVERSITY_LIMITED	NOT_APPLICABLE_UNCALLABLE_OR_INELIGIBLE	ORTHOLOGY_AMBIGUOUS	NO	NOT_ELIGIBLE	NOT_CALLABLE_OR_NOT_CALLER_ELIGIBLE_UNDER_G5;BOUNDARY_AUDIT_ORTHOLOGY_AMBIGUOUS
HPL01101	MONO_AT	EMPIRICALLY_VALIDATED_EXACT	NOT_APPLICABLE_UNCALLABLE_OR_INELIGIBLE	INSUFFICIENT_TO_RESOLVE	NO	NOT_ELIGIBLE	NOT_CALLABLE_OR_NOT_CALLER_ELIGIBLE_UNDER_G5;BOUNDARY_AUDIT_INSUFFICIENT_TO_RESOLVE
HPL01102	MONO_GC	SUPPORTED_BUT_ALLELE_DIVERSITY_LIMITED	PENDING_G7	INSUFFICIENT_TO_RESOLVE	NO	NOT_ELIGIBLE	BOUNDARY_AUDIT_INSUFFICIENT_TO_RESOLVE
HPL01103	MONO_AT	EMPIRICALLY_VALIDATED_EXACT	NOT_APPLICABLE_UNCALLABLE_OR_INELIGIBLE	ORTHOLOGY_AMBIGUOUS	NO	NOT_ELIGIBLE	NOT_CALLABLE_OR_NOT_CALLER_ELIGIBLE_UNDER_G5;BOUNDARY_AUDIT_ORTHOLOGY_AMBIGUOUS
HPL01104	MONO_GC	SUPPORTED_BUT_ALLELE_DIVERSITY_LIMITED	NOT_APPLICABLE_UNCALLABLE_OR_INELIGIBLE	ORTHOLOGY_AMBIGUOUS	NO	NOT_ELIGIBLE	NOT_CALLABLE_OR_NOT_CALLER_ELIGIBLE_UNDER_G5;BOUNDARY_AUDIT_ORTHOLOGY_AMBIGUOUS
HPL01105	MONO_AT	EMPIRICALLY_VALIDATED_EXACT	INELIGIBLE_PLATFORM_CONFOUNDED_CALLABILITY	BOUNDARY_STABLE	NO	NOT_ELIGIBLE	PLATFORM_CONFOUNDED_CALLABILITY
HPL01106	MONO_AT	EMPIRICALLY_VALIDATED_EXACT	NOT_APPLICABLE_UNCALLABLE_OR_INELIGIBLE	ORTHOLOGY_AMBIGUOUS	NO	NOT_ELIGIBLE	NOT_CALLABLE_OR_NOT_CALLER_ELIGIBLE_UNDER_G5;BOUNDARY_AUDIT_ORTHOLOGY_AMBIGUOUS
HPL01107	MONO_AT	EMPIRICALLY_VALIDATED_EXACT	NOT_APPLICABLE_UNCALLABLE_OR_INELIGIBLE	BOUNDARY_STABLE	NO	NOT_ELIGIBLE	NOT_CALLABLE_OR_NOT_CALLER_ELIGIBLE_UNDER_G5
HPL01108	MONO_AT	EMPIRICALLY_VALIDATED_EXACT	NOT_APPLICABLE_UNCALLABLE_OR_INELIGIBLE	INSUFFICIENT_TO_RESOLVE	NO	NOT_ELIGIBLE	NOT_CALLABLE_OR_NOT_CALLER_ELIGIBLE_UNDER_G5;BOUNDARY_AUDIT_INSUFFICIENT_TO_RESOLVE
HPL01109	MONO_AT	EMPIRICALLY_VALIDATED_EXACT	NOT_APPLICABLE_UNCALLABLE_OR_INELIGIBLE	INSUFFICIENT_TO_RESOLVE	NO	NOT_ELIGIBLE	NOT_CALLABLE_OR_NOT_CALLER_ELIGIBLE_UNDER_G5;BOUNDARY_AUDIT_INSUFFICIENT_TO_RESOLVE
HPL01110	MONO_AT	EMPIRICALLY_VALIDATED_EXACT	PENDING_G7	BOUNDARY_STABLE	NO	ELIGIBLE	NA
HPL01111	MONO_AT	EMPIRICALLY_VALIDATED_EXACT	NOT_APPLICABLE_UNCALLABLE_OR_INELIGIBLE	ORTHOLOGY_AMBIGUOUS	NO	NOT_ELIGIBLE	NOT_CALLABLE_OR_NOT_CALLER_ELIGIBLE_UNDER_G5;BOUNDARY_AUDIT_ORTHOLOGY_AMBIGUOUS
HPL01112	MONO_AT	EMPIRICALLY_VALIDATED_EXACT	NOT_APPLICABLE_UNCALLABLE_OR_INELIGIBLE	ORTHOLOGY_AMBIGUOUS	NO	NOT_ELIGIBLE	NOT_CALLABLE_OR_NOT_CALLER_ELIGIBLE_UNDER_G5;BOUNDARY_AUDIT_ORTHOLOGY_AMBIGUOUS
HPL01113	MONO_GC	SUPPORTED_BUT_ALLELE_DIVERSITY_LIMITED	NOT_APPLICABLE_UNCALLABLE_OR_INELIGIBLE	INSUFFICIENT_TO_RESOLVE	NO	NOT_ELIGIBLE	NOT_CALLABLE_OR_NOT_CALLER_ELIGIBLE_UNDER_G5;BOUNDARY_AUDIT_INSUFFICIENT_TO_RESOLVE
HPL01114	MONO_AT	EMPIRICALLY_VALIDATED_EXACT	NOT_APPLICABLE_UNCALLABLE_OR_INELIGIBLE	INSUFFICIENT_TO_RESOLVE	NO	NOT_ELIGIBLE	NOT_CALLABLE_OR_NOT_CALLER_ELIGIBLE_UNDER_G5;BOUNDARY_AUDIT_INSUFFICIENT_TO_RESOLVE
HPL01115	MONO_AT	EMPIRICALLY_VALIDATED_EXACT	NOT_APPLICABLE_UNCALLABLE_OR_INELIGIBLE	ORTHOLOGY_AMBIGUOUS	NO	NOT_ELIGIBLE	NOT_CALLABLE_OR_NOT_CALLER_ELIGIBLE_UNDER_G5;BOUNDARY_AUDIT_ORTHOLOGY_AMBIGUOUS
HPL01116	MONO_AT	EMPIRICALLY_VALIDATED_EXACT	NOT_APPLICABLE_UNCALLABLE_OR_INELIGIBLE	ORTHOLOGY_AMBIGUOUS	NO	NOT_ELIGIBLE	NOT_CALLABLE_OR_NOT_CALLER_ELIGIBLE_UNDER_G5;BOUNDARY_AUDIT_ORTHOLOGY_AMBIGUOUS
HPL01117	MONO_AT	EMPIRICALLY_VALIDATED_EXACT	NOT_APPLICABLE_UNCALLABLE_OR_INELIGIBLE	INSUFFICIENT_TO_RESOLVE	NO	NOT_ELIGIBLE	NOT_CALLABLE_OR_NOT_CALLER_ELIGIBLE_UNDER_G5;BOUNDARY_AUDIT_INSUFFICIENT_TO_RESOLVE
HPL01118	MONO_AT	EMPIRICALLY_VALIDATED_EXACT	NOT_APPLICABLE_UNCALLABLE_OR_INELIGIBLE	BOUNDARY_STABLE	NO	NOT_ELIGIBLE	NOT_CALLABLE_OR_NOT_CALLER_ELIGIBLE_UNDER_G5
HPL01119	MONO_AT	EMPIRICALLY_VALIDATED_EXACT	NOT_APPLICABLE_UNCALLABLE_OR_INELIGIBLE	INSUFFICIENT_TO_RESOLVE	NO	NOT_ELIGIBLE	NOT_CALLABLE_OR_NOT_CALLER_ELIGIBLE_UNDER_G5;BOUNDARY_AUDIT_INSUFFICIENT_TO_RESOLVE
HPL01120	MONO_AT	EMPIRICALLY_VALIDATED_EXACT	PENDING_G7	ORTHOLOGY_AMBIGUOUS	NO	NOT_ELIGIBLE	BOUNDARY_AUDIT_ORTHOLOGY_AMBIGUOUS
HPL01121	MONO_AT	EMPIRICALLY_VALIDATED_EXACT	NOT_APPLICABLE_UNCALLABLE_OR_INELIGIBLE	ORTHOLOGY_AMBIGUOUS	NO	NOT_ELIGIBLE	NOT_CALLABLE_OR_NOT_CALLER_ELIGIBLE_UNDER_G5;BOUNDARY_AUDIT_ORTHOLOGY_AMBIGUOUS
HPL01122	MONO_AT	EMPIRICALLY_VALIDATED_EXACT	NOT_APPLICABLE_UNCALLABLE_OR_INELIGIBLE	INSUFFICIENT_TO_RESOLVE	NO	NOT_ELIGIBLE	NOT_CALLABLE_OR_NOT_CALLER_ELIGIBLE_UNDER_G5;BOUNDARY_AUDIT_INSUFFICIENT_TO_RESOLVE
HPL01123	MONO_AT	EMPIRICALLY_VALIDATED_EXACT	NOT_APPLICABLE_UNCALLABLE_OR_INELIGIBLE	ORTHOLOGY_AMBIGUOUS	NO	NOT_ELIGIBLE	NOT_CALLABLE_OR_NOT_CALLER_ELIGIBLE_UNDER_G5;BOUNDARY_AUDIT_ORTHOLOGY_AMBIGUOUS
HPL01124	MONO_AT	EMPIRICALLY_VALIDATED_EXACT	NOT_APPLICABLE_UNCALLABLE_OR_INELIGIBLE	ORTHOLOGY_AMBIGUOUS	NO	NOT_ELIGIBLE	NOT_CALLABLE_OR_NOT_CALLER_ELIGIBLE_UNDER_G5;BOUNDARY_AUDIT_ORTHOLOGY_AMBIGUOUS
HPL01125	MOTIF_GE4	SUPPORTED_BUT_ALLELE_DIVERSITY_LIMITED	PENDING_G7	ORTHOLOGY_AMBIGUOUS	NO	NOT_ELIGIBLE	BOUNDARY_AUDIT_ORTHOLOGY_AMBIGUOUS
HPL01126	MONO_AT	EMPIRICALLY_VALIDATED_EXACT	INELIGIBLE_PLATFORM_CONFOUNDED_CALLABILITY	INSUFFICIENT_TO_RESOLVE	NO	NOT_ELIGIBLE	PLATFORM_CONFOUNDED_CALLABILITY;BOUNDARY_AUDIT_INSUFFICIENT_TO_RESOLVE
HPL01127	MONO_AT	EMPIRICALLY_VALIDATED_EXACT	PENDING_G7	INSUFFICIENT_TO_RESOLVE	NO	NOT_ELIGIBLE	BOUNDARY_AUDIT_INSUFFICIENT_TO_RESOLVE
HPL01128	MONO_AT	EMPIRICALLY_VALIDATED_EXACT	INELIGIBLE_PLATFORM_CONFOUNDED_CALLABILITY	ORTHOLOGY_AMBIGUOUS	NO	NOT_ELIGIBLE	PLATFORM_CONFOUNDED_CALLABILITY;BOUNDARY_AUDIT_ORTHOLOGY_AMBIGUOUS
HPL01129	MONO_AT	EMPIRICALLY_VALIDATED_EXACT	PENDING_G7	INSUFFICIENT_TO_RESOLVE	NO	NOT_ELIGIBLE	BOUNDARY_AUDIT_INSUFFICIENT_TO_RESOLVE
HPL01130	MONO_AT	EMPIRICALLY_VALIDATED_EXACT	PENDING_G7	ORTHOLOGY_AMBIGUOUS	NO	NOT_ELIGIBLE	BOUNDARY_AUDIT_ORTHOLOGY_AMBIGUOUS
HPL01131	MONO_AT	EMPIRICALLY_VALIDATED_EXACT	PENDING_G7	INSUFFICIENT_TO_RESOLVE	NO	NOT_ELIGIBLE	BOUNDARY_AUDIT_INSUFFICIENT_TO_RESOLVE
HPL01132	MONO_AT	EMPIRICALLY_VALIDATED_EXACT	PENDING_G7	ORTHOLOGY_AMBIGUOUS	NO	NOT_ELIGIBLE	BOUNDARY_AUDIT_ORTHOLOGY_AMBIGUOUS
HPL01133	MOTIF_GE4	SUPPORTED_BUT_ALLELE_DIVERSITY_LIMITED	NOT_APPLICABLE_UNCALLABLE_OR_INELIGIBLE	INSUFFICIENT_TO_RESOLVE	NO	NOT_ELIGIBLE	NOT_CALLABLE_OR_NOT_CALLER_ELIGIBLE_UNDER_G5;BOUNDARY_AUDIT_INSUFFICIENT_TO_RESOLVE
HPL01134	MONO_GC	SUPPORTED_BUT_ALLELE_DIVERSITY_LIMITED	NOT_APPLICABLE_UNCALLABLE_OR_INELIGIBLE	INSUFFICIENT_TO_RESOLVE	NO	NOT_ELIGIBLE	NOT_CALLABLE_OR_NOT_CALLER_ELIGIBLE_UNDER_G5;BOUNDARY_AUDIT_INSUFFICIENT_TO_RESOLVE
HPL01135	MONO_GC	SUPPORTED_BUT_ALLELE_DIVERSITY_LIMITED	NOT_APPLICABLE_UNCALLABLE_OR_INELIGIBLE	ORTHOLOGY_AMBIGUOUS	NO	NOT_ELIGIBLE	NOT_CALLABLE_OR_NOT_CALLER_ELIGIBLE_UNDER_G5;BOUNDARY_AUDIT_ORTHOLOGY_AMBIGUOUS
HPL01136	MONO_GC	SUPPORTED_BUT_ALLELE_DIVERSITY_LIMITED	NOT_APPLICABLE_UNCALLABLE_OR_INELIGIBLE	ORTHOLOGY_AMBIGUOUS	NO	NOT_ELIGIBLE	NOT_CALLABLE_OR_NOT_CALLER_ELIGIBLE_UNDER_G5;BOUNDARY_AUDIT_ORTHOLOGY_AMBIGUOUS
HPL01137	MONO_AT	EMPIRICALLY_VALIDATED_EXACT	NOT_APPLICABLE_UNCALLABLE_OR_INELIGIBLE	ORTHOLOGY_AMBIGUOUS	NO	NOT_ELIGIBLE	NOT_CALLABLE_OR_NOT_CALLER_ELIGIBLE_UNDER_G5;BOUNDARY_AUDIT_ORTHOLOGY_AMBIGUOUS
HPL01138	MONO_GC	SUPPORTED_BUT_ALLELE_DIVERSITY_LIMITED	NOT_APPLICABLE_UNCALLABLE_OR_INELIGIBLE	ORTHOLOGY_AMBIGUOUS	NO	NOT_ELIGIBLE	NOT_CALLABLE_OR_NOT_CALLER_ELIGIBLE_UNDER_G5;BOUNDARY_AUDIT_ORTHOLOGY_AMBIGUOUS
HPL01139	TRINUCLEOTIDE	SUPPORTED_BUT_ALLELE_DIVERSITY_LIMITED	PENDING_G7	INSUFFICIENT_TO_RESOLVE	NO	NOT_ELIGIBLE	BOUNDARY_AUDIT_INSUFFICIENT_TO_RESOLVE
HPL01140	MONO_AT	EMPIRICALLY_VALIDATED_EXACT	PENDING_G7	BOUNDARY_STABLE	NO	ELIGIBLE	NA
HPL01141	MONO_AT	EMPIRICALLY_VALIDATED_EXACT	PENDING_G7	ORTHOLOGY_AMBIGUOUS	NO	NOT_ELIGIBLE	BOUNDARY_AUDIT_ORTHOLOGY_AMBIGUOUS
HPL01142	MONO_GC	SUPPORTED_BUT_ALLELE_DIVERSITY_LIMITED	NOT_APPLICABLE_UNCALLABLE_OR_INELIGIBLE	INSUFFICIENT_TO_RESOLVE	NO	NOT_ELIGIBLE	NOT_CALLABLE_OR_NOT_CALLER_ELIGIBLE_UNDER_G5;BOUNDARY_AUDIT_INSUFFICIENT_TO_RESOLVE
HPL01143	MONO_AT	EMPIRICALLY_VALIDATED_EXACT	NOT_APPLICABLE_UNCALLABLE_OR_INELIGIBLE	INSUFFICIENT_TO_RESOLVE	NO	NOT_ELIGIBLE	NOT_CALLABLE_OR_NOT_CALLER_ELIGIBLE_UNDER_G5;BOUNDARY_AUDIT_INSUFFICIENT_TO_RESOLVE
HPL01144	MONO_GC	SUPPORTED_BUT_ALLELE_DIVERSITY_LIMITED	NOT_APPLICABLE_UNCALLABLE_OR_INELIGIBLE	INSUFFICIENT_TO_RESOLVE	NO	NOT_ELIGIBLE	NOT_CALLABLE_OR_NOT_CALLER_ELIGIBLE_UNDER_G5;BOUNDARY_AUDIT_INSUFFICIENT_TO_RESOLVE
HPL01145	MONO_AT	EMPIRICALLY_VALIDATED_EXACT	NOT_APPLICABLE_UNCALLABLE_OR_INELIGIBLE	INSUFFICIENT_TO_RESOLVE	NO	NOT_ELIGIBLE	NOT_CALLABLE_OR_NOT_CALLER_ELIGIBLE_UNDER_G5;BOUNDARY_AUDIT_INSUFFICIENT_TO_RESOLVE
HPL01146	TRINUCLEOTIDE	SUPPORTED_BUT_ALLELE_DIVERSITY_LIMITED	NOT_APPLICABLE_UNCALLABLE_OR_INELIGIBLE	ORTHOLOGY_AMBIGUOUS	NO	NOT_ELIGIBLE	NOT_CALLABLE_OR_NOT_CALLER_ELIGIBLE_UNDER_G5;BOUNDARY_AUDIT_ORTHOLOGY_AMBIGUOUS
HPL01147	TRINUCLEOTIDE	SUPPORTED_BUT_ALLELE_DIVERSITY_LIMITED	NOT_APPLICABLE_UNCALLABLE_OR_INELIGIBLE	INSUFFICIENT_TO_RESOLVE	NO	NOT_ELIGIBLE	NOT_CALLABLE_OR_NOT_CALLER_ELIGIBLE_UNDER_G5;BOUNDARY_AUDIT_INSUFFICIENT_TO_RESOLVE
HPL01148	DINUCLEOTIDE	SUPPORTED_BUT_ALLELE_DIVERSITY_LIMITED	NOT_APPLICABLE_UNCALLABLE_OR_INELIGIBLE	INSUFFICIENT_TO_RESOLVE	NO	NOT_ELIGIBLE	NOT_CALLABLE_OR_NOT_CALLER_ELIGIBLE_UNDER_G5;BOUNDARY_AUDIT_INSUFFICIENT_TO_RESOLVE
HPL01149	MONO_AT	EMPIRICALLY_VALIDATED_EXACT	NOT_APPLICABLE_UNCALLABLE_OR_INELIGIBLE	ORTHOLOGY_AMBIGUOUS	NO	NOT_ELIGIBLE	NOT_CALLABLE_OR_NOT_CALLER_ELIGIBLE_UNDER_G5;BOUNDARY_AUDIT_ORTHOLOGY_AMBIGUOUS
HPL01150	MOTIF_GE4	SUPPORTED_BUT_ALLELE_DIVERSITY_LIMITED	NOT_APPLICABLE_UNCALLABLE_OR_INELIGIBLE	ORTHOLOGY_AMBIGUOUS	NO	NOT_ELIGIBLE	NOT_CALLABLE_OR_NOT_CALLER_ELIGIBLE_UNDER_G5;BOUNDARY_AUDIT_ORTHOLOGY_AMBIGUOUS
HPL01151	MONO_AT	EMPIRICALLY_VALIDATED_EXACT	NOT_APPLICABLE_UNCALLABLE_OR_INELIGIBLE	ORTHOLOGY_AMBIGUOUS	NO	NOT_ELIGIBLE	NOT_CALLABLE_OR_NOT_CALLER_ELIGIBLE_UNDER_G5;BOUNDARY_AUDIT_ORTHOLOGY_AMBIGUOUS
HPL01152	MONO_AT	EMPIRICALLY_VALIDATED_EXACT	NOT_APPLICABLE_UNCALLABLE_OR_INELIGIBLE	INSUFFICIENT_TO_RESOLVE	NO	NOT_ELIGIBLE	NOT_CALLABLE_OR_NOT_CALLER_ELIGIBLE_UNDER_G5;BOUNDARY_AUDIT_INSUFFICIENT_TO_RESOLVE
HPL01153	MONO_AT	EMPIRICALLY_VALIDATED_EXACT	NOT_APPLICABLE_UNCALLABLE_OR_INELIGIBLE	ORTHOLOGY_AMBIGUOUS	NO	NOT_ELIGIBLE	NOT_CALLABLE_OR_NOT_CALLER_ELIGIBLE_UNDER_G5;BOUNDARY_AUDIT_ORTHOLOGY_AMBIGUOUS
HPL01154	MONO_AT	EMPIRICALLY_VALIDATED_EXACT	PENDING_G7	INSUFFICIENT_TO_RESOLVE	NO	NOT_ELIGIBLE	BOUNDARY_AUDIT_INSUFFICIENT_TO_RESOLVE
HPL01155	TRINUCLEOTIDE	SUPPORTED_BUT_ALLELE_DIVERSITY_LIMITED	PENDING_G7	ORTHOLOGY_AMBIGUOUS	NO	NOT_ELIGIBLE	BOUNDARY_AUDIT_ORTHOLOGY_AMBIGUOUS
HPL01156	MONO_AT	EMPIRICALLY_VALIDATED_EXACT	PENDING_G7	INSUFFICIENT_TO_RESOLVE	NO	NOT_ELIGIBLE	BOUNDARY_AUDIT_INSUFFICIENT_TO_RESOLVE
HPL01157	MONO_GC	SUPPORTED_BUT_ALLELE_DIVERSITY_LIMITED	NOT_APPLICABLE_UNCALLABLE_OR_INELIGIBLE	ORTHOLOGY_AMBIGUOUS	NO	NOT_ELIGIBLE	NOT_CALLABLE_OR_NOT_CALLER_ELIGIBLE_UNDER_G5;BOUNDARY_AUDIT_ORTHOLOGY_AMBIGUOUS
HPL01158	MONO_AT	EMPIRICALLY_VALIDATED_EXACT	NOT_APPLICABLE_UNCALLABLE_OR_INELIGIBLE	INSUFFICIENT_TO_RESOLVE	NO	NOT_ELIGIBLE	NOT_CALLABLE_OR_NOT_CALLER_ELIGIBLE_UNDER_G5;BOUNDARY_AUDIT_INSUFFICIENT_TO_RESOLVE
HPL01159	MONO_AT	EMPIRICALLY_VALIDATED_EXACT	NOT_APPLICABLE_UNCALLABLE_OR_INELIGIBLE	INSUFFICIENT_TO_RESOLVE	NO	NOT_ELIGIBLE	NOT_CALLABLE_OR_NOT_CALLER_ELIGIBLE_UNDER_G5;BOUNDARY_AUDIT_INSUFFICIENT_TO_RESOLVE
HPL01160	MONO_AT	EMPIRICALLY_VALIDATED_EXACT	INELIGIBLE_PLATFORM_CONFOUNDED_CALLABILITY	INSUFFICIENT_TO_RESOLVE	NO	NOT_ELIGIBLE	PLATFORM_CONFOUNDED_CALLABILITY;BOUNDARY_AUDIT_INSUFFICIENT_TO_RESOLVE
HPL01161	DINUCLEOTIDE	SUPPORTED_BUT_ALLELE_DIVERSITY_LIMITED	NOT_APPLICABLE_UNCALLABLE_OR_INELIGIBLE	INSUFFICIENT_TO_RESOLVE	NO	NOT_ELIGIBLE	NOT_CALLABLE_OR_NOT_CALLER_ELIGIBLE_UNDER_G5;BOUNDARY_AUDIT_INSUFFICIENT_TO_RESOLVE
HPL01162	MONO_AT	EMPIRICALLY_VALIDATED_EXACT	PENDING_G7	INSUFFICIENT_TO_RESOLVE	NO	NOT_ELIGIBLE	BOUNDARY_AUDIT_INSUFFICIENT_TO_RESOLVE
HPL01163	MONO_AT	EMPIRICALLY_VALIDATED_EXACT	NOT_APPLICABLE_UNCALLABLE_OR_INELIGIBLE	INSUFFICIENT_TO_RESOLVE	NO	NOT_ELIGIBLE	NOT_CALLABLE_OR_NOT_CALLER_ELIGIBLE_UNDER_G5;BOUNDARY_AUDIT_INSUFFICIENT_TO_RESOLVE
HPL01164	MONO_AT	EMPIRICALLY_VALIDATED_EXACT	NOT_APPLICABLE_UNCALLABLE_OR_INELIGIBLE	ORTHOLOGY_AMBIGUOUS	NO	NOT_ELIGIBLE	NOT_CALLABLE_OR_NOT_CALLER_ELIGIBLE_UNDER_G5;BOUNDARY_AUDIT_ORTHOLOGY_AMBIGUOUS
HPL01165	MONO_AT	EMPIRICALLY_VALIDATED_EXACT	NOT_APPLICABLE_UNCALLABLE_OR_INELIGIBLE	ORTHOLOGY_AMBIGUOUS	NO	NOT_ELIGIBLE	NOT_CALLABLE_OR_NOT_CALLER_ELIGIBLE_UNDER_G5;BOUNDARY_AUDIT_ORTHOLOGY_AMBIGUOUS
HPL01166	MONO_AT	EMPIRICALLY_VALIDATED_EXACT	INELIGIBLE_PLATFORM_CONFOUNDED_CALLABILITY	INSUFFICIENT_TO_RESOLVE	NO	NOT_ELIGIBLE	PLATFORM_CONFOUNDED_CALLABILITY;BOUNDARY_AUDIT_INSUFFICIENT_TO_RESOLVE
HPL01167	MONO_AT	EMPIRICALLY_VALIDATED_EXACT	NOT_APPLICABLE_UNCALLABLE_OR_INELIGIBLE	INSUFFICIENT_TO_RESOLVE	NO	NOT_ELIGIBLE	NOT_CALLABLE_OR_NOT_CALLER_ELIGIBLE_UNDER_G5;BOUNDARY_AUDIT_INSUFFICIENT_TO_RESOLVE
HPL01168	DINUCLEOTIDE	SUPPORTED_BUT_ALLELE_DIVERSITY_LIMITED	PENDING_G7	INSUFFICIENT_TO_RESOLVE	NO	NOT_ELIGIBLE	BOUNDARY_AUDIT_INSUFFICIENT_TO_RESOLVE
HPL01169	MONO_AT	EMPIRICALLY_VALIDATED_EXACT	PENDING_G7	INSUFFICIENT_TO_RESOLVE	NO	NOT_ELIGIBLE	BOUNDARY_AUDIT_INSUFFICIENT_TO_RESOLVE
HPL01170	MONO_AT	EMPIRICALLY_VALIDATED_EXACT	PENDING_G7	ORTHOLOGY_AMBIGUOUS	NO	NOT_ELIGIBLE	BOUNDARY_AUDIT_ORTHOLOGY_AMBIGUOUS
HPL01171	MONO_AT	EMPIRICALLY_VALIDATED_EXACT	NOT_APPLICABLE_UNCALLABLE_OR_INELIGIBLE	ORTHOLOGY_AMBIGUOUS	NO	NOT_ELIGIBLE	NOT_CALLABLE_OR_NOT_CALLER_ELIGIBLE_UNDER_G5;BOUNDARY_AUDIT_ORTHOLOGY_AMBIGUOUS
HPL01172	MONO_GC	SUPPORTED_BUT_ALLELE_DIVERSITY_LIMITED	INELIGIBLE_PLATFORM_CONFOUNDED_CALLABILITY	INSUFFICIENT_TO_RESOLVE	NO	NOT_ELIGIBLE	PLATFORM_CONFOUNDED_CALLABILITY;BOUNDARY_AUDIT_INSUFFICIENT_TO_RESOLVE
HPL01173	MONO_GC	SUPPORTED_BUT_ALLELE_DIVERSITY_LIMITED	INELIGIBLE_PLATFORM_CONFOUNDED_CALLABILITY	ORTHOLOGY_AMBIGUOUS	NO	NOT_ELIGIBLE	PLATFORM_CONFOUNDED_CALLABILITY;BOUNDARY_AUDIT_ORTHOLOGY_AMBIGUOUS
HPL01174	MONO_AT	EMPIRICALLY_VALIDATED_EXACT	NOT_APPLICABLE_UNCALLABLE_OR_INELIGIBLE	INSUFFICIENT_TO_RESOLVE	NO	NOT_ELIGIBLE	NOT_CALLABLE_OR_NOT_CALLER_ELIGIBLE_UNDER_G5;BOUNDARY_AUDIT_INSUFFICIENT_TO_RESOLVE
HPL01175	MONO_AT	EMPIRICALLY_VALIDATED_EXACT	NOT_APPLICABLE_UNCALLABLE_OR_INELIGIBLE	INSUFFICIENT_TO_RESOLVE	NO	NOT_ELIGIBLE	NOT_CALLABLE_OR_NOT_CALLER_ELIGIBLE_UNDER_G5;BOUNDARY_AUDIT_INSUFFICIENT_TO_RESOLVE
HPL01176	MONO_AT	EMPIRICALLY_VALIDATED_EXACT	NOT_APPLICABLE_UNCALLABLE_OR_INELIGIBLE	ORTHOLOGY_AMBIGUOUS	NO	NOT_ELIGIBLE	NOT_CALLABLE_OR_NOT_CALLER_ELIGIBLE_UNDER_G5;BOUNDARY_AUDIT_ORTHOLOGY_AMBIGUOUS
HPL01177	MONO_AT	EMPIRICALLY_VALIDATED_EXACT	PENDING_G7	ORTHOLOGY_AMBIGUOUS	NO	NOT_ELIGIBLE	BOUNDARY_AUDIT_ORTHOLOGY_AMBIGUOUS
HPL01178	MONO_AT	EMPIRICALLY_VALIDATED_EXACT	NOT_APPLICABLE_UNCALLABLE_OR_INELIGIBLE	ORTHOLOGY_AMBIGUOUS	NO	NOT_ELIGIBLE	NOT_CALLABLE_OR_NOT_CALLER_ELIGIBLE_UNDER_G5;BOUNDARY_AUDIT_ORTHOLOGY_AMBIGUOUS
HPL01179	MONO_AT	EMPIRICALLY_VALIDATED_EXACT	NOT_APPLICABLE_UNCALLABLE_OR_INELIGIBLE	ORTHOLOGY_AMBIGUOUS	NO	NOT_ELIGIBLE	NOT_CALLABLE_OR_NOT_CALLER_ELIGIBLE_UNDER_G5;BOUNDARY_AUDIT_ORTHOLOGY_AMBIGUOUS
HPL01180	MONO_AT	EMPIRICALLY_VALIDATED_EXACT	INELIGIBLE_PLATFORM_CONFOUNDED_CALLABILITY	INSUFFICIENT_TO_RESOLVE	NO	NOT_ELIGIBLE	PLATFORM_CONFOUNDED_CALLABILITY;BOUNDARY_AUDIT_INSUFFICIENT_TO_RESOLVE
HPL01181	MONO_AT	EMPIRICALLY_VALIDATED_EXACT	INELIGIBLE_PLATFORM_CONFOUNDED_CALLABILITY	INSUFFICIENT_TO_RESOLVE	NO	NOT_ELIGIBLE	PLATFORM_CONFOUNDED_CALLABILITY;BOUNDARY_AUDIT_INSUFFICIENT_TO_RESOLVE
HPL01182	MONO_AT	EMPIRICALLY_VALIDATED_EXACT	NOT_APPLICABLE_UNCALLABLE_OR_INELIGIBLE	ORTHOLOGY_AMBIGUOUS	NO	NOT_ELIGIBLE	NOT_CALLABLE_OR_NOT_CALLER_ELIGIBLE_UNDER_G5;BOUNDARY_AUDIT_ORTHOLOGY_AMBIGUOUS
HPL01183	MONO_AT	EMPIRICALLY_VALIDATED_EXACT	NOT_APPLICABLE_UNCALLABLE_OR_INELIGIBLE	INSUFFICIENT_TO_RESOLVE	NO	NOT_ELIGIBLE	NOT_CALLABLE_OR_NOT_CALLER_ELIGIBLE_UNDER_G5;BOUNDARY_AUDIT_INSUFFICIENT_TO_RESOLVE
HPL01184	MONO_AT	EMPIRICALLY_VALIDATED_EXACT	INELIGIBLE_PLATFORM_CONFOUNDED_CALLABILITY	ORTHOLOGY_AMBIGUOUS	NO	NOT_ELIGIBLE	PLATFORM_CONFOUNDED_CALLABILITY;BOUNDARY_AUDIT_ORTHOLOGY_AMBIGUOUS
HPL01185	MONO_AT	EMPIRICALLY_VALIDATED_EXACT	PENDING_G7	ORTHOLOGY_AMBIGUOUS	NO	NOT_ELIGIBLE	BOUNDARY_AUDIT_ORTHOLOGY_AMBIGUOUS
HPL01186	MONO_AT	EMPIRICALLY_VALIDATED_EXACT	NOT_APPLICABLE_UNCALLABLE_OR_INELIGIBLE	ORTHOLOGY_AMBIGUOUS	NO	NOT_ELIGIBLE	NOT_CALLABLE_OR_NOT_CALLER_ELIGIBLE_UNDER_G5;BOUNDARY_AUDIT_ORTHOLOGY_AMBIGUOUS
HPL01187	MONO_AT	EMPIRICALLY_VALIDATED_EXACT	NOT_APPLICABLE_UNCALLABLE_OR_INELIGIBLE	INSUFFICIENT_TO_RESOLVE	NO	NOT_ELIGIBLE	NOT_CALLABLE_OR_NOT_CALLER_ELIGIBLE_UNDER_G5;BOUNDARY_AUDIT_INSUFFICIENT_TO_RESOLVE
HPL01188	MONO_AT	EMPIRICALLY_VALIDATED_EXACT	NOT_APPLICABLE_UNCALLABLE_OR_INELIGIBLE	INSUFFICIENT_TO_RESOLVE	NO	NOT_ELIGIBLE	NOT_CALLABLE_OR_NOT_CALLER_ELIGIBLE_UNDER_G5;BOUNDARY_AUDIT_INSUFFICIENT_TO_RESOLVE
HPL01189	MONO_GC	SUPPORTED_BUT_ALLELE_DIVERSITY_LIMITED	NOT_APPLICABLE_UNCALLABLE_OR_INELIGIBLE	INSUFFICIENT_TO_RESOLVE	NO	NOT_ELIGIBLE	NOT_CALLABLE_OR_NOT_CALLER_ELIGIBLE_UNDER_G5;BOUNDARY_AUDIT_INSUFFICIENT_TO_RESOLVE
HPL01190	MONO_AT	EMPIRICALLY_VALIDATED_EXACT	NOT_APPLICABLE_UNCALLABLE_OR_INELIGIBLE	INSUFFICIENT_TO_RESOLVE	NO	NOT_ELIGIBLE	NOT_CALLABLE_OR_NOT_CALLER_ELIGIBLE_UNDER_G5;BOUNDARY_AUDIT_INSUFFICIENT_TO_RESOLVE
HPL01191	MONO_AT	EMPIRICALLY_VALIDATED_EXACT	PENDING_G7	ORTHOLOGY_AMBIGUOUS	NO	NOT_ELIGIBLE	BOUNDARY_AUDIT_ORTHOLOGY_AMBIGUOUS
HPL01192	MONO_AT	EMPIRICALLY_VALIDATED_EXACT	INELIGIBLE_PLATFORM_CONFOUNDED_CALLABILITY	ORTHOLOGY_AMBIGUOUS	NO	NOT_ELIGIBLE	PLATFORM_CONFOUNDED_CALLABILITY;BOUNDARY_AUDIT_ORTHOLOGY_AMBIGUOUS
HPL01193	TRINUCLEOTIDE	SUPPORTED_BUT_ALLELE_DIVERSITY_LIMITED	NOT_APPLICABLE_UNCALLABLE_OR_INELIGIBLE	ORTHOLOGY_AMBIGUOUS	NO	NOT_ELIGIBLE	NOT_CALLABLE_OR_NOT_CALLER_ELIGIBLE_UNDER_G5;BOUNDARY_AUDIT_ORTHOLOGY_AMBIGUOUS
HPL01194	MONO_AT	EMPIRICALLY_VALIDATED_EXACT	NOT_APPLICABLE_UNCALLABLE_OR_INELIGIBLE	INSUFFICIENT_TO_RESOLVE	NO	NOT_ELIGIBLE	NOT_CALLABLE_OR_NOT_CALLER_ELIGIBLE_UNDER_G5;BOUNDARY_AUDIT_INSUFFICIENT_TO_RESOLVE
HPL01195	MONO_AT	EMPIRICALLY_VALIDATED_EXACT	NOT_APPLICABLE_UNCALLABLE_OR_INELIGIBLE	INSUFFICIENT_TO_RESOLVE	NO	NOT_ELIGIBLE	NOT_CALLABLE_OR_NOT_CALLER_ELIGIBLE_UNDER_G5;BOUNDARY_AUDIT_INSUFFICIENT_TO_RESOLVE
HPL01196	MONO_GC	SUPPORTED_BUT_ALLELE_DIVERSITY_LIMITED	PENDING_G7	INSUFFICIENT_TO_RESOLVE	NO	NOT_ELIGIBLE	BOUNDARY_AUDIT_INSUFFICIENT_TO_RESOLVE
HPL01197	MONO_AT	EMPIRICALLY_VALIDATED_EXACT	NOT_APPLICABLE_UNCALLABLE_OR_INELIGIBLE	INSUFFICIENT_TO_RESOLVE	NO	NOT_ELIGIBLE	NOT_CALLABLE_OR_NOT_CALLER_ELIGIBLE_UNDER_G5;BOUNDARY_AUDIT_INSUFFICIENT_TO_RESOLVE
HPL01198	MONO_AT	EMPIRICALLY_VALIDATED_EXACT	NOT_APPLICABLE_UNCALLABLE_OR_INELIGIBLE	INSUFFICIENT_TO_RESOLVE	NO	NOT_ELIGIBLE	NOT_CALLABLE_OR_NOT_CALLER_ELIGIBLE_UNDER_G5;BOUNDARY_AUDIT_INSUFFICIENT_TO_RESOLVE
HPL01199	DINUCLEOTIDE	SUPPORTED_BUT_ALLELE_DIVERSITY_LIMITED	NOT_APPLICABLE_UNCALLABLE_OR_INELIGIBLE	INSUFFICIENT_TO_RESOLVE	NO	NOT_ELIGIBLE	NOT_CALLABLE_OR_NOT_CALLER_ELIGIBLE_UNDER_G5;BOUNDARY_AUDIT_INSUFFICIENT_TO_RESOLVE
HPL01200	MONO_AT	EMPIRICALLY_VALIDATED_EXACT	NOT_APPLICABLE_UNCALLABLE_OR_INELIGIBLE	INSUFFICIENT_TO_RESOLVE	NO	NOT_ELIGIBLE	NOT_CALLABLE_OR_NOT_CALLER_ELIGIBLE_UNDER_G5;BOUNDARY_AUDIT_INSUFFICIENT_TO_RESOLVE
HPL01201	MONO_AT	EMPIRICALLY_VALIDATED_EXACT	INELIGIBLE_PLATFORM_CONFOUNDED_CALLABILITY	INSUFFICIENT_TO_RESOLVE	NO	NOT_ELIGIBLE	PLATFORM_CONFOUNDED_CALLABILITY;BOUNDARY_AUDIT_INSUFFICIENT_TO_RESOLVE
HPL01202	MONO_AT	EMPIRICALLY_VALIDATED_EXACT	INELIGIBLE_PLATFORM_CONFOUNDED_CALLABILITY	BOUNDARY_STABLE	NO	NOT_ELIGIBLE	PLATFORM_CONFOUNDED_CALLABILITY
HPL01203	MONO_AT	EMPIRICALLY_VALIDATED_EXACT	NOT_APPLICABLE_UNCALLABLE_OR_INELIGIBLE	INSUFFICIENT_TO_RESOLVE	NO	NOT_ELIGIBLE	NOT_CALLABLE_OR_NOT_CALLER_ELIGIBLE_UNDER_G5;BOUNDARY_AUDIT_INSUFFICIENT_TO_RESOLVE
HPL01204	MONO_AT	EMPIRICALLY_VALIDATED_EXACT	NOT_APPLICABLE_UNCALLABLE_OR_INELIGIBLE	INSUFFICIENT_TO_RESOLVE	NO	NOT_ELIGIBLE	NOT_CALLABLE_OR_NOT_CALLER_ELIGIBLE_UNDER_G5;BOUNDARY_AUDIT_INSUFFICIENT_TO_RESOLVE
HPL01205	DINUCLEOTIDE	SUPPORTED_BUT_ALLELE_DIVERSITY_LIMITED	NOT_APPLICABLE_UNCALLABLE_OR_INELIGIBLE	ORTHOLOGY_AMBIGUOUS	NO	NOT_ELIGIBLE	NOT_CALLABLE_OR_NOT_CALLER_ELIGIBLE_UNDER_G5;BOUNDARY_AUDIT_ORTHOLOGY_AMBIGUOUS
HPL01206	MONO_GC	SUPPORTED_BUT_ALLELE_DIVERSITY_LIMITED	NOT_APPLICABLE_UNCALLABLE_OR_INELIGIBLE	ORTHOLOGY_AMBIGUOUS	NO	NOT_ELIGIBLE	NOT_CALLABLE_OR_NOT_CALLER_ELIGIBLE_UNDER_G5;BOUNDARY_AUDIT_ORTHOLOGY_AMBIGUOUS
HPL01207	MONO_AT	EMPIRICALLY_VALIDATED_EXACT	NOT_APPLICABLE_UNCALLABLE_OR_INELIGIBLE	ORTHOLOGY_AMBIGUOUS	NO	NOT_ELIGIBLE	NOT_CALLABLE_OR_NOT_CALLER_ELIGIBLE_UNDER_G5;BOUNDARY_AUDIT_ORTHOLOGY_AMBIGUOUS
HPL01208	MONO_GC	SUPPORTED_BUT_ALLELE_DIVERSITY_LIMITED	PENDING_G7	ORTHOLOGY_AMBIGUOUS	NO	NOT_ELIGIBLE	BOUNDARY_AUDIT_ORTHOLOGY_AMBIGUOUS
HPL01209	MONO_GC	SUPPORTED_BUT_ALLELE_DIVERSITY_LIMITED	INELIGIBLE_PLATFORM_CONFOUNDED_CALLABILITY	ORTHOLOGY_AMBIGUOUS	NO	NOT_ELIGIBLE	PLATFORM_CONFOUNDED_CALLABILITY;BOUNDARY_AUDIT_ORTHOLOGY_AMBIGUOUS
HPL01210	MONO_AT	EMPIRICALLY_VALIDATED_EXACT	PENDING_G7	INSUFFICIENT_TO_RESOLVE	NO	NOT_ELIGIBLE	BOUNDARY_AUDIT_INSUFFICIENT_TO_RESOLVE
HPL01211	DINUCLEOTIDE	SUPPORTED_BUT_ALLELE_DIVERSITY_LIMITED	INELIGIBLE_PLATFORM_CONFOUNDED_CALLABILITY	INSUFFICIENT_TO_RESOLVE	NO	NOT_ELIGIBLE	PLATFORM_CONFOUNDED_CALLABILITY;BOUNDARY_AUDIT_INSUFFICIENT_TO_RESOLVE
HPL01212	MONO_AT	EMPIRICALLY_VALIDATED_EXACT	PENDING_G7	INSUFFICIENT_TO_RESOLVE	NO	NOT_ELIGIBLE	BOUNDARY_AUDIT_INSUFFICIENT_TO_RESOLVE
HPL01213	MONO_AT	EMPIRICALLY_VALIDATED_EXACT	NOT_APPLICABLE_UNCALLABLE_OR_INELIGIBLE	INSUFFICIENT_TO_RESOLVE	NO	NOT_ELIGIBLE	NOT_CALLABLE_OR_NOT_CALLER_ELIGIBLE_UNDER_G5;BOUNDARY_AUDIT_INSUFFICIENT_TO_RESOLVE
HPL01214	MONO_AT	EMPIRICALLY_VALIDATED_EXACT	INELIGIBLE_PLATFORM_CONFOUNDED_CALLABILITY	ORTHOLOGY_AMBIGUOUS	NO	NOT_ELIGIBLE	PLATFORM_CONFOUNDED_CALLABILITY;BOUNDARY_AUDIT_ORTHOLOGY_AMBIGUOUS
HPL01215	MONO_AT	EMPIRICALLY_VALIDATED_EXACT	NOT_APPLICABLE_UNCALLABLE_OR_INELIGIBLE	INSUFFICIENT_TO_RESOLVE	NO	NOT_ELIGIBLE	NOT_CALLABLE_OR_NOT_CALLER_ELIGIBLE_UNDER_G5;BOUNDARY_AUDIT_INSUFFICIENT_TO_RESOLVE
HPL01216	MONO_AT	EMPIRICALLY_VALIDATED_EXACT	NOT_APPLICABLE_UNCALLABLE_OR_INELIGIBLE	ORTHOLOGY_AMBIGUOUS	NO	NOT_ELIGIBLE	NOT_CALLABLE_OR_NOT_CALLER_ELIGIBLE_UNDER_G5;BOUNDARY_AUDIT_ORTHOLOGY_AMBIGUOUS
HPL01217	MONO_AT	EMPIRICALLY_VALIDATED_EXACT	NOT_APPLICABLE_UNCALLABLE_OR_INELIGIBLE	ORTHOLOGY_AMBIGUOUS	NO	NOT_ELIGIBLE	NOT_CALLABLE_OR_NOT_CALLER_ELIGIBLE_UNDER_G5;BOUNDARY_AUDIT_ORTHOLOGY_AMBIGUOUS
HPL01218	DINUCLEOTIDE	SUPPORTED_BUT_ALLELE_DIVERSITY_LIMITED	NOT_APPLICABLE_UNCALLABLE_OR_INELIGIBLE	INSUFFICIENT_TO_RESOLVE	NO	NOT_ELIGIBLE	NOT_CALLABLE_OR_NOT_CALLER_ELIGIBLE_UNDER_G5;BOUNDARY_AUDIT_INSUFFICIENT_TO_RESOLVE
HPL01219	MONO_AT	EMPIRICALLY_VALIDATED_EXACT	NOT_APPLICABLE_UNCALLABLE_OR_INELIGIBLE	INSUFFICIENT_TO_RESOLVE	NO	NOT_ELIGIBLE	NOT_CALLABLE_OR_NOT_CALLER_ELIGIBLE_UNDER_G5;BOUNDARY_AUDIT_INSUFFICIENT_TO_RESOLVE
HPL01220	DINUCLEOTIDE	SUPPORTED_BUT_ALLELE_DIVERSITY_LIMITED	NOT_APPLICABLE_UNCALLABLE_OR_INELIGIBLE	INSUFFICIENT_TO_RESOLVE	NO	NOT_ELIGIBLE	NOT_CALLABLE_OR_NOT_CALLER_ELIGIBLE_UNDER_G5;BOUNDARY_AUDIT_INSUFFICIENT_TO_RESOLVE
HPL01221	DINUCLEOTIDE	SUPPORTED_BUT_ALLELE_DIVERSITY_LIMITED	INELIGIBLE_PLATFORM_CONFOUNDED_CALLABILITY	INSUFFICIENT_TO_RESOLVE	NO	NOT_ELIGIBLE	PLATFORM_CONFOUNDED_CALLABILITY;BOUNDARY_AUDIT_INSUFFICIENT_TO_RESOLVE
HPL01222	MONO_AT	EMPIRICALLY_VALIDATED_EXACT	NOT_APPLICABLE_UNCALLABLE_OR_INELIGIBLE	INSUFFICIENT_TO_RESOLVE	NO	NOT_ELIGIBLE	NOT_CALLABLE_OR_NOT_CALLER_ELIGIBLE_UNDER_G5;BOUNDARY_AUDIT_INSUFFICIENT_TO_RESOLVE
HPL01223	MONO_AT	EMPIRICALLY_VALIDATED_EXACT	NOT_APPLICABLE_UNCALLABLE_OR_INELIGIBLE	INSUFFICIENT_TO_RESOLVE	NO	NOT_ELIGIBLE	NOT_CALLABLE_OR_NOT_CALLER_ELIGIBLE_UNDER_G5;BOUNDARY_AUDIT_INSUFFICIENT_TO_RESOLVE
HPL01224	MONO_AT	EMPIRICALLY_VALIDATED_EXACT	INELIGIBLE_PLATFORM_CONFOUNDED_CALLABILITY	ORTHOLOGY_AMBIGUOUS	NO	NOT_ELIGIBLE	PLATFORM_CONFOUNDED_CALLABILITY;BOUNDARY_AUDIT_ORTHOLOGY_AMBIGUOUS
HPL01225	MONO_AT	EMPIRICALLY_VALIDATED_EXACT	NOT_APPLICABLE_UNCALLABLE_OR_INELIGIBLE	INSUFFICIENT_TO_RESOLVE	NO	NOT_ELIGIBLE	NOT_CALLABLE_OR_NOT_CALLER_ELIGIBLE_UNDER_G5;BOUNDARY_AUDIT_INSUFFICIENT_TO_RESOLVE
HPL01226	MONO_AT	EMPIRICALLY_VALIDATED_EXACT	NOT_APPLICABLE_UNCALLABLE_OR_INELIGIBLE	ORTHOLOGY_AMBIGUOUS	NO	NOT_ELIGIBLE	NOT_CALLABLE_OR_NOT_CALLER_ELIGIBLE_UNDER_G5;BOUNDARY_AUDIT_ORTHOLOGY_AMBIGUOUS
HPL01227	MONO_AT	EMPIRICALLY_VALIDATED_EXACT	PENDING_G7	ORTHOLOGY_AMBIGUOUS	NO	NOT_ELIGIBLE	BOUNDARY_AUDIT_ORTHOLOGY_AMBIGUOUS
HPL01228	MONO_AT	EMPIRICALLY_VALIDATED_EXACT	NOT_APPLICABLE_UNCALLABLE_OR_INELIGIBLE	ORTHOLOGY_AMBIGUOUS	NO	NOT_ELIGIBLE	NOT_CALLABLE_OR_NOT_CALLER_ELIGIBLE_UNDER_G5;BOUNDARY_AUDIT_ORTHOLOGY_AMBIGUOUS
HPL01229	MONO_AT	EMPIRICALLY_VALIDATED_EXACT	NOT_APPLICABLE_UNCALLABLE_OR_INELIGIBLE	INSUFFICIENT_TO_RESOLVE	NO	NOT_ELIGIBLE	NOT_CALLABLE_OR_NOT_CALLER_ELIGIBLE_UNDER_G5;BOUNDARY_AUDIT_INSUFFICIENT_TO_RESOLVE
HPL01230	MONO_AT	EMPIRICALLY_VALIDATED_EXACT	PENDING_G7	INSUFFICIENT_TO_RESOLVE	NO	NOT_ELIGIBLE	BOUNDARY_AUDIT_INSUFFICIENT_TO_RESOLVE
HPL01231	MONO_AT	EMPIRICALLY_VALIDATED_EXACT	PENDING_G7	ORTHOLOGY_AMBIGUOUS	NO	NOT_ELIGIBLE	BOUNDARY_AUDIT_ORTHOLOGY_AMBIGUOUS
HPL01232	MONO_AT	EMPIRICALLY_VALIDATED_EXACT	NOT_APPLICABLE_UNCALLABLE_OR_INELIGIBLE	ORTHOLOGY_AMBIGUOUS	NO	NOT_ELIGIBLE	NOT_CALLABLE_OR_NOT_CALLER_ELIGIBLE_UNDER_G5;BOUNDARY_AUDIT_ORTHOLOGY_AMBIGUOUS
HPL01233	MONO_AT	EMPIRICALLY_VALIDATED_EXACT	NOT_APPLICABLE_UNCALLABLE_OR_INELIGIBLE	ORTHOLOGY_AMBIGUOUS	NO	NOT_ELIGIBLE	NOT_CALLABLE_OR_NOT_CALLER_ELIGIBLE_UNDER_G5;BOUNDARY_AUDIT_ORTHOLOGY_AMBIGUOUS
HPL01234	MONO_AT	EMPIRICALLY_VALIDATED_EXACT	NOT_APPLICABLE_UNCALLABLE_OR_INELIGIBLE	ORTHOLOGY_AMBIGUOUS	NO	NOT_ELIGIBLE	NOT_CALLABLE_OR_NOT_CALLER_ELIGIBLE_UNDER_G5;BOUNDARY_AUDIT_ORTHOLOGY_AMBIGUOUS
HPL01235	MONO_AT	EMPIRICALLY_VALIDATED_EXACT	NOT_APPLICABLE_UNCALLABLE_OR_INELIGIBLE	INSUFFICIENT_TO_RESOLVE	NO	NOT_ELIGIBLE	NOT_CALLABLE_OR_NOT_CALLER_ELIGIBLE_UNDER_G5;BOUNDARY_AUDIT_INSUFFICIENT_TO_RESOLVE
HPL01236	MONO_AT	EMPIRICALLY_VALIDATED_EXACT	NOT_APPLICABLE_UNCALLABLE_OR_INELIGIBLE	INSUFFICIENT_TO_RESOLVE	NO	NOT_ELIGIBLE	NOT_CALLABLE_OR_NOT_CALLER_ELIGIBLE_UNDER_G5;BOUNDARY_AUDIT_INSUFFICIENT_TO_RESOLVE
HPL01237	MONO_AT	EMPIRICALLY_VALIDATED_EXACT	INELIGIBLE_PLATFORM_CONFOUNDED_CALLABILITY	INSUFFICIENT_TO_RESOLVE	NO	NOT_ELIGIBLE	PLATFORM_CONFOUNDED_CALLABILITY;BOUNDARY_AUDIT_INSUFFICIENT_TO_RESOLVE
HPL01238	MONO_AT	EMPIRICALLY_VALIDATED_EXACT	NOT_APPLICABLE_UNCALLABLE_OR_INELIGIBLE	ORTHOLOGY_AMBIGUOUS	NO	NOT_ELIGIBLE	NOT_CALLABLE_OR_NOT_CALLER_ELIGIBLE_UNDER_G5;BOUNDARY_AUDIT_ORTHOLOGY_AMBIGUOUS
HPL01239	MONO_AT	EMPIRICALLY_VALIDATED_EXACT	NOT_APPLICABLE_UNCALLABLE_OR_INELIGIBLE	ORTHOLOGY_AMBIGUOUS	NO	NOT_ELIGIBLE	NOT_CALLABLE_OR_NOT_CALLER_ELIGIBLE_UNDER_G5;BOUNDARY_AUDIT_ORTHOLOGY_AMBIGUOUS
HPL01240	MONO_AT	EMPIRICALLY_VALIDATED_EXACT	PENDING_G7	INSUFFICIENT_TO_RESOLVE	NO	NOT_ELIGIBLE	BOUNDARY_AUDIT_INSUFFICIENT_TO_RESOLVE
HPL01241	MOTIF_GE4	SUPPORTED_BUT_ALLELE_DIVERSITY_LIMITED	NOT_APPLICABLE_UNCALLABLE_OR_INELIGIBLE	INSUFFICIENT_TO_RESOLVE	NO	NOT_ELIGIBLE	NOT_CALLABLE_OR_NOT_CALLER_ELIGIBLE_UNDER_G5;BOUNDARY_AUDIT_INSUFFICIENT_TO_RESOLVE
HPL01242	MONO_AT	EMPIRICALLY_VALIDATED_EXACT	INELIGIBLE_PLATFORM_CONFOUNDED_CALLABILITY	ORTHOLOGY_AMBIGUOUS	NO	NOT_ELIGIBLE	PLATFORM_CONFOUNDED_CALLABILITY;BOUNDARY_AUDIT_ORTHOLOGY_AMBIGUOUS
HPL01243	MONO_AT	EMPIRICALLY_VALIDATED_EXACT	NOT_APPLICABLE_UNCALLABLE_OR_INELIGIBLE	INSUFFICIENT_TO_RESOLVE	NO	NOT_ELIGIBLE	NOT_CALLABLE_OR_NOT_CALLER_ELIGIBLE_UNDER_G5;BOUNDARY_AUDIT_INSUFFICIENT_TO_RESOLVE
HPL01244	TRINUCLEOTIDE	SUPPORTED_BUT_ALLELE_DIVERSITY_LIMITED	INELIGIBLE_PLATFORM_CONFOUNDED_CALLABILITY	BOUNDARY_STABLE	NO	NOT_ELIGIBLE	PLATFORM_CONFOUNDED_CALLABILITY
HPL01245	TRINUCLEOTIDE	SUPPORTED_BUT_ALLELE_DIVERSITY_LIMITED	INELIGIBLE_PLATFORM_CONFOUNDED_CALLABILITY	INSUFFICIENT_TO_RESOLVE	NO	NOT_ELIGIBLE	PLATFORM_CONFOUNDED_CALLABILITY;BOUNDARY_AUDIT_INSUFFICIENT_TO_RESOLVE
HPL01246	MONO_AT	EMPIRICALLY_VALIDATED_EXACT	NOT_APPLICABLE_UNCALLABLE_OR_INELIGIBLE	ORTHOLOGY_AMBIGUOUS	NO	NOT_ELIGIBLE	NOT_CALLABLE_OR_NOT_CALLER_ELIGIBLE_UNDER_G5;BOUNDARY_AUDIT_ORTHOLOGY_AMBIGUOUS
HPL01247	MONO_GC	SUPPORTED_BUT_ALLELE_DIVERSITY_LIMITED	INELIGIBLE_PLATFORM_CONFOUNDED_CALLABILITY	INSUFFICIENT_TO_RESOLVE	NO	NOT_ELIGIBLE	PLATFORM_CONFOUNDED_CALLABILITY;BOUNDARY_AUDIT_INSUFFICIENT_TO_RESOLVE
HPL01248	MONO_AT	EMPIRICALLY_VALIDATED_EXACT	INELIGIBLE_PLATFORM_CONFOUNDED_CALLABILITY	INSUFFICIENT_TO_RESOLVE	NO	NOT_ELIGIBLE	PLATFORM_CONFOUNDED_CALLABILITY;BOUNDARY_AUDIT_INSUFFICIENT_TO_RESOLVE
HPL01249	MONO_AT	EMPIRICALLY_VALIDATED_EXACT	NOT_APPLICABLE_UNCALLABLE_OR_INELIGIBLE	ORTHOLOGY_AMBIGUOUS	NO	NOT_ELIGIBLE	NOT_CALLABLE_OR_NOT_CALLER_ELIGIBLE_UNDER_G5;BOUNDARY_AUDIT_ORTHOLOGY_AMBIGUOUS
HPL01250	MONO_AT	EMPIRICALLY_VALIDATED_EXACT	NOT_APPLICABLE_UNCALLABLE_OR_INELIGIBLE	INSUFFICIENT_TO_RESOLVE	NO	NOT_ELIGIBLE	NOT_CALLABLE_OR_NOT_CALLER_ELIGIBLE_UNDER_G5;BOUNDARY_AUDIT_INSUFFICIENT_TO_RESOLVE
HPL01251	MONO_AT	EMPIRICALLY_VALIDATED_EXACT	NOT_APPLICABLE_UNCALLABLE_OR_INELIGIBLE	ORTHOLOGY_AMBIGUOUS	NO	NOT_ELIGIBLE	NOT_CALLABLE_OR_NOT_CALLER_ELIGIBLE_UNDER_G5;BOUNDARY_AUDIT_ORTHOLOGY_AMBIGUOUS
HPL01252	MONO_AT	EMPIRICALLY_VALIDATED_EXACT	PENDING_G7	ORTHOLOGY_AMBIGUOUS	NO	NOT_ELIGIBLE	BOUNDARY_AUDIT_ORTHOLOGY_AMBIGUOUS
HPL01253	MONO_AT	EMPIRICALLY_VALIDATED_EXACT	INELIGIBLE_PLATFORM_CONFOUNDED_CALLABILITY	INSUFFICIENT_TO_RESOLVE	NO	NOT_ELIGIBLE	PLATFORM_CONFOUNDED_CALLABILITY;BOUNDARY_AUDIT_INSUFFICIENT_TO_RESOLVE
HPL01254	TRINUCLEOTIDE	SUPPORTED_BUT_ALLELE_DIVERSITY_LIMITED	NOT_APPLICABLE_UNCALLABLE_OR_INELIGIBLE	INSUFFICIENT_TO_RESOLVE	NO	NOT_ELIGIBLE	NOT_CALLABLE_OR_NOT_CALLER_ELIGIBLE_UNDER_G5;BOUNDARY_AUDIT_INSUFFICIENT_TO_RESOLVE
HPL01255	MONO_GC	SUPPORTED_BUT_ALLELE_DIVERSITY_LIMITED	NOT_APPLICABLE_UNCALLABLE_OR_INELIGIBLE	ORTHOLOGY_AMBIGUOUS	NO	NOT_ELIGIBLE	NOT_CALLABLE_OR_NOT_CALLER_ELIGIBLE_UNDER_G5;BOUNDARY_AUDIT_ORTHOLOGY_AMBIGUOUS
HPL01256	MONO_AT	EMPIRICALLY_VALIDATED_EXACT	NOT_APPLICABLE_UNCALLABLE_OR_INELIGIBLE	ORTHOLOGY_AMBIGUOUS	NO	NOT_ELIGIBLE	NOT_CALLABLE_OR_NOT_CALLER_ELIGIBLE_UNDER_G5;BOUNDARY_AUDIT_ORTHOLOGY_AMBIGUOUS
HPL01257	MOTIF_GE4	SUPPORTED_BUT_ALLELE_DIVERSITY_LIMITED	NOT_APPLICABLE_UNCALLABLE_OR_INELIGIBLE	ORTHOLOGY_AMBIGUOUS	NO	NOT_ELIGIBLE	NOT_CALLABLE_OR_NOT_CALLER_ELIGIBLE_UNDER_G5;BOUNDARY_AUDIT_ORTHOLOGY_AMBIGUOUS
HPL01258	MONO_AT	EMPIRICALLY_VALIDATED_EXACT	NOT_APPLICABLE_UNCALLABLE_OR_INELIGIBLE	INSUFFICIENT_TO_RESOLVE	NO	NOT_ELIGIBLE	NOT_CALLABLE_OR_NOT_CALLER_ELIGIBLE_UNDER_G5;BOUNDARY_AUDIT_INSUFFICIENT_TO_RESOLVE
HPL01259	DINUCLEOTIDE	SUPPORTED_BUT_ALLELE_DIVERSITY_LIMITED	NOT_APPLICABLE_UNCALLABLE_OR_INELIGIBLE	INSUFFICIENT_TO_RESOLVE	NO	NOT_ELIGIBLE	NOT_CALLABLE_OR_NOT_CALLER_ELIGIBLE_UNDER_G5;BOUNDARY_AUDIT_INSUFFICIENT_TO_RESOLVE
HPL01260	TRINUCLEOTIDE	SUPPORTED_BUT_ALLELE_DIVERSITY_LIMITED	NOT_APPLICABLE_UNCALLABLE_OR_INELIGIBLE	ORTHOLOGY_AMBIGUOUS	NO	NOT_ELIGIBLE	NOT_CALLABLE_OR_NOT_CALLER_ELIGIBLE_UNDER_G5;BOUNDARY_AUDIT_ORTHOLOGY_AMBIGUOUS
HPL01261	TRINUCLEOTIDE	SUPPORTED_BUT_ALLELE_DIVERSITY_LIMITED	NOT_APPLICABLE_UNCALLABLE_OR_INELIGIBLE	ORTHOLOGY_AMBIGUOUS	NO	NOT_ELIGIBLE	NOT_CALLABLE_OR_NOT_CALLER_ELIGIBLE_UNDER_G5;BOUNDARY_AUDIT_ORTHOLOGY_AMBIGUOUS
HPL01262	MONO_AT	EMPIRICALLY_VALIDATED_EXACT	NOT_APPLICABLE_UNCALLABLE_OR_INELIGIBLE	INSUFFICIENT_TO_RESOLVE	NO	NOT_ELIGIBLE	NOT_CALLABLE_OR_NOT_CALLER_ELIGIBLE_UNDER_G5;BOUNDARY_AUDIT_INSUFFICIENT_TO_RESOLVE
HPL01263	MONO_AT	EMPIRICALLY_VALIDATED_EXACT	PENDING_G7	INSUFFICIENT_TO_RESOLVE	NO	NOT_ELIGIBLE	BOUNDARY_AUDIT_INSUFFICIENT_TO_RESOLVE
HPL01264	MONO_AT	EMPIRICALLY_VALIDATED_EXACT	INELIGIBLE_PLATFORM_CONFOUNDED_CALLABILITY	INSUFFICIENT_TO_RESOLVE	NO	NOT_ELIGIBLE	PLATFORM_CONFOUNDED_CALLABILITY;BOUNDARY_AUDIT_INSUFFICIENT_TO_RESOLVE
HPL01265	DINUCLEOTIDE	SUPPORTED_BUT_ALLELE_DIVERSITY_LIMITED	INELIGIBLE_PLATFORM_CONFOUNDED_CALLABILITY	ORTHOLOGY_AMBIGUOUS	NO	NOT_ELIGIBLE	PLATFORM_CONFOUNDED_CALLABILITY;BOUNDARY_AUDIT_ORTHOLOGY_AMBIGUOUS
HPL01266	MONO_AT	EMPIRICALLY_VALIDATED_EXACT	INELIGIBLE_PLATFORM_CONFOUNDED_CALLABILITY	INSUFFICIENT_TO_RESOLVE	NO	NOT_ELIGIBLE	PLATFORM_CONFOUNDED_CALLABILITY;BOUNDARY_AUDIT_INSUFFICIENT_TO_RESOLVE
HPL01267	MONO_GC	SUPPORTED_BUT_ALLELE_DIVERSITY_LIMITED	PENDING_G7	INSUFFICIENT_TO_RESOLVE	NO	NOT_ELIGIBLE	BOUNDARY_AUDIT_INSUFFICIENT_TO_RESOLVE
HPL01268	MOTIF_GE4	SUPPORTED_BUT_ALLELE_DIVERSITY_LIMITED	NOT_APPLICABLE_UNCALLABLE_OR_INELIGIBLE	INSUFFICIENT_TO_RESOLVE	NO	NOT_ELIGIBLE	NOT_CALLABLE_OR_NOT_CALLER_ELIGIBLE_UNDER_G5;BOUNDARY_AUDIT_INSUFFICIENT_TO_RESOLVE
HPL01269	MONO_AT	EMPIRICALLY_VALIDATED_EXACT	NOT_APPLICABLE_UNCALLABLE_OR_INELIGIBLE	INSUFFICIENT_TO_RESOLVE	NO	NOT_ELIGIBLE	NOT_CALLABLE_OR_NOT_CALLER_ELIGIBLE_UNDER_G5;BOUNDARY_AUDIT_INSUFFICIENT_TO_RESOLVE
HPL01270	MONO_AT	EMPIRICALLY_VALIDATED_EXACT	INELIGIBLE_PLATFORM_CONFOUNDED_CALLABILITY	ORTHOLOGY_AMBIGUOUS	NO	NOT_ELIGIBLE	PLATFORM_CONFOUNDED_CALLABILITY;BOUNDARY_AUDIT_ORTHOLOGY_AMBIGUOUS
HPL01271	MONO_AT	EMPIRICALLY_VALIDATED_EXACT	INELIGIBLE_PLATFORM_CONFOUNDED_CALLABILITY	INSUFFICIENT_TO_RESOLVE	NO	NOT_ELIGIBLE	PLATFORM_CONFOUNDED_CALLABILITY;BOUNDARY_AUDIT_INSUFFICIENT_TO_RESOLVE
HPL01272	MONO_AT	EMPIRICALLY_VALIDATED_EXACT	NOT_APPLICABLE_UNCALLABLE_OR_INELIGIBLE	ORTHOLOGY_AMBIGUOUS	NO	NOT_ELIGIBLE	NOT_CALLABLE_OR_NOT_CALLER_ELIGIBLE_UNDER_G5;BOUNDARY_AUDIT_ORTHOLOGY_AMBIGUOUS
HPL01273	MONO_AT	EMPIRICALLY_VALIDATED_EXACT	NOT_APPLICABLE_UNCALLABLE_OR_INELIGIBLE	ORTHOLOGY_AMBIGUOUS	NO	NOT_ELIGIBLE	NOT_CALLABLE_OR_NOT_CALLER_ELIGIBLE_UNDER_G5;BOUNDARY_AUDIT_ORTHOLOGY_AMBIGUOUS
HPL01274	MONO_AT	EMPIRICALLY_VALIDATED_EXACT	INELIGIBLE_PLATFORM_CONFOUNDED_CALLABILITY	INSUFFICIENT_TO_RESOLVE	NO	NOT_ELIGIBLE	PLATFORM_CONFOUNDED_CALLABILITY;BOUNDARY_AUDIT_INSUFFICIENT_TO_RESOLVE
HPL01275	MONO_AT	EMPIRICALLY_VALIDATED_EXACT	INELIGIBLE_PLATFORM_CONFOUNDED_CALLABILITY	ORTHOLOGY_AMBIGUOUS	NO	NOT_ELIGIBLE	PLATFORM_CONFOUNDED_CALLABILITY;BOUNDARY_AUDIT_ORTHOLOGY_AMBIGUOUS
HPL01276	MONO_AT	EMPIRICALLY_VALIDATED_EXACT	PENDING_G7	ORTHOLOGY_AMBIGUOUS	NO	NOT_ELIGIBLE	BOUNDARY_AUDIT_ORTHOLOGY_AMBIGUOUS
HPL01277	MONO_AT	EMPIRICALLY_VALIDATED_EXACT	NOT_APPLICABLE_UNCALLABLE_OR_INELIGIBLE	INSUFFICIENT_TO_RESOLVE	NO	NOT_ELIGIBLE	NOT_CALLABLE_OR_NOT_CALLER_ELIGIBLE_UNDER_G5;BOUNDARY_AUDIT_INSUFFICIENT_TO_RESOLVE
HPL01278	MONO_AT	EMPIRICALLY_VALIDATED_EXACT	NOT_APPLICABLE_UNCALLABLE_OR_INELIGIBLE	INSUFFICIENT_TO_RESOLVE	NO	NOT_ELIGIBLE	NOT_CALLABLE_OR_NOT_CALLER_ELIGIBLE_UNDER_G5;BOUNDARY_AUDIT_INSUFFICIENT_TO_RESOLVE
HPL01279	MONO_AT	EMPIRICALLY_VALIDATED_EXACT	PENDING_G7	INSUFFICIENT_TO_RESOLVE	NO	NOT_ELIGIBLE	BOUNDARY_AUDIT_INSUFFICIENT_TO_RESOLVE
HPL01280	MONO_AT	EMPIRICALLY_VALIDATED_EXACT	PENDING_G7	INSUFFICIENT_TO_RESOLVE	NO	NOT_ELIGIBLE	BOUNDARY_AUDIT_INSUFFICIENT_TO_RESOLVE
HPL01281	MONO_AT	EMPIRICALLY_VALIDATED_EXACT	NOT_APPLICABLE_UNCALLABLE_OR_INELIGIBLE	INSUFFICIENT_TO_RESOLVE	NO	NOT_ELIGIBLE	NOT_CALLABLE_OR_NOT_CALLER_ELIGIBLE_UNDER_G5;BOUNDARY_AUDIT_INSUFFICIENT_TO_RESOLVE
HPL01282	MONO_AT	EMPIRICALLY_VALIDATED_EXACT	NOT_APPLICABLE_UNCALLABLE_OR_INELIGIBLE	INSUFFICIENT_TO_RESOLVE	NO	NOT_ELIGIBLE	NOT_CALLABLE_OR_NOT_CALLER_ELIGIBLE_UNDER_G5;BOUNDARY_AUDIT_INSUFFICIENT_TO_RESOLVE
HPL01283	MONO_AT	EMPIRICALLY_VALIDATED_EXACT	NOT_APPLICABLE_UNCALLABLE_OR_INELIGIBLE	INSUFFICIENT_TO_RESOLVE	NO	NOT_ELIGIBLE	NOT_CALLABLE_OR_NOT_CALLER_ELIGIBLE_UNDER_G5;BOUNDARY_AUDIT_INSUFFICIENT_TO_RESOLVE
HPL01284	DINUCLEOTIDE	SUPPORTED_BUT_ALLELE_DIVERSITY_LIMITED	NOT_APPLICABLE_UNCALLABLE_OR_INELIGIBLE	ORTHOLOGY_AMBIGUOUS	NO	NOT_ELIGIBLE	NOT_CALLABLE_OR_NOT_CALLER_ELIGIBLE_UNDER_G5;BOUNDARY_AUDIT_ORTHOLOGY_AMBIGUOUS
HPL01285	MONO_AT	EMPIRICALLY_VALIDATED_EXACT	NOT_APPLICABLE_UNCALLABLE_OR_INELIGIBLE	INSUFFICIENT_TO_RESOLVE	NO	NOT_ELIGIBLE	NOT_CALLABLE_OR_NOT_CALLER_ELIGIBLE_UNDER_G5;BOUNDARY_AUDIT_INSUFFICIENT_TO_RESOLVE
HPL01286	MONO_AT	EMPIRICALLY_VALIDATED_EXACT	PENDING_G7	ORTHOLOGY_AMBIGUOUS	NO	NOT_ELIGIBLE	BOUNDARY_AUDIT_ORTHOLOGY_AMBIGUOUS
HPL01287	MONO_GC	SUPPORTED_BUT_ALLELE_DIVERSITY_LIMITED	NOT_APPLICABLE_UNCALLABLE_OR_INELIGIBLE	INSUFFICIENT_TO_RESOLVE	NO	NOT_ELIGIBLE	NOT_CALLABLE_OR_NOT_CALLER_ELIGIBLE_UNDER_G5;BOUNDARY_AUDIT_INSUFFICIENT_TO_RESOLVE
HPL01288	MONO_AT	EMPIRICALLY_VALIDATED_EXACT	NOT_APPLICABLE_UNCALLABLE_OR_INELIGIBLE	INSUFFICIENT_TO_RESOLVE	NO	NOT_ELIGIBLE	NOT_CALLABLE_OR_NOT_CALLER_ELIGIBLE_UNDER_G5;BOUNDARY_AUDIT_INSUFFICIENT_TO_RESOLVE
HPL01289	MONO_AT	EMPIRICALLY_VALIDATED_EXACT	INELIGIBLE_PLATFORM_CONFOUNDED_CALLABILITY	INSUFFICIENT_TO_RESOLVE	NO	NOT_ELIGIBLE	PLATFORM_CONFOUNDED_CALLABILITY;BOUNDARY_AUDIT_INSUFFICIENT_TO_RESOLVE
HPL01290	MONO_AT	EMPIRICALLY_VALIDATED_EXACT	INELIGIBLE_PLATFORM_CONFOUNDED_CALLABILITY	ORTHOLOGY_AMBIGUOUS	NO	NOT_ELIGIBLE	PLATFORM_CONFOUNDED_CALLABILITY;BOUNDARY_AUDIT_ORTHOLOGY_AMBIGUOUS
HPL01291	MONO_AT	EMPIRICALLY_VALIDATED_EXACT	NOT_APPLICABLE_UNCALLABLE_OR_INELIGIBLE	INSUFFICIENT_TO_RESOLVE	NO	NOT_ELIGIBLE	NOT_CALLABLE_OR_NOT_CALLER_ELIGIBLE_UNDER_G5;BOUNDARY_AUDIT_INSUFFICIENT_TO_RESOLVE
HPL01292	MONO_GC	SUPPORTED_BUT_ALLELE_DIVERSITY_LIMITED	NOT_APPLICABLE_UNCALLABLE_OR_INELIGIBLE	INSUFFICIENT_TO_RESOLVE	NO	NOT_ELIGIBLE	NOT_CALLABLE_OR_NOT_CALLER_ELIGIBLE_UNDER_G5;BOUNDARY_AUDIT_INSUFFICIENT_TO_RESOLVE
HPL01293	MONO_AT	EMPIRICALLY_VALIDATED_EXACT	INELIGIBLE_PLATFORM_CONFOUNDED_CALLABILITY	INSUFFICIENT_TO_RESOLVE	NO	NOT_ELIGIBLE	PLATFORM_CONFOUNDED_CALLABILITY;BOUNDARY_AUDIT_INSUFFICIENT_TO_RESOLVE
HPL01294	TRINUCLEOTIDE	SUPPORTED_BUT_ALLELE_DIVERSITY_LIMITED	NOT_APPLICABLE_UNCALLABLE_OR_INELIGIBLE	INSUFFICIENT_TO_RESOLVE	NO	NOT_ELIGIBLE	NOT_CALLABLE_OR_NOT_CALLER_ELIGIBLE_UNDER_G5;BOUNDARY_AUDIT_INSUFFICIENT_TO_RESOLVE
HPL01295	MONO_AT	EMPIRICALLY_VALIDATED_EXACT	NOT_APPLICABLE_UNCALLABLE_OR_INELIGIBLE	ORTHOLOGY_AMBIGUOUS	NO	NOT_ELIGIBLE	NOT_CALLABLE_OR_NOT_CALLER_ELIGIBLE_UNDER_G5;BOUNDARY_AUDIT_ORTHOLOGY_AMBIGUOUS
HPL01296	MONO_AT	EMPIRICALLY_VALIDATED_EXACT	NOT_APPLICABLE_UNCALLABLE_OR_INELIGIBLE	ORTHOLOGY_AMBIGUOUS	NO	NOT_ELIGIBLE	NOT_CALLABLE_OR_NOT_CALLER_ELIGIBLE_UNDER_G5;BOUNDARY_AUDIT_ORTHOLOGY_AMBIGUOUS
HPL01297	MONO_AT	EMPIRICALLY_VALIDATED_EXACT	NOT_APPLICABLE_UNCALLABLE_OR_INELIGIBLE	INSUFFICIENT_TO_RESOLVE	NO	NOT_ELIGIBLE	NOT_CALLABLE_OR_NOT_CALLER_ELIGIBLE_UNDER_G5;BOUNDARY_AUDIT_INSUFFICIENT_TO_RESOLVE
HPL01298	MONO_AT	EMPIRICALLY_VALIDATED_EXACT	NOT_APPLICABLE_UNCALLABLE_OR_INELIGIBLE	INSUFFICIENT_TO_RESOLVE	NO	NOT_ELIGIBLE	NOT_CALLABLE_OR_NOT_CALLER_ELIGIBLE_UNDER_G5;BOUNDARY_AUDIT_INSUFFICIENT_TO_RESOLVE
HPL01299	MOTIF_GE4	SUPPORTED_BUT_ALLELE_DIVERSITY_LIMITED	PENDING_G7	INSUFFICIENT_TO_RESOLVE	NO	NOT_ELIGIBLE	BOUNDARY_AUDIT_INSUFFICIENT_TO_RESOLVE
HPL01300	MONO_AT	EMPIRICALLY_VALIDATED_EXACT	PENDING_G7	INSUFFICIENT_TO_RESOLVE	NO	NOT_ELIGIBLE	BOUNDARY_AUDIT_INSUFFICIENT_TO_RESOLVE
HPL01301	MONO_AT	EMPIRICALLY_VALIDATED_EXACT	INELIGIBLE_PLATFORM_CONFOUNDED_CALLABILITY	INSUFFICIENT_TO_RESOLVE	NO	NOT_ELIGIBLE	PLATFORM_CONFOUNDED_CALLABILITY;BOUNDARY_AUDIT_INSUFFICIENT_TO_RESOLVE
HPL01302	MONO_AT	EMPIRICALLY_VALIDATED_EXACT	NOT_APPLICABLE_UNCALLABLE_OR_INELIGIBLE	ORTHOLOGY_AMBIGUOUS	NO	NOT_ELIGIBLE	NOT_CALLABLE_OR_NOT_CALLER_ELIGIBLE_UNDER_G5;BOUNDARY_AUDIT_ORTHOLOGY_AMBIGUOUS
HPL01303	MONO_AT	EMPIRICALLY_VALIDATED_EXACT	NOT_APPLICABLE_UNCALLABLE_OR_INELIGIBLE	ORTHOLOGY_AMBIGUOUS	NO	NOT_ELIGIBLE	NOT_CALLABLE_OR_NOT_CALLER_ELIGIBLE_UNDER_G5;BOUNDARY_AUDIT_ORTHOLOGY_AMBIGUOUS
HPL01304	MONO_AT	EMPIRICALLY_VALIDATED_EXACT	NOT_APPLICABLE_UNCALLABLE_OR_INELIGIBLE	ORTHOLOGY_AMBIGUOUS	NO	NOT_ELIGIBLE	NOT_CALLABLE_OR_NOT_CALLER_ELIGIBLE_UNDER_G5;BOUNDARY_AUDIT_ORTHOLOGY_AMBIGUOUS
HPL01305	MONO_AT	EMPIRICALLY_VALIDATED_EXACT	INELIGIBLE_PLATFORM_CONFOUNDED_CALLABILITY	INSUFFICIENT_TO_RESOLVE	NO	NOT_ELIGIBLE	PLATFORM_CONFOUNDED_CALLABILITY;BOUNDARY_AUDIT_INSUFFICIENT_TO_RESOLVE
HPL01306	MONO_AT	EMPIRICALLY_VALIDATED_EXACT	NOT_APPLICABLE_UNCALLABLE_OR_INELIGIBLE	INSUFFICIENT_TO_RESOLVE	NO	NOT_ELIGIBLE	NOT_CALLABLE_OR_NOT_CALLER_ELIGIBLE_UNDER_G5;BOUNDARY_AUDIT_INSUFFICIENT_TO_RESOLVE
HPL01307	MONO_AT	EMPIRICALLY_VALIDATED_EXACT	NOT_APPLICABLE_UNCALLABLE_OR_INELIGIBLE	INSUFFICIENT_TO_RESOLVE	NO	NOT_ELIGIBLE	NOT_CALLABLE_OR_NOT_CALLER_ELIGIBLE_UNDER_G5;BOUNDARY_AUDIT_INSUFFICIENT_TO_RESOLVE
HPL01308	MONO_AT	EMPIRICALLY_VALIDATED_EXACT	PENDING_G7	INSUFFICIENT_TO_RESOLVE	NO	NOT_ELIGIBLE	BOUNDARY_AUDIT_INSUFFICIENT_TO_RESOLVE
HPL01309	MONO_AT	EMPIRICALLY_VALIDATED_EXACT	NOT_APPLICABLE_UNCALLABLE_OR_INELIGIBLE	ORTHOLOGY_AMBIGUOUS	NO	NOT_ELIGIBLE	NOT_CALLABLE_OR_NOT_CALLER_ELIGIBLE_UNDER_G5;BOUNDARY_AUDIT_ORTHOLOGY_AMBIGUOUS
HPL01310	MONO_AT	EMPIRICALLY_VALIDATED_EXACT	INELIGIBLE_PLATFORM_CONFOUNDED_CALLABILITY	INSUFFICIENT_TO_RESOLVE	NO	NOT_ELIGIBLE	PLATFORM_CONFOUNDED_CALLABILITY;BOUNDARY_AUDIT_INSUFFICIENT_TO_RESOLVE
HPL01311	MONO_AT	EMPIRICALLY_VALIDATED_EXACT	NOT_APPLICABLE_UNCALLABLE_OR_INELIGIBLE	ORTHOLOGY_AMBIGUOUS	NO	NOT_ELIGIBLE	NOT_CALLABLE_OR_NOT_CALLER_ELIGIBLE_UNDER_G5;BOUNDARY_AUDIT_ORTHOLOGY_AMBIGUOUS
HPL01312	TRINUCLEOTIDE	SUPPORTED_BUT_ALLELE_DIVERSITY_LIMITED	INELIGIBLE_PLATFORM_CONFOUNDED_CALLABILITY	INSUFFICIENT_TO_RESOLVE	NO	NOT_ELIGIBLE	PLATFORM_CONFOUNDED_CALLABILITY;BOUNDARY_AUDIT_INSUFFICIENT_TO_RESOLVE
HPL01313	MONO_AT	EMPIRICALLY_VALIDATED_EXACT	NOT_APPLICABLE_UNCALLABLE_OR_INELIGIBLE	INSUFFICIENT_TO_RESOLVE	NO	NOT_ELIGIBLE	NOT_CALLABLE_OR_NOT_CALLER_ELIGIBLE_UNDER_G5;BOUNDARY_AUDIT_INSUFFICIENT_TO_RESOLVE
HPL01314	MONO_AT	EMPIRICALLY_VALIDATED_EXACT	NOT_APPLICABLE_UNCALLABLE_OR_INELIGIBLE	INSUFFICIENT_TO_RESOLVE	NO	NOT_ELIGIBLE	NOT_CALLABLE_OR_NOT_CALLER_ELIGIBLE_UNDER_G5;BOUNDARY_AUDIT_INSUFFICIENT_TO_RESOLVE
HPL01315	MONO_AT	EMPIRICALLY_VALIDATED_EXACT	NOT_APPLICABLE_UNCALLABLE_OR_INELIGIBLE	ORTHOLOGY_AMBIGUOUS	NO	NOT_ELIGIBLE	NOT_CALLABLE_OR_NOT_CALLER_ELIGIBLE_UNDER_G5;BOUNDARY_AUDIT_ORTHOLOGY_AMBIGUOUS
HPL01316	MONO_AT	EMPIRICALLY_VALIDATED_EXACT	PENDING_G7	ORTHOLOGY_AMBIGUOUS	NO	NOT_ELIGIBLE	BOUNDARY_AUDIT_ORTHOLOGY_AMBIGUOUS
HPL01317	MONO_AT	EMPIRICALLY_VALIDATED_EXACT	NOT_APPLICABLE_UNCALLABLE_OR_INELIGIBLE	INSUFFICIENT_TO_RESOLVE	NO	NOT_ELIGIBLE	NOT_CALLABLE_OR_NOT_CALLER_ELIGIBLE_UNDER_G5;BOUNDARY_AUDIT_INSUFFICIENT_TO_RESOLVE
HPL01318	MONO_AT	EMPIRICALLY_VALIDATED_EXACT	NOT_APPLICABLE_UNCALLABLE_OR_INELIGIBLE	INSUFFICIENT_TO_RESOLVE	NO	NOT_ELIGIBLE	NOT_CALLABLE_OR_NOT_CALLER_ELIGIBLE_UNDER_G5;BOUNDARY_AUDIT_INSUFFICIENT_TO_RESOLVE
HPL01319	MONO_AT	EMPIRICALLY_VALIDATED_EXACT	PENDING_G7	ORTHOLOGY_AMBIGUOUS	NO	NOT_ELIGIBLE	BOUNDARY_AUDIT_ORTHOLOGY_AMBIGUOUS
HPL01320	DINUCLEOTIDE	SUPPORTED_BUT_ALLELE_DIVERSITY_LIMITED	NOT_APPLICABLE_UNCALLABLE_OR_INELIGIBLE	ORTHOLOGY_AMBIGUOUS	NO	NOT_ELIGIBLE	NOT_CALLABLE_OR_NOT_CALLER_ELIGIBLE_UNDER_G5;BOUNDARY_AUDIT_ORTHOLOGY_AMBIGUOUS
HPL01321	MONO_AT	EMPIRICALLY_VALIDATED_EXACT	NOT_APPLICABLE_UNCALLABLE_OR_INELIGIBLE	ORTHOLOGY_AMBIGUOUS	NO	NOT_ELIGIBLE	NOT_CALLABLE_OR_NOT_CALLER_ELIGIBLE_UNDER_G5;BOUNDARY_AUDIT_ORTHOLOGY_AMBIGUOUS
HPL01322	TRINUCLEOTIDE	SUPPORTED_BUT_ALLELE_DIVERSITY_LIMITED	NOT_APPLICABLE_UNCALLABLE_OR_INELIGIBLE	INSUFFICIENT_TO_RESOLVE	NO	NOT_ELIGIBLE	NOT_CALLABLE_OR_NOT_CALLER_ELIGIBLE_UNDER_G5;BOUNDARY_AUDIT_INSUFFICIENT_TO_RESOLVE
HPL01323	MONO_AT	EMPIRICALLY_VALIDATED_EXACT	PENDING_G7	INSUFFICIENT_TO_RESOLVE	NO	NOT_ELIGIBLE	BOUNDARY_AUDIT_INSUFFICIENT_TO_RESOLVE
HPL01324	MONO_GC	SUPPORTED_BUT_ALLELE_DIVERSITY_LIMITED	NOT_APPLICABLE_UNCALLABLE_OR_INELIGIBLE	INSUFFICIENT_TO_RESOLVE	NO	NOT_ELIGIBLE	NOT_CALLABLE_OR_NOT_CALLER_ELIGIBLE_UNDER_G5;BOUNDARY_AUDIT_INSUFFICIENT_TO_RESOLVE
HPL01325	MONO_AT	EMPIRICALLY_VALIDATED_EXACT	NOT_APPLICABLE_UNCALLABLE_OR_INELIGIBLE	INSUFFICIENT_TO_RESOLVE	NO	NOT_ELIGIBLE	NOT_CALLABLE_OR_NOT_CALLER_ELIGIBLE_UNDER_G5;BOUNDARY_AUDIT_INSUFFICIENT_TO_RESOLVE
HPL01326	MONO_AT	EMPIRICALLY_VALIDATED_EXACT	INELIGIBLE_PLATFORM_CONFOUNDED_CALLABILITY	ORTHOLOGY_AMBIGUOUS	NO	NOT_ELIGIBLE	PLATFORM_CONFOUNDED_CALLABILITY;BOUNDARY_AUDIT_ORTHOLOGY_AMBIGUOUS
HPL01327	MONO_AT	EMPIRICALLY_VALIDATED_EXACT	NOT_APPLICABLE_UNCALLABLE_OR_INELIGIBLE	ORTHOLOGY_AMBIGUOUS	NO	NOT_ELIGIBLE	NOT_CALLABLE_OR_NOT_CALLER_ELIGIBLE_UNDER_G5;BOUNDARY_AUDIT_ORTHOLOGY_AMBIGUOUS
HPL01328	MONO_GC	SUPPORTED_BUT_ALLELE_DIVERSITY_LIMITED	NOT_APPLICABLE_UNCALLABLE_OR_INELIGIBLE	ORTHOLOGY_AMBIGUOUS	NO	NOT_ELIGIBLE	NOT_CALLABLE_OR_NOT_CALLER_ELIGIBLE_UNDER_G5;BOUNDARY_AUDIT_ORTHOLOGY_AMBIGUOUS
HPL01329	MONO_AT	EMPIRICALLY_VALIDATED_EXACT	NOT_APPLICABLE_UNCALLABLE_OR_INELIGIBLE	ORTHOLOGY_AMBIGUOUS	NO	NOT_ELIGIBLE	NOT_CALLABLE_OR_NOT_CALLER_ELIGIBLE_UNDER_G5;BOUNDARY_AUDIT_ORTHOLOGY_AMBIGUOUS
HPL01330	MONO_AT	EMPIRICALLY_VALIDATED_EXACT	INELIGIBLE_PLATFORM_CONFOUNDED_CALLABILITY	INSUFFICIENT_TO_RESOLVE	NO	NOT_ELIGIBLE	PLATFORM_CONFOUNDED_CALLABILITY;BOUNDARY_AUDIT_INSUFFICIENT_TO_RESOLVE
HPL01331	MONO_AT	EMPIRICALLY_VALIDATED_EXACT	INELIGIBLE_PLATFORM_CONFOUNDED_CALLABILITY	INSUFFICIENT_TO_RESOLVE	NO	NOT_ELIGIBLE	PLATFORM_CONFOUNDED_CALLABILITY;BOUNDARY_AUDIT_INSUFFICIENT_TO_RESOLVE
HPL01332	MONO_AT	EMPIRICALLY_VALIDATED_EXACT	PENDING_G7	INSUFFICIENT_TO_RESOLVE	NO	NOT_ELIGIBLE	BOUNDARY_AUDIT_INSUFFICIENT_TO_RESOLVE
HPL01333	MONO_AT	EMPIRICALLY_VALIDATED_EXACT	PENDING_G7	INSUFFICIENT_TO_RESOLVE	NO	NOT_ELIGIBLE	BOUNDARY_AUDIT_INSUFFICIENT_TO_RESOLVE
HPL01334	MONO_AT	EMPIRICALLY_VALIDATED_EXACT	PENDING_G7	INSUFFICIENT_TO_RESOLVE	NO	NOT_ELIGIBLE	BOUNDARY_AUDIT_INSUFFICIENT_TO_RESOLVE
HPL01335	MONO_AT	EMPIRICALLY_VALIDATED_EXACT	NOT_APPLICABLE_UNCALLABLE_OR_INELIGIBLE	INSUFFICIENT_TO_RESOLVE	NO	NOT_ELIGIBLE	NOT_CALLABLE_OR_NOT_CALLER_ELIGIBLE_UNDER_G5;BOUNDARY_AUDIT_INSUFFICIENT_TO_RESOLVE
HPL01336	MONO_AT	EMPIRICALLY_VALIDATED_EXACT	NOT_APPLICABLE_UNCALLABLE_OR_INELIGIBLE	INSUFFICIENT_TO_RESOLVE	NO	NOT_ELIGIBLE	NOT_CALLABLE_OR_NOT_CALLER_ELIGIBLE_UNDER_G5;BOUNDARY_AUDIT_INSUFFICIENT_TO_RESOLVE
HPL01337	MONO_AT	EMPIRICALLY_VALIDATED_EXACT	PENDING_G7	ORTHOLOGY_AMBIGUOUS	NO	NOT_ELIGIBLE	BOUNDARY_AUDIT_ORTHOLOGY_AMBIGUOUS
HPL01338	MONO_AT	EMPIRICALLY_VALIDATED_EXACT	NOT_APPLICABLE_UNCALLABLE_OR_INELIGIBLE	INSUFFICIENT_TO_RESOLVE	NO	NOT_ELIGIBLE	NOT_CALLABLE_OR_NOT_CALLER_ELIGIBLE_UNDER_G5;BOUNDARY_AUDIT_INSUFFICIENT_TO_RESOLVE
HPL01339	MOTIF_GE4	SUPPORTED_BUT_ALLELE_DIVERSITY_LIMITED	INELIGIBLE_PLATFORM_CONFOUNDED_CALLABILITY	INSUFFICIENT_TO_RESOLVE	NO	NOT_ELIGIBLE	PLATFORM_CONFOUNDED_CALLABILITY;BOUNDARY_AUDIT_INSUFFICIENT_TO_RESOLVE
HPL01340	MONO_AT	EMPIRICALLY_VALIDATED_EXACT	NOT_APPLICABLE_UNCALLABLE_OR_INELIGIBLE	ORTHOLOGY_AMBIGUOUS	NO	NOT_ELIGIBLE	NOT_CALLABLE_OR_NOT_CALLER_ELIGIBLE_UNDER_G5;BOUNDARY_AUDIT_ORTHOLOGY_AMBIGUOUS
HPL01341	MONO_AT	EMPIRICALLY_VALIDATED_EXACT	NOT_APPLICABLE_UNCALLABLE_OR_INELIGIBLE	ORTHOLOGY_AMBIGUOUS	NO	NOT_ELIGIBLE	NOT_CALLABLE_OR_NOT_CALLER_ELIGIBLE_UNDER_G5;BOUNDARY_AUDIT_ORTHOLOGY_AMBIGUOUS
HPL01342	MONO_AT	EMPIRICALLY_VALIDATED_EXACT	NOT_APPLICABLE_UNCALLABLE_OR_INELIGIBLE	ORTHOLOGY_AMBIGUOUS	NO	NOT_ELIGIBLE	NOT_CALLABLE_OR_NOT_CALLER_ELIGIBLE_UNDER_G5;BOUNDARY_AUDIT_ORTHOLOGY_AMBIGUOUS
HPL01343	MONO_AT	EMPIRICALLY_VALIDATED_EXACT	NOT_APPLICABLE_UNCALLABLE_OR_INELIGIBLE	ORTHOLOGY_AMBIGUOUS	NO	NOT_ELIGIBLE	NOT_CALLABLE_OR_NOT_CALLER_ELIGIBLE_UNDER_G5;BOUNDARY_AUDIT_ORTHOLOGY_AMBIGUOUS
HPL01344	MONO_AT	EMPIRICALLY_VALIDATED_EXACT	NOT_APPLICABLE_UNCALLABLE_OR_INELIGIBLE	INSUFFICIENT_TO_RESOLVE	NO	NOT_ELIGIBLE	NOT_CALLABLE_OR_NOT_CALLER_ELIGIBLE_UNDER_G5;BOUNDARY_AUDIT_INSUFFICIENT_TO_RESOLVE
HPL01345	MONO_AT	EMPIRICALLY_VALIDATED_EXACT	NOT_APPLICABLE_UNCALLABLE_OR_INELIGIBLE	INSUFFICIENT_TO_RESOLVE	NO	NOT_ELIGIBLE	NOT_CALLABLE_OR_NOT_CALLER_ELIGIBLE_UNDER_G5;BOUNDARY_AUDIT_INSUFFICIENT_TO_RESOLVE
HPL01346	MONO_AT	EMPIRICALLY_VALIDATED_EXACT	NOT_APPLICABLE_UNCALLABLE_OR_INELIGIBLE	ORTHOLOGY_AMBIGUOUS	NO	NOT_ELIGIBLE	NOT_CALLABLE_OR_NOT_CALLER_ELIGIBLE_UNDER_G5;BOUNDARY_AUDIT_ORTHOLOGY_AMBIGUOUS
HPL01347	MONO_AT	EMPIRICALLY_VALIDATED_EXACT	NOT_APPLICABLE_UNCALLABLE_OR_INELIGIBLE	INSUFFICIENT_TO_RESOLVE	NO	NOT_ELIGIBLE	NOT_CALLABLE_OR_NOT_CALLER_ELIGIBLE_UNDER_G5;BOUNDARY_AUDIT_INSUFFICIENT_TO_RESOLVE
HPL01348	TRINUCLEOTIDE	SUPPORTED_BUT_ALLELE_DIVERSITY_LIMITED	NOT_APPLICABLE_UNCALLABLE_OR_INELIGIBLE	INSUFFICIENT_TO_RESOLVE	NO	NOT_ELIGIBLE	NOT_CALLABLE_OR_NOT_CALLER_ELIGIBLE_UNDER_G5;BOUNDARY_AUDIT_INSUFFICIENT_TO_RESOLVE
HPL01349	MONO_AT	EMPIRICALLY_VALIDATED_EXACT	NOT_APPLICABLE_UNCALLABLE_OR_INELIGIBLE	ORTHOLOGY_AMBIGUOUS	NO	NOT_ELIGIBLE	NOT_CALLABLE_OR_NOT_CALLER_ELIGIBLE_UNDER_G5;BOUNDARY_AUDIT_ORTHOLOGY_AMBIGUOUS
HPL01350	MONO_AT	EMPIRICALLY_VALIDATED_EXACT	NOT_APPLICABLE_UNCALLABLE_OR_INELIGIBLE	ORTHOLOGY_AMBIGUOUS	NO	NOT_ELIGIBLE	NOT_CALLABLE_OR_NOT_CALLER_ELIGIBLE_UNDER_G5;BOUNDARY_AUDIT_ORTHOLOGY_AMBIGUOUS
HPL01351	MONO_AT	EMPIRICALLY_VALIDATED_EXACT	NOT_APPLICABLE_UNCALLABLE_OR_INELIGIBLE	INSUFFICIENT_TO_RESOLVE	NO	NOT_ELIGIBLE	NOT_CALLABLE_OR_NOT_CALLER_ELIGIBLE_UNDER_G5;BOUNDARY_AUDIT_INSUFFICIENT_TO_RESOLVE
HPL01352	MONO_AT	EMPIRICALLY_VALIDATED_EXACT	PENDING_G7	INSUFFICIENT_TO_RESOLVE	NO	NOT_ELIGIBLE	BOUNDARY_AUDIT_INSUFFICIENT_TO_RESOLVE
HPL01353	MONO_AT	EMPIRICALLY_VALIDATED_EXACT	NOT_APPLICABLE_UNCALLABLE_OR_INELIGIBLE	ORTHOLOGY_AMBIGUOUS	NO	NOT_ELIGIBLE	NOT_CALLABLE_OR_NOT_CALLER_ELIGIBLE_UNDER_G5;BOUNDARY_AUDIT_ORTHOLOGY_AMBIGUOUS
HPL01354	MONO_AT	EMPIRICALLY_VALIDATED_EXACT	NOT_APPLICABLE_UNCALLABLE_OR_INELIGIBLE	ORTHOLOGY_AMBIGUOUS	NO	NOT_ELIGIBLE	NOT_CALLABLE_OR_NOT_CALLER_ELIGIBLE_UNDER_G5;BOUNDARY_AUDIT_ORTHOLOGY_AMBIGUOUS
HPL01355	MONO_AT	EMPIRICALLY_VALIDATED_EXACT	NOT_APPLICABLE_UNCALLABLE_OR_INELIGIBLE	INSUFFICIENT_TO_RESOLVE	NO	NOT_ELIGIBLE	NOT_CALLABLE_OR_NOT_CALLER_ELIGIBLE_UNDER_G5;BOUNDARY_AUDIT_INSUFFICIENT_TO_RESOLVE
HPL01356	MONO_AT	EMPIRICALLY_VALIDATED_EXACT	NOT_APPLICABLE_UNCALLABLE_OR_INELIGIBLE	INSUFFICIENT_TO_RESOLVE	NO	NOT_ELIGIBLE	NOT_CALLABLE_OR_NOT_CALLER_ELIGIBLE_UNDER_G5;BOUNDARY_AUDIT_INSUFFICIENT_TO_RESOLVE
HPL01357	MONO_AT	EMPIRICALLY_VALIDATED_EXACT	NOT_APPLICABLE_UNCALLABLE_OR_INELIGIBLE	INSUFFICIENT_TO_RESOLVE	NO	NOT_ELIGIBLE	NOT_CALLABLE_OR_NOT_CALLER_ELIGIBLE_UNDER_G5;BOUNDARY_AUDIT_INSUFFICIENT_TO_RESOLVE
HPL01358	DINUCLEOTIDE	SUPPORTED_BUT_ALLELE_DIVERSITY_LIMITED	NOT_APPLICABLE_UNCALLABLE_OR_INELIGIBLE	INSUFFICIENT_TO_RESOLVE	NO	NOT_ELIGIBLE	NOT_CALLABLE_OR_NOT_CALLER_ELIGIBLE_UNDER_G5;BOUNDARY_AUDIT_INSUFFICIENT_TO_RESOLVE
HPL01359	MONO_GC	SUPPORTED_BUT_ALLELE_DIVERSITY_LIMITED	NOT_APPLICABLE_UNCALLABLE_OR_INELIGIBLE	INSUFFICIENT_TO_RESOLVE	NO	NOT_ELIGIBLE	NOT_CALLABLE_OR_NOT_CALLER_ELIGIBLE_UNDER_G5;BOUNDARY_AUDIT_INSUFFICIENT_TO_RESOLVE
HPL01360	MONO_AT	EMPIRICALLY_VALIDATED_EXACT	NOT_APPLICABLE_UNCALLABLE_OR_INELIGIBLE	INSUFFICIENT_TO_RESOLVE	NO	NOT_ELIGIBLE	NOT_CALLABLE_OR_NOT_CALLER_ELIGIBLE_UNDER_G5;BOUNDARY_AUDIT_INSUFFICIENT_TO_RESOLVE
HPL01361	MONO_AT	EMPIRICALLY_VALIDATED_EXACT	INELIGIBLE_PLATFORM_CONFOUNDED_CALLABILITY	INSUFFICIENT_TO_RESOLVE	NO	NOT_ELIGIBLE	PLATFORM_CONFOUNDED_CALLABILITY;BOUNDARY_AUDIT_INSUFFICIENT_TO_RESOLVE
HPL01362	MONO_GC	SUPPORTED_BUT_ALLELE_DIVERSITY_LIMITED	NOT_APPLICABLE_UNCALLABLE_OR_INELIGIBLE	INSUFFICIENT_TO_RESOLVE	NO	NOT_ELIGIBLE	NOT_CALLABLE_OR_NOT_CALLER_ELIGIBLE_UNDER_G5;BOUNDARY_AUDIT_INSUFFICIENT_TO_RESOLVE
HPL01363	MONO_AT	EMPIRICALLY_VALIDATED_EXACT	NOT_APPLICABLE_UNCALLABLE_OR_INELIGIBLE	INSUFFICIENT_TO_RESOLVE	NO	NOT_ELIGIBLE	NOT_CALLABLE_OR_NOT_CALLER_ELIGIBLE_UNDER_G5;BOUNDARY_AUDIT_INSUFFICIENT_TO_RESOLVE
HPL01364	MONO_AT	EMPIRICALLY_VALIDATED_EXACT	NOT_APPLICABLE_UNCALLABLE_OR_INELIGIBLE	INSUFFICIENT_TO_RESOLVE	NO	NOT_ELIGIBLE	NOT_CALLABLE_OR_NOT_CALLER_ELIGIBLE_UNDER_G5;BOUNDARY_AUDIT_INSUFFICIENT_TO_RESOLVE
HPL01365	MONO_AT	EMPIRICALLY_VALIDATED_EXACT	NOT_APPLICABLE_UNCALLABLE_OR_INELIGIBLE	INSUFFICIENT_TO_RESOLVE	NO	NOT_ELIGIBLE	NOT_CALLABLE_OR_NOT_CALLER_ELIGIBLE_UNDER_G5;BOUNDARY_AUDIT_INSUFFICIENT_TO_RESOLVE
HPL01366	MONO_GC	SUPPORTED_BUT_ALLELE_DIVERSITY_LIMITED	NOT_APPLICABLE_UNCALLABLE_OR_INELIGIBLE	INSUFFICIENT_TO_RESOLVE	NO	NOT_ELIGIBLE	NOT_CALLABLE_OR_NOT_CALLER_ELIGIBLE_UNDER_G5;BOUNDARY_AUDIT_INSUFFICIENT_TO_RESOLVE
HPL01367	MONO_AT	EMPIRICALLY_VALIDATED_EXACT	NOT_APPLICABLE_UNCALLABLE_OR_INELIGIBLE	INSUFFICIENT_TO_RESOLVE	NO	NOT_ELIGIBLE	NOT_CALLABLE_OR_NOT_CALLER_ELIGIBLE_UNDER_G5;BOUNDARY_AUDIT_INSUFFICIENT_TO_RESOLVE
HPL01368	MONO_AT	EMPIRICALLY_VALIDATED_EXACT	NOT_APPLICABLE_UNCALLABLE_OR_INELIGIBLE	INSUFFICIENT_TO_RESOLVE	NO	NOT_ELIGIBLE	NOT_CALLABLE_OR_NOT_CALLER_ELIGIBLE_UNDER_G5;BOUNDARY_AUDIT_INSUFFICIENT_TO_RESOLVE
HPL01369	MONO_AT	EMPIRICALLY_VALIDATED_EXACT	NOT_APPLICABLE_UNCALLABLE_OR_INELIGIBLE	INSUFFICIENT_TO_RESOLVE	NO	NOT_ELIGIBLE	NOT_CALLABLE_OR_NOT_CALLER_ELIGIBLE_UNDER_G5;BOUNDARY_AUDIT_INSUFFICIENT_TO_RESOLVE
HPL01370	MONO_AT	EMPIRICALLY_VALIDATED_EXACT	NOT_APPLICABLE_UNCALLABLE_OR_INELIGIBLE	INSUFFICIENT_TO_RESOLVE	NO	NOT_ELIGIBLE	NOT_CALLABLE_OR_NOT_CALLER_ELIGIBLE_UNDER_G5;BOUNDARY_AUDIT_INSUFFICIENT_TO_RESOLVE
HPL01371	MONO_AT	EMPIRICALLY_VALIDATED_EXACT	NOT_APPLICABLE_UNCALLABLE_OR_INELIGIBLE	INSUFFICIENT_TO_RESOLVE	NO	NOT_ELIGIBLE	NOT_CALLABLE_OR_NOT_CALLER_ELIGIBLE_UNDER_G5;BOUNDARY_AUDIT_INSUFFICIENT_TO_RESOLVE
HPL01372	MONO_AT	EMPIRICALLY_VALIDATED_EXACT	NOT_APPLICABLE_UNCALLABLE_OR_INELIGIBLE	INSUFFICIENT_TO_RESOLVE	NO	NOT_ELIGIBLE	NOT_CALLABLE_OR_NOT_CALLER_ELIGIBLE_UNDER_G5;BOUNDARY_AUDIT_INSUFFICIENT_TO_RESOLVE
HPL01373	MONO_AT	EMPIRICALLY_VALIDATED_EXACT	NOT_APPLICABLE_UNCALLABLE_OR_INELIGIBLE	INSUFFICIENT_TO_RESOLVE	NO	NOT_ELIGIBLE	NOT_CALLABLE_OR_NOT_CALLER_ELIGIBLE_UNDER_G5;BOUNDARY_AUDIT_INSUFFICIENT_TO_RESOLVE
HPL01374	MONO_AT	EMPIRICALLY_VALIDATED_EXACT	NOT_APPLICABLE_UNCALLABLE_OR_INELIGIBLE	INSUFFICIENT_TO_RESOLVE	NO	NOT_ELIGIBLE	NOT_CALLABLE_OR_NOT_CALLER_ELIGIBLE_UNDER_G5;BOUNDARY_AUDIT_INSUFFICIENT_TO_RESOLVE
HPL01375	MONO_AT	EMPIRICALLY_VALIDATED_EXACT	NOT_APPLICABLE_UNCALLABLE_OR_INELIGIBLE	INSUFFICIENT_TO_RESOLVE	NO	NOT_ELIGIBLE	NOT_CALLABLE_OR_NOT_CALLER_ELIGIBLE_UNDER_G5;BOUNDARY_AUDIT_INSUFFICIENT_TO_RESOLVE
HPL01376	MONO_AT	EMPIRICALLY_VALIDATED_EXACT	NOT_APPLICABLE_UNCALLABLE_OR_INELIGIBLE	INSUFFICIENT_TO_RESOLVE	NO	NOT_ELIGIBLE	NOT_CALLABLE_OR_NOT_CALLER_ELIGIBLE_UNDER_G5;BOUNDARY_AUDIT_INSUFFICIENT_TO_RESOLVE
HPL01377	MONO_AT	EMPIRICALLY_VALIDATED_EXACT	NOT_APPLICABLE_UNCALLABLE_OR_INELIGIBLE	INSUFFICIENT_TO_RESOLVE	NO	NOT_ELIGIBLE	NOT_CALLABLE_OR_NOT_CALLER_ELIGIBLE_UNDER_G5;BOUNDARY_AUDIT_INSUFFICIENT_TO_RESOLVE
HPL01378	MONO_AT	EMPIRICALLY_VALIDATED_EXACT	NOT_APPLICABLE_UNCALLABLE_OR_INELIGIBLE	INSUFFICIENT_TO_RESOLVE	NO	NOT_ELIGIBLE	NOT_CALLABLE_OR_NOT_CALLER_ELIGIBLE_UNDER_G5;BOUNDARY_AUDIT_INSUFFICIENT_TO_RESOLVE
HPL01379	MOTIF_GE4	SUPPORTED_BUT_ALLELE_DIVERSITY_LIMITED	NOT_APPLICABLE_UNCALLABLE_OR_INELIGIBLE	INSUFFICIENT_TO_RESOLVE	NO	NOT_ELIGIBLE	NOT_CALLABLE_OR_NOT_CALLER_ELIGIBLE_UNDER_G5;BOUNDARY_AUDIT_INSUFFICIENT_TO_RESOLVE
HPL01380	TRINUCLEOTIDE	SUPPORTED_BUT_ALLELE_DIVERSITY_LIMITED	NOT_APPLICABLE_UNCALLABLE_OR_INELIGIBLE	INSUFFICIENT_TO_RESOLVE	NO	NOT_ELIGIBLE	NOT_CALLABLE_OR_NOT_CALLER_ELIGIBLE_UNDER_G5;BOUNDARY_AUDIT_INSUFFICIENT_TO_RESOLVE
HPL01381	MONO_AT	EMPIRICALLY_VALIDATED_EXACT	NOT_APPLICABLE_UNCALLABLE_OR_INELIGIBLE	INSUFFICIENT_TO_RESOLVE	NO	NOT_ELIGIBLE	NOT_CALLABLE_OR_NOT_CALLER_ELIGIBLE_UNDER_G5;BOUNDARY_AUDIT_INSUFFICIENT_TO_RESOLVE
HPL01382	MONO_AT	EMPIRICALLY_VALIDATED_EXACT	INELIGIBLE_PLATFORM_CONFOUNDED_CALLABILITY	INSUFFICIENT_TO_RESOLVE	NO	NOT_ELIGIBLE	PLATFORM_CONFOUNDED_CALLABILITY;BOUNDARY_AUDIT_INSUFFICIENT_TO_RESOLVE
HPL01383	MONO_AT	EMPIRICALLY_VALIDATED_EXACT	NOT_APPLICABLE_UNCALLABLE_OR_INELIGIBLE	INSUFFICIENT_TO_RESOLVE	NO	NOT_ELIGIBLE	NOT_CALLABLE_OR_NOT_CALLER_ELIGIBLE_UNDER_G5;BOUNDARY_AUDIT_INSUFFICIENT_TO_RESOLVE
HPL01384	MONO_AT	EMPIRICALLY_VALIDATED_EXACT	NOT_APPLICABLE_UNCALLABLE_OR_INELIGIBLE	ORTHOLOGY_AMBIGUOUS	NO	NOT_ELIGIBLE	NOT_CALLABLE_OR_NOT_CALLER_ELIGIBLE_UNDER_G5;BOUNDARY_AUDIT_ORTHOLOGY_AMBIGUOUS
HPL01385	MONO_AT	EMPIRICALLY_VALIDATED_EXACT	NOT_APPLICABLE_UNCALLABLE_OR_INELIGIBLE	ORTHOLOGY_AMBIGUOUS	NO	NOT_ELIGIBLE	NOT_CALLABLE_OR_NOT_CALLER_ELIGIBLE_UNDER_G5;BOUNDARY_AUDIT_ORTHOLOGY_AMBIGUOUS
HPL01386	MONO_AT	EMPIRICALLY_VALIDATED_EXACT	NOT_APPLICABLE_UNCALLABLE_OR_INELIGIBLE	ORTHOLOGY_AMBIGUOUS	NO	NOT_ELIGIBLE	NOT_CALLABLE_OR_NOT_CALLER_ELIGIBLE_UNDER_G5;BOUNDARY_AUDIT_ORTHOLOGY_AMBIGUOUS
HPL01387	MONO_AT	EMPIRICALLY_VALIDATED_EXACT	NOT_APPLICABLE_UNCALLABLE_OR_INELIGIBLE	ORTHOLOGY_AMBIGUOUS	NO	NOT_ELIGIBLE	NOT_CALLABLE_OR_NOT_CALLER_ELIGIBLE_UNDER_G5;BOUNDARY_AUDIT_ORTHOLOGY_AMBIGUOUS
HPL01388	MONO_AT	EMPIRICALLY_VALIDATED_EXACT	NOT_APPLICABLE_UNCALLABLE_OR_INELIGIBLE	ORTHOLOGY_AMBIGUOUS	NO	NOT_ELIGIBLE	NOT_CALLABLE_OR_NOT_CALLER_ELIGIBLE_UNDER_G5;BOUNDARY_AUDIT_ORTHOLOGY_AMBIGUOUS
HPL01389	MONO_AT	EMPIRICALLY_VALIDATED_EXACT	NOT_APPLICABLE_UNCALLABLE_OR_INELIGIBLE	INSUFFICIENT_TO_RESOLVE	NO	NOT_ELIGIBLE	NOT_CALLABLE_OR_NOT_CALLER_ELIGIBLE_UNDER_G5;BOUNDARY_AUDIT_INSUFFICIENT_TO_RESOLVE
HPL01390	MONO_AT	EMPIRICALLY_VALIDATED_EXACT	PENDING_G7	INSUFFICIENT_TO_RESOLVE	NO	NOT_ELIGIBLE	BOUNDARY_AUDIT_INSUFFICIENT_TO_RESOLVE
HPL01391	MONO_AT	EMPIRICALLY_VALIDATED_EXACT	NOT_APPLICABLE_UNCALLABLE_OR_INELIGIBLE	INSUFFICIENT_TO_RESOLVE	NO	NOT_ELIGIBLE	NOT_CALLABLE_OR_NOT_CALLER_ELIGIBLE_UNDER_G5;BOUNDARY_AUDIT_INSUFFICIENT_TO_RESOLVE
HPL01392	MONO_AT	EMPIRICALLY_VALIDATED_EXACT	PENDING_G7	INSUFFICIENT_TO_RESOLVE	NO	NOT_ELIGIBLE	BOUNDARY_AUDIT_INSUFFICIENT_TO_RESOLVE
HPL01393	MONO_GC	SUPPORTED_BUT_ALLELE_DIVERSITY_LIMITED	NOT_APPLICABLE_UNCALLABLE_OR_INELIGIBLE	ORTHOLOGY_AMBIGUOUS	NO	NOT_ELIGIBLE	NOT_CALLABLE_OR_NOT_CALLER_ELIGIBLE_UNDER_G5;BOUNDARY_AUDIT_ORTHOLOGY_AMBIGUOUS
HPL01394	MONO_AT	EMPIRICALLY_VALIDATED_EXACT	NOT_APPLICABLE_UNCALLABLE_OR_INELIGIBLE	ORTHOLOGY_AMBIGUOUS	NO	NOT_ELIGIBLE	NOT_CALLABLE_OR_NOT_CALLER_ELIGIBLE_UNDER_G5;BOUNDARY_AUDIT_ORTHOLOGY_AMBIGUOUS
HPL01395	MONO_AT	EMPIRICALLY_VALIDATED_EXACT	NOT_APPLICABLE_UNCALLABLE_OR_INELIGIBLE	ORTHOLOGY_AMBIGUOUS	NO	NOT_ELIGIBLE	NOT_CALLABLE_OR_NOT_CALLER_ELIGIBLE_UNDER_G5;BOUNDARY_AUDIT_ORTHOLOGY_AMBIGUOUS
HPL01396	MONO_AT	EMPIRICALLY_VALIDATED_EXACT	NOT_APPLICABLE_UNCALLABLE_OR_INELIGIBLE	ORTHOLOGY_AMBIGUOUS	NO	NOT_ELIGIBLE	NOT_CALLABLE_OR_NOT_CALLER_ELIGIBLE_UNDER_G5;BOUNDARY_AUDIT_ORTHOLOGY_AMBIGUOUS
HPL01397	MONO_AT	EMPIRICALLY_VALIDATED_EXACT	NOT_APPLICABLE_UNCALLABLE_OR_INELIGIBLE	ORTHOLOGY_AMBIGUOUS	NO	NOT_ELIGIBLE	NOT_CALLABLE_OR_NOT_CALLER_ELIGIBLE_UNDER_G5;BOUNDARY_AUDIT_ORTHOLOGY_AMBIGUOUS
HPL01398	MONO_AT	EMPIRICALLY_VALIDATED_EXACT	NOT_APPLICABLE_UNCALLABLE_OR_INELIGIBLE	INSUFFICIENT_TO_RESOLVE	NO	NOT_ELIGIBLE	NOT_CALLABLE_OR_NOT_CALLER_ELIGIBLE_UNDER_G5;BOUNDARY_AUDIT_INSUFFICIENT_TO_RESOLVE
HPL01399	MONO_AT	EMPIRICALLY_VALIDATED_EXACT	NOT_APPLICABLE_UNCALLABLE_OR_INELIGIBLE	INSUFFICIENT_TO_RESOLVE	NO	NOT_ELIGIBLE	NOT_CALLABLE_OR_NOT_CALLER_ELIGIBLE_UNDER_G5;BOUNDARY_AUDIT_INSUFFICIENT_TO_RESOLVE
HPL01400	TRINUCLEOTIDE	SUPPORTED_BUT_ALLELE_DIVERSITY_LIMITED	NOT_APPLICABLE_UNCALLABLE_OR_INELIGIBLE	ORTHOLOGY_AMBIGUOUS	NO	NOT_ELIGIBLE	NOT_CALLABLE_OR_NOT_CALLER_ELIGIBLE_UNDER_G5;BOUNDARY_AUDIT_ORTHOLOGY_AMBIGUOUS
HPL01401	MONO_AT	EMPIRICALLY_VALIDATED_EXACT	NOT_APPLICABLE_UNCALLABLE_OR_INELIGIBLE	INSUFFICIENT_TO_RESOLVE	NO	NOT_ELIGIBLE	NOT_CALLABLE_OR_NOT_CALLER_ELIGIBLE_UNDER_G5;BOUNDARY_AUDIT_INSUFFICIENT_TO_RESOLVE
HPL01402	MONO_AT	EMPIRICALLY_VALIDATED_EXACT	NOT_APPLICABLE_UNCALLABLE_OR_INELIGIBLE	INSUFFICIENT_TO_RESOLVE	NO	NOT_ELIGIBLE	NOT_CALLABLE_OR_NOT_CALLER_ELIGIBLE_UNDER_G5;BOUNDARY_AUDIT_INSUFFICIENT_TO_RESOLVE
HPL01403	TRINUCLEOTIDE	SUPPORTED_BUT_ALLELE_DIVERSITY_LIMITED	NOT_APPLICABLE_UNCALLABLE_OR_INELIGIBLE	INSUFFICIENT_TO_RESOLVE	NO	NOT_ELIGIBLE	NOT_CALLABLE_OR_NOT_CALLER_ELIGIBLE_UNDER_G5;BOUNDARY_AUDIT_INSUFFICIENT_TO_RESOLVE
HPL01404	MONO_AT	EMPIRICALLY_VALIDATED_EXACT	NOT_APPLICABLE_UNCALLABLE_OR_INELIGIBLE	INSUFFICIENT_TO_RESOLVE	NO	NOT_ELIGIBLE	NOT_CALLABLE_OR_NOT_CALLER_ELIGIBLE_UNDER_G5;BOUNDARY_AUDIT_INSUFFICIENT_TO_RESOLVE
HPL01405	MONO_AT	EMPIRICALLY_VALIDATED_EXACT	NOT_APPLICABLE_UNCALLABLE_OR_INELIGIBLE	INSUFFICIENT_TO_RESOLVE	NO	NOT_ELIGIBLE	NOT_CALLABLE_OR_NOT_CALLER_ELIGIBLE_UNDER_G5;BOUNDARY_AUDIT_INSUFFICIENT_TO_RESOLVE
