locus_id	evidence_class	context	motif_canonical	motif_length	tract_length_bp	required_span_bp	callable_fraction_PRJNA622860	median_spanning_reads_PRJNA622860	expected_spanning_fragments_analytic_PRJNA622860	callable_fraction_PRJNA360417	median_spanning_reads_PRJNA360417	expected_spanning_fragments_analytic_PRJNA360417	callable_fraction_PRJNA1103397	median_spanning_reads_PRJNA1103397	expected_spanning_fragments_analytic_PRJNA1103397	callability_class	depth_auc_callable_vs_not	depth_dependent	predicted_platform_limited	span_exceeds_read_SE150	span_exceeds_read_PE251	synthetic_callable_SE150_30x_pure	synthetic_callable_PE250_30x_pure
HPL00001	REPEAT_ONLY	CDS	A	1	8	58	1.0	88	131.6	1.0	28	26.8	1.0	209.5	190.5	CALLABLE_BOTH	NA	NA	NO	NO	NO	1.0	1.0
HPL00002	REPEAT_ONLY	INTERGENIC_OTHER	A	1	8	58	1.0	86	131.6	1.0	21	26.8	1.0	223.0	190.5	CALLABLE_BOTH	NA	NA	NO	NO	NO	1.0	1.0
HPL00003	REPEAT_ONLY	INTERGENIC_OTHER	A	1	8	58	0.0	0	131.6	0.2308	17	26.8	0.3333	240.0	190.5	PARTIAL	0.421	NO	NO	NO	NO	NA	NA
HPL00004	STRONG_PV_CANDIDATE	CDS	ACT	3	25	75	0.9744	79.5	120.8	0.1538	18.5	24.4	0.0	0	155.6	UNCALLABLE_BOTH	0.628	NO	NO	NO	NO	1.0	0.0
HPL00005	KNOWN_PV	CDS	AG	2	23	73	1.0	52	122.0	0.6923	18	24.7	1.0	178.5	159.7	PARTIAL	NA	NA	NO	NO	NO	0.0	0.0
HPL00006	STRONG_PV_CANDIDATE	PROMOTER_OR_INTERGENIC_UPSTREAM	A	1	14	64	0.9744	44.5	127.8	0.2308	21	25.9	0.5	136	178.2	PARTIAL	0.751	NO	NO	NO	NO	1.0	1.0
HPL00007	REPEAT_ONLY	CDS	A	1	8	58	1.0	93	131.6	1.0	27	26.8	1.0	187.0	190.5	CALLABLE_BOTH	NA	NA	NO	NO	NO	NA	NA
HPL00008	REPEAT_ONLY	CDS	A	1	8	58	1.0	96	131.6	1.0	22	26.8	1.0	187.0	190.5	CALLABLE_BOTH	NA	NA	NO	NO	NO	NA	NA
HPL00009	REPEAT_ONLY	CDS	A	1	8	58	0.0	0	131.6	0.0769	13	26.8	0.0	0	190.5	UNCALLABLE_BOTH	NA	NA	NO	NO	NO	NA	NA
HPL00010	STRONG_PV_CANDIDATE	PROMOTER_OR_INTERGENIC_UPSTREAM	A	1	15	65	0.4359	24	127.2	0.6154	13.5	25.8	0.8333	143	176.1	PARTIAL	0.551	NO	NO	NO	NO	NA	NA
HPL00011	REPEAT_ONLY	CDS	A	1	8	58	0.9744	81.0	131.6	0.6923	22	26.8	0.0	0	190.5	PLATFORM_CONFOUNDED_CALLABILITY	0.369	NO	NO	NO	NO	NA	NA
HPL00012	REPEAT_ONLY	CDS	A	1	8	58	0.9744	62.0	131.6	0.9231	20.5	26.8	0.1667	228	190.5	PLATFORM_CONFOUNDED_CALLABILITY	0.272	NO	NO	NO	NO	NA	NA
HPL00013	REPEAT_ONLY	CDS	A	1	8	58	0.9744	81.0	131.6	1.0	28	26.8	1.0	184.0	190.5	CALLABLE_BOTH	NA	NA	NO	NO	NO	NA	NA
HPL00014	REPEAT_ONLY	CDS	A	1	8	58	0.9744	85.5	131.6	1.0	25	26.8	1.0	191.5	190.5	CALLABLE_BOTH	NA	NA	NO	NO	NO	NA	NA
HPL00015	REPEAT_ONLY	CDS	AG	2	10	60	0.0	0	130.4	0.4615	13.0	26.5	1.0	127.5	186.4	PLATFORM_CONFOUNDED_CALLABILITY	0.521	NO	NO	NO	NO	NA	NA
HPL00016	REPEAT_ONLY	CDS	AAG	3	13	63	1.0	87	128.4	0.7692	26.0	26.1	1.0	206.0	180.2	PARTIAL	NA	NA	NO	NO	NO	NA	NA
HPL00017	REPEAT_ONLY	CDS	A	1	8	58	0.8974	43	131.6	0.5385	32	26.8	0.3333	131.5	190.5	PARTIAL	0.65	NO	NO	NO	NO	NA	NA
HPL00018	STRONG_PV_CANDIDATE	PROMOTER_OR_INTERGENIC_UPSTREAM	C	1	15	65	0.9744	38.5	127.2	0.3077	23.0	25.8	0.0	0	176.1	PARTIAL	0.568	NO	NO	NO	NO	1.0	1.0
HPL00019	REPEAT_ONLY	CDS	A	1	8	58	0.0	0	131.6	0.3077	20.0	26.8	0.1667	152	190.5	PARTIAL	0.343	NO	NO	NO	NO	NA	NA
HPL00020	REPEAT_ONLY	CDS	A	1	8	58	0.0	0	131.6	0.0	0	26.8	0.0	0	190.5	UNCALLABLE_BOTH	NA	NA	NO	NO	NO	NA	NA
HPL00021	REPEAT_ONLY	CDS	A	1	8	58	0.0	0	131.6	0.4615	24.0	26.8	0.0	0	190.5	PARTIAL	0.085	NO	NO	NO	NO	NA	NA
HPL00022	REPEAT_ONLY	CDS	AAG	3	14	64	1.0	107	127.8	1.0	20	25.9	1.0	165.0	178.2	CALLABLE_BOTH	NA	NA	NO	NO	NO	NA	NA
HPL00023	REPEAT_ONLY	INTERGENIC_OTHER	A	1	9	59	0.0	0	131.0	0.6154	25.5	26.6	0.3333	171.5	188.4	PARTIAL	0.285	NO	NO	NO	NO	NA	NA
HPL00024	REPEAT_ONLY	CDS	A	1	8	58	0.9744	86.0	131.6	0.6154	24.5	26.8	1.0	195.0	190.5	PARTIAL	0.897	YES	NO	NO	NO	NA	NA
HPL00025	REPEAT_ONLY	CDS	A	1	8	58	1.0	64	131.6	1.0	22	26.8	1.0	206.0	190.5	CALLABLE_BOTH	NA	NA	NO	NO	NO	NA	NA
HPL00026	STRONG_PV_CANDIDATE	CDS	ATC	3	12	62	1.0	81	129.1	0.0769	16	26.2	0.3333	289.0	182.3	PARTIAL	0.723	NO	NO	NO	NO	NA	NA
HPL00027	STRONG_PV_CANDIDATE	CDS	C	1	14	64	0.0	0	127.8	0.0769	17	25.9	0.0	0	178.2	UNCALLABLE_BOTH	NA	NA	NO	NO	NO	1.0	1.0
HPL00028	REPEAT_ONLY	INTERGENIC_OTHER	A	1	8	58	NA	0	131.6	1.0	76	26.8	NA	0	190.5	NA	NA	NA	NO	NO	NO	NA	NA
HPL00030	REPEAT_ONLY	CDS	ATC	3	12	62	0.8974	43	129.1	1.0	20	26.2	1.0	134.0	182.3	CALLABLE_BOTH	NA	NA	NO	NO	NO	1.0	1.0
HPL00031	REPEAT_ONLY	CDS	ACC	3	12	62	0.9231	54.0	129.1	0.9231	25.5	26.2	1.0	132.5	182.3	CALLABLE_BOTH	NA	NA	NO	NO	NO	1.0	1.0
HPL00032	STRONG_PV_CANDIDATE	PROMOTER_OR_INTERGENIC_UPSTREAM	C	1	12	62	0.5897	12	129.1	0.0	0	26.2	0.0	0	182.3	UNCALLABLE_BOTH	0.675	NO	NO	NO	NO	1.0	1.0
HPL00033	REPEAT_ONLY	CDS	AC	2	11	61	0.9487	53	129.7	0.9231	23.0	26.4	1.0	188.5	184.3	CALLABLE_BOTH	NA	NA	NO	NO	NO	0.0	1.0
HPL00034	REPEAT_ONLY	CDS	A	1	8	58	1.0	85	131.6	0.6154	21.0	26.8	1.0	188.0	190.5	PARTIAL	0.889	YES	NO	NO	NO	NA	NA
HPL00035	REPEAT_ONLY	CDS	A	1	8	58	1.0	63	131.6	0.8462	27	26.8	1.0	190.0	190.5	CALLABLE_BOTH	NA	NA	NO	NO	NO	NA	NA
HPL00036	REPEAT_ONLY	CDS	A	1	8	58	1.0	70	131.6	0.9231	22.5	26.8	1.0	217.5	190.5	CALLABLE_BOTH	NA	NA	NO	NO	NO	NA	NA
HPL00037	REPEAT_ONLY	CDS	A	1	8	58	1.0	70	131.6	1.0	21	26.8	1.0	238.0	190.5	CALLABLE_BOTH	NA	NA	NO	NO	NO	NA	NA
HPL00038	REPEAT_ONLY	CDS	A	1	8	58	1.0	80	131.6	0.9231	30.0	26.8	1.0	199.5	190.5	CALLABLE_BOTH	NA	NA	NO	NO	NO	NA	NA
HPL00039	REPEAT_ONLY	INTERGENIC_OTHER	A	1	8	58	0.0	0	131.6	0.0	0	26.8	0.0	0	190.5	UNCALLABLE_BOTH	NA	NA	NO	NO	NO	NA	NA
HPL00040	REPEAT_ONLY	CDS	A	1	8	58	1.0	93	131.6	1.0	23	26.8	1.0	192.0	190.5	CALLABLE_BOTH	NA	NA	NO	NO	NO	NA	NA
HPL00041	REPEAT_ONLY	CDS	A	1	8	58	0.8718	46.5	131.6	0.3077	25.0	26.8	1.0	173.0	190.5	PLATFORM_CONFOUNDED_CALLABILITY	0.879	YES	NO	NO	NO	NA	NA
HPL00042	REPEAT_ONLY	CDS	A	1	8	58	0.8462	26	131.6	1.0	20	26.8	1.0	142.5	190.5	CALLABLE_BOTH	0.596	NO	NO	NO	NO	NA	NA
HPL00043	REPEAT_ONLY	CDS	A	1	8	58	1.0	82	131.6	0.9231	28.0	26.8	1.0	207.5	190.5	CALLABLE_BOTH	NA	NA	NO	NO	NO	NA	NA
HPL00044	REPEAT_ONLY	PROMOTER_OR_INTERGENIC_UPSTREAM	A	1	8	58	0.9744	72.0	131.6	0.6154	27.5	26.8	0.1667	122	190.5	PARTIAL	0.508	NO	NO	NO	NO	NA	NA
HPL00045	STRONG_PV_CANDIDATE	CDS	C	1	14	64	0.7436	55	127.8	0.3846	11	25.9	0.1667	25	178.2	PARTIAL	0.534	NO	NO	NO	NO	NA	NA
HPL00046	REPEAT_ONLY	CDS	AAC	3	12	62	0.9744	75.5	129.1	0.8462	21	26.2	1.0	189.0	182.3	CALLABLE_BOTH	NA	NA	NO	NO	NO	NA	NA
HPL00047	REPEAT_ONLY	CDS	A	1	8	58	0.9744	55.5	131.6	0.9231	21.5	26.8	1.0	159.5	190.5	CALLABLE_BOTH	NA	NA	NO	NO	NO	NA	NA
HPL00048	REPEAT_ONLY	CDS	A	1	8	58	0.0	0	131.6	0.0	0	26.8	0.0	0	190.5	UNCALLABLE_BOTH	NA	NA	NO	NO	NO	NA	NA
HPL00049	REPEAT_ONLY	CDS	A	1	8	58	0.9744	64.0	131.6	1.0	26	26.8	1.0	220.0	190.5	CALLABLE_BOTH	NA	NA	NO	NO	NO	NA	NA
HPL00050	REPEAT_ONLY	PROMOTER_OR_INTERGENIC_UPSTREAM	A	1	8	58	1.0	81	131.6	0.9231	24.0	26.8	1.0	235.5	190.5	CALLABLE_BOTH	NA	NA	NO	NO	NO	NA	NA
HPL00051	REPEAT_ONLY	CDS	A	1	8	58	0.9744	76.0	131.6	1.0	21	26.8	1.0	170.0	190.5	CALLABLE_BOTH	NA	NA	NO	NO	NO	NA	NA
HPL00052	REPEAT_ONLY	CDS	A	1	8	58	0.0	0	131.6	0.1538	86.5	26.8	1.0	175.0	190.5	PLATFORM_CONFOUNDED_CALLABILITY	0.828	YES	NO	NO	NO	NA	NA
HPL00053	REPEAT_ONLY	CDS	A	1	8	58	0.9744	87.5	131.6	1.0	24	26.8	1.0	191.5	190.5	CALLABLE_BOTH	NA	NA	NO	NO	NO	NA	NA
HPL00054	REPEAT_ONLY	CDS	A	1	8	58	1.0	93	131.6	0.3077	20.0	26.8	0.1667	183	190.5	PARTIAL	0.614	NO	NO	NO	NO	NA	NA
HPL00055	REPEAT_ONLY	CDS	A	1	8	58	1.0	70	131.6	0.7692	23.5	26.8	0.8333	202	190.5	PARTIAL	NA	NA	NO	NO	NO	NA	NA
HPL00056	REPEAT_ONLY	CDS	A	1	9	59	1.0	103	131.0	0.8462	21	26.6	1.0	153.0	188.4	CALLABLE_BOTH	NA	NA	NO	NO	NO	NA	NA
HPL00057	REPEAT_ONLY	CDS	ATC	3	12	62	0.0	0	129.1	0.0	0	26.2	0.0	0	182.3	UNCALLABLE_BOTH	NA	NA	NO	NO	NO	NA	NA
HPL00058	STRONG_PV_CANDIDATE	CDS	AG	2	23	73	0.9487	50	122.0	0.8462	14	24.7	1.0	176.0	159.7	CALLABLE_BOTH	NA	NA	NO	NO	NO	NA	NA
HPL00059	STRONG_PV_CANDIDATE	PROMOTER_OR_INTERGENIC_UPSTREAM	A	1	11	61	0.0	0	129.7	0.0	0	26.4	0.0	0	184.3	UNCALLABLE_BOTH	NA	NA	NO	NO	NO	NA	NA
HPL00060	REPEAT_ONLY	CDS	AT	2	11	61	0.0	0	129.7	0.3077	21.0	26.4	0.0	0	184.3	PARTIAL	NA	NA	NO	NO	NO	0.0	1.0
HPL00061	STRONG_PV_CANDIDATE	CDS	C	1	12	62	0.9744	55.0	129.1	0.6154	26.5	26.2	0.3333	20.0	182.3	PARTIAL	0.573	NO	NO	NO	NO	NA	NA
HPL00062	REPEAT_ONLY	PROMOTER_OR_INTERGENIC_UPSTREAM	A	1	9	59	0.0	0	131.0	0.1538	23.5	26.6	0.0	0	188.4	UNCALLABLE_BOTH	NA	NA	NO	NO	NO	NA	NA
HPL00063	REPEAT_ONLY	CDS	AAG	3	12	62	1.0	77	129.1	1.0	24	26.2	1.0	219.5	182.3	CALLABLE_BOTH	NA	NA	NO	NO	NO	NA	NA
HPL00064	REPEAT_ONLY	PROMOTER_OR_INTERGENIC_UPSTREAM	A	1	8	58	0.8974	39	131.6	0.6154	20.5	26.8	1.0	161.0	190.5	PARTIAL	0.842	YES	NO	NO	NO	1.0	1.0
HPL00065	REPEAT_ONLY	CDS	ACC	3	12	62	0.9487	53	129.1	1.0	16	26.2	1.0	174.5	182.3	CALLABLE_BOTH	NA	NA	NO	NO	NO	NA	NA
HPL00066	REPEAT_ONLY	PROMOTER_OR_INTERGENIC_UPSTREAM	A	1	8	58	0.0	0	131.6	0.0769	30	26.8	0.0	0	190.5	UNCALLABLE_BOTH	NA	NA	NO	NO	NO	NA	NA
HPL00067	STRONG_PV_CANDIDATE	PROMOTER_OR_INTERGENIC_UPSTREAM	A	1	14	64	0.2564	31.5	127.8	0.2308	21	25.9	0.8333	36	178.2	PLATFORM_CONFOUNDED_CALLABILITY	0.531	NO	NO	NO	NO	NA	NA
HPL00068	STRONG_PV_CANDIDATE	PROMOTER_OR_INTERGENIC_UPSTREAM	A	1	8	58	1.0	65	131.6	0.5714	16.5	26.8	1.0	239.5	190.5	PARTIAL	NA	NA	NO	NO	NO	NA	NA
HPL00070	REPEAT_ONLY	CDS	AAG	3	12	62	1.0	105	129.1	1.0	19	26.2	1.0	188.5	182.3	CALLABLE_BOTH	NA	NA	NO	NO	NO	1.0	1.0
HPL00071	REPEAT_ONLY	CDS	A	1	8	58	1.0	73	131.6	0.9231	22.5	26.8	1.0	211.5	190.5	CALLABLE_BOTH	NA	NA	NO	NO	NO	NA	NA
HPL00072	REPEAT_ONLY	CDS	A	1	8	58	1.0	63	131.6	1.0	26	26.8	1.0	217.5	190.5	CALLABLE_BOTH	NA	NA	NO	NO	NO	NA	NA
HPL00073	REPEAT_ONLY	CDS	A	1	8	58	1.0	85	131.6	1.0	24	26.8	1.0	166.0	190.5	CALLABLE_BOTH	NA	NA	NO	NO	NO	NA	NA
HPL00074	REPEAT_ONLY	CDS	A	1	8	58	0.9744	77.5	131.6	1.0	24	26.8	1.0	178.0	190.5	CALLABLE_BOTH	NA	NA	NO	NO	NO	NA	NA
HPL00075	STRONG_PV_CANDIDATE	PROMOTER_OR_INTERGENIC_UPSTREAM	A	1	9	59	1.0	88	131.0	0.6923	26	26.6	0.8333	171	188.4	PARTIAL	0.704	NO	NO	NO	NO	NA	NA
HPL00076	REPEAT_ONLY	CDS	A	1	8	58	1.0	62	131.6	0.9231	20.5	26.8	1.0	238.5	190.5	CALLABLE_BOTH	NA	NA	NO	NO	NO	NA	NA
HPL00077	REPEAT_ONLY	CDS	A	1	8	58	1.0	51	131.6	1.0	23	26.8	1.0	204.5	190.5	CALLABLE_BOTH	NA	NA	NO	NO	NO	NA	NA
HPL00078	REPEAT_ONLY	CDS	A	1	8	58	0.0	0	131.6	0.3077	21.0	26.8	1.0	213.0	190.5	PLATFORM_CONFOUNDED_CALLABILITY	0.62	NO	NO	NO	NO	NA	NA
HPL00079	REPEAT_ONLY	CDS	A	1	8	58	0.9744	75.5	131.6	0.9231	22.5	26.8	1.0	176.0	190.5	CALLABLE_BOTH	NA	NA	NO	NO	NO	NA	NA
HPL00080	REPEAT_ONLY	CDS	A	1	8	58	1.0	57	131.6	1.0	22	26.8	1.0	178.0	190.5	CALLABLE_BOTH	NA	NA	NO	NO	NO	NA	NA
HPL00081	REPEAT_ONLY	CDS	A	1	8	58	0.0	0	131.6	0.0769	20	26.8	0.0	0	190.5	UNCALLABLE_BOTH	NA	NA	NO	NO	NO	NA	NA
HPL00082	REPEAT_ONLY	CDS	A	1	8	58	0.0	0	131.6	0.0	0	26.8	0.0	0	190.5	UNCALLABLE_BOTH	NA	NA	NO	NO	NO	NA	NA
HPL00083	REPEAT_ONLY	CDS	ATC	3	13	63	0.9231	62.0	128.4	1.0	23	26.1	0.8333	186	180.2	CALLABLE_BOTH	NA	NA	NO	NO	NO	1.0	1.0
HPL00084	REPEAT_ONLY	CDS	A	1	8	58	1.0	73	131.6	1.0	26	26.8	1.0	211.5	190.5	CALLABLE_BOTH	NA	NA	NO	NO	NO	NA	NA
HPL00085	REPEAT_ONLY	CDS	A	1	8	58	0.9744	57.5	131.6	1.0	21	26.8	1.0	204.5	190.5	CALLABLE_BOTH	NA	NA	NO	NO	NO	NA	NA
HPL00086	REPEAT_ONLY	INTERGENIC_OTHER	C	1	10	60	0.0	0	130.4	0.0769	13	26.5	0.0	0	186.4	UNCALLABLE_BOTH	NA	NA	NO	NO	NO	1.0	1.0
HPL00087	STRONG_PV_CANDIDATE	CDS	A	1	10	60	0.0	0	130.4	0.8571	21.5	26.5	1.0	179.0	186.4	CALLABLE_BOTH	NA	NA	NO	NO	NO	NA	NA
HPL00089	REPEAT_ONLY	CDS	A	1	8	58	1.0	102	131.6	1.0	16	26.8	1.0	154.5	190.5	CALLABLE_BOTH	NA	NA	NO	NO	NO	NA	NA
HPL00090	REPEAT_ONLY	CDS	A	1	8	58	1.0	113	131.6	0.9231	20.0	26.8	1.0	169.0	190.5	CALLABLE_BOTH	NA	NA	NO	NO	NO	NA	NA
HPL00091	REPEAT_ONLY	INTERGENIC_OTHER	A	1	9	59	0.0	0	131.0	0.0	0	26.6	0.0	0	188.4	UNCALLABLE_BOTH	NA	NA	NO	NO	NO	NA	NA
HPL00099	REPEAT_ONLY	CDS	A	1	8	58	1.0	80	131.6	1.0	21	26.8	1.0	218.0	190.5	CALLABLE_BOTH	NA	NA	NO	NO	NO	NA	NA
HPL00100	STRONG_PV_CANDIDATE	PROMOTER_OR_INTERGENIC_UPSTREAM	C	1	9	59	0.9487	50	131.0	0.3077	21.0	26.6	0.0	0	188.4	PARTIAL	0.601	NO	NO	NO	NO	1.0	1.0
HPL00101	REPEAT_ONLY	CDS	A	1	9	59	0.0	0	131.0	0.0769	18	26.6	0.0	0	188.4	UNCALLABLE_BOTH	NA	NA	NO	NO	NO	NA	NA
HPL00102	REPEAT_ONLY	CDS	A	1	18	68	1.0	85	125.2	1.0	20	25.4	1.0	161.5	170.0	CALLABLE_BOTH	NA	NA	NO	NO	NO	NA	NA
HPL00103	STRONG_PV_CANDIDATE	PROMOTER_OR_INTERGENIC_UPSTREAM	A	1	15	65	1.0	42	127.2	1.0	17	25.8	0.8333	158	176.1	CALLABLE_BOTH	NA	NA	NO	NO	NO	NA	NA
HPL00104	REPEAT_ONLY	CDS	A	1	8	58	1.0	57	131.6	0.6154	18.0	26.8	0.6667	186.5	190.5	PARTIAL	0.653	NO	NO	NO	NO	NA	NA
HPL00105	REPEAT_ONLY	CDS	A	1	8	58	1.0	98	131.6	1.0	21	26.8	1.0	195.0	190.5	CALLABLE_BOTH	NA	NA	NO	NO	NO	NA	NA
HPL00106	REPEAT_ONLY	CDS	A	1	8	58	1.0	67	131.6	0.6923	25	26.8	1.0	211.5	190.5	PARTIAL	NA	NA	NO	NO	NO	NA	NA
HPL00107	REPEAT_ONLY	CDS	A	1	8	58	0.9744	65.5	131.6	1.0	29	26.8	1.0	204.5	190.5	CALLABLE_BOTH	NA	NA	NO	NO	NO	NA	NA
HPL00108	REPEAT_ONLY	CDS	A	1	8	58	1.0	82	131.6	1.0	24	26.8	1.0	202.5	190.5	CALLABLE_BOTH	NA	NA	NO	NO	NO	NA	NA
HPL00109	REPEAT_ONLY	CDS	A	1	8	58	1.0	111	131.6	0.9231	19.5	26.8	1.0	223.0	190.5	CALLABLE_BOTH	NA	NA	NO	NO	NO	NA	NA
HPL00111	REPEAT_ONLY	CDS	A	1	8	58	0.9744	70.0	131.6	1.0	25	26.8	1.0	194.5	190.5	CALLABLE_BOTH	NA	NA	NO	NO	NO	NA	NA
HPL00112	REPEAT_ONLY	CDS	A	1	9	59	0.9744	64.5	131.0	0.9231	20.5	26.6	1.0	194.0	188.4	CALLABLE_BOTH	NA	NA	NO	NO	NO	NA	NA
HPL00113	REPEAT_ONLY	CDS	A	1	8	58	1.0	76	131.6	1.0	24	26.8	1.0	244.5	190.5	CALLABLE_BOTH	NA	NA	NO	NO	NO	NA	NA
HPL00114	REPEAT_ONLY	CDS	A	1	8	58	0.0	0	131.6	0.7692	19.0	26.8	1.0	149.5	190.5	PARTIAL	0.397	NO	NO	NO	NO	NA	NA
HPL00115	REPEAT_ONLY	CDS	A	1	8	58	0.0	0	131.6	0.1538	12.0	26.8	1.0	200.5	190.5	PLATFORM_CONFOUNDED_CALLABILITY	0.761	NO	NO	NO	NO	NA	NA
HPL00116	REPEAT_ONLY	CDS	A	1	8	58	0.9744	60.5	131.6	0.6154	21.0	26.8	1.0	182.0	190.5	PARTIAL	0.946	YES	NO	NO	NO	NA	NA
HPL00117	STRONG_PV_CANDIDATE	CDS	A	1	9	59	0.9744	76.0	131.0	1.0	21	26.6	1.0	158.5	188.4	CALLABLE_BOTH	NA	NA	NO	NO	NO	NA	NA
HPL00118	REPEAT_ONLY	CDS	A	1	8	58	1.0	82	131.6	0.9231	25.5	26.8	0.8333	180	190.5	CALLABLE_BOTH	NA	NA	NO	NO	NO	NA	NA
HPL00119	REPEAT_ONLY	CDS	A	1	8	58	1.0	68	131.6	0.6923	16	26.8	1.0	215.0	190.5	PARTIAL	NA	NA	NO	NO	NO	1.0	1.0
HPL00120	REPEAT_ONLY	CDS	A	1	8	58	1.0	85	131.6	1.0	21	26.8	1.0	127.5	190.5	CALLABLE_BOTH	NA	NA	NO	NO	NO	NA	NA
HPL00121	REPEAT_ONLY	CDS	A	1	8	58	1.0	86	131.6	1.0	22	26.8	1.0	187.0	190.5	CALLABLE_BOTH	NA	NA	NO	NO	NO	NA	NA
HPL00122	REPEAT_ONLY	CDS	AG	2	11	61	0.0	0	129.7	0.5385	19	26.4	0.1667	234	184.3	PARTIAL	0.189	NO	NO	NO	NO	NA	NA
HPL00123	REPEAT_ONLY	CDS	A	1	8	58	1.0	78	131.6	0.9231	22.0	26.8	1.0	214.5	190.5	CALLABLE_BOTH	NA	NA	NO	NO	NO	NA	NA
HPL00124	REPEAT_ONLY	INTERGENIC_OTHER	A	1	9	59	0.0	0	131.0	0.1538	12.0	26.6	1.0	150.5	188.4	PLATFORM_CONFOUNDED_CALLABILITY	0.756	NO	NO	NO	NO	NA	NA
HPL00125	REPEAT_ONLY	CDS	A	1	8	58	1.0	69	131.6	1.0	25	26.8	1.0	182.5	190.5	CALLABLE_BOTH	NA	NA	NO	NO	NO	NA	NA
HPL00126	REPEAT_ONLY	CDS	A	1	8	58	1.0	77	131.6	1.0	23	26.8	1.0	174.5	190.5	CALLABLE_BOTH	NA	NA	NO	NO	NO	NA	NA
HPL00127	REPEAT_ONLY	CDS	A	1	9	59	1.0	80	131.0	0.9231	21.5	26.6	1.0	178.0	188.4	CALLABLE_BOTH	NA	NA	NO	NO	NO	NA	NA
HPL00130	REPEAT_ONLY	CDS	A	1	8	58	0.0	0	131.6	0.0	0	26.8	0.0	0	190.5	UNCALLABLE_BOTH	NA	NA	NO	NO	NO	NA	NA
HPL00131	REPEAT_ONLY	CDS	A	1	8	58	0.0	0	131.6	0.0	0	26.8	0.0	0	190.5	UNCALLABLE_BOTH	NA	NA	NO	NO	NO	NA	NA
HPL00132	REPEAT_ONLY	CDS	A	1	8	58	0.0	0	131.6	0.0	0	26.8	0.0	0	190.5	UNCALLABLE_BOTH	NA	NA	NO	NO	NO	NA	NA
HPL00133	STRONG_PV_CANDIDATE	CDS	A	1	8	58	0.0	0	131.6	0.0	0	26.8	0.0	0	190.5	UNCALLABLE_BOTH	NA	NA	NO	NO	NO	NA	NA
HPL00134	REPEAT_ONLY	CDS	A	1	8	58	0.5897	43	131.6	0.2308	10	26.8	0.3333	82.0	190.5	PARTIAL	0.604	NO	NO	NO	NO	NA	NA
HPL00136	STRONG_PV_CANDIDATE	CDS	C	1	15	65	0.9744	36.0	127.2	0.0769	53	25.8	0.0	0	176.1	UNCALLABLE_BOTH	0.673	NO	NO	NO	NO	NA	NA
HPL00137	REPEAT_ONLY	CDS	A	1	8	58	1.0	66	131.6	0.6154	19.5	26.8	0.0	0	190.5	PLATFORM_CONFOUNDED_CALLABILITY	0.364	NO	NO	NO	NO	NA	NA
HPL00138	REPEAT_ONLY	CDS	A	1	8	58	0.9744	44.0	131.6	1.0	26	26.8	1.0	212.5	190.5	CALLABLE_BOTH	NA	NA	NO	NO	NO	NA	NA
HPL00139	REPEAT_ONLY	CDS	A	1	8	58	1.0	51	131.6	1.0	28	26.8	1.0	184.5	190.5	CALLABLE_BOTH	NA	NA	NO	NO	NO	NA	NA
HPL00140	REPEAT_ONLY	CDS	AGC	3	12	62	0.9744	51.5	129.1	1.0	20	26.2	0.5	127	182.3	PLATFORM_CONFOUNDED_CALLABILITY	NA	NA	NO	NO	NO	NA	NA
HPL00141	REPEAT_ONLY	CDS	A	1	8	58	0.9487	62	131.6	1.0	26	26.8	0.8333	160	190.5	CALLABLE_BOTH	NA	NA	NO	NO	NO	NA	NA
HPL00142	REPEAT_ONLY	CDS	A	1	9	59	0.8718	38.0	131.0	0.9231	19.5	26.6	0.1667	138	188.4	PLATFORM_CONFOUNDED_CALLABILITY	0.36	NO	NO	NO	NO	NA	NA
HPL00143	REPEAT_ONLY	CDS	A	1	8	58	1.0	74	131.6	1.0	22	26.8	1.0	152.0	190.5	CALLABLE_BOTH	NA	NA	NO	NO	NO	1.0	1.0
HPL00145	REPEAT_ONLY	CDS	A	1	8	58	1.0	43	131.6	0.6923	19	26.8	1.0	201.5	190.5	PARTIAL	NA	NA	NO	NO	NO	NA	NA
HPL00146	STRONG_PV_CANDIDATE	CDS	A	1	8	58	1.0	97	131.6	0.8462	16	26.8	1.0	220.5	190.5	CALLABLE_BOTH	NA	NA	NO	NO	NO	NA	NA
HPL00148	REPEAT_ONLY	CDS	A	1	8	58	1.0	70	131.6	0.8462	18	26.8	0.3333	193.5	190.5	PLATFORM_CONFOUNDED_CALLABILITY	0.311	NO	NO	NO	NO	NA	NA
HPL00149	REPEAT_ONLY	CDS	A	1	8	58	1.0	69	131.6	0.7692	18.5	26.8	1.0	222.0	190.5	PARTIAL	NA	NA	NO	NO	NO	NA	NA
HPL00150	REPEAT_ONLY	CDS	A	1	9	59	0.9744	76.0	131.0	0.9231	18.0	26.6	1.0	217.5	188.4	CALLABLE_BOTH	NA	NA	NO	NO	NO	NA	NA
HPL00151	REPEAT_ONLY	CDS	C	1	8	58	0.9231	73.5	131.6	0.4615	18.0	26.8	0.8333	214	190.5	PARTIAL	0.74	NO	NO	NO	NO	NA	NA
HPL00152	REPEAT_ONLY	CDS	A	1	8	58	0.8462	47	131.6	0.3077	12.5	26.8	0.0	0	190.5	PARTIAL	0.607	NO	NO	NO	NO	NA	NA
HPL00153	REPEAT_ONLY	CDS	A	1	8	58	1.0	62	131.6	0.2308	23	26.8	0.8333	197	190.5	PLATFORM_CONFOUNDED_CALLABILITY	0.874	YES	NO	NO	NO	NA	NA
HPL00154	REPEAT_ONLY	CDS	A	1	8	58	0.9744	65.5	131.6	0.9231	18.5	26.8	1.0	203.5	190.5	CALLABLE_BOTH	NA	NA	NO	NO	NO	NA	NA
HPL00155	REPEAT_ONLY	CDS	A	1	9	59	0.9744	62.5	131.0	1.0	24	26.6	1.0	172.0	188.4	CALLABLE_BOTH	NA	NA	NO	NO	NO	NA	NA
HPL00156	REPEAT_ONLY	CDS	A	1	8	58	1.0	90	131.6	0.8462	24	26.8	1.0	189.0	190.5	CALLABLE_BOTH	NA	NA	NO	NO	NO	NA	NA
HPL00157	REPEAT_ONLY	CDS	A	1	8	58	0.9744	82.0	131.6	0.9231	25.5	26.8	1.0	154.0	190.5	CALLABLE_BOTH	NA	NA	NO	NO	NO	NA	NA
HPL00158	REPEAT_ONLY	PROMOTER_OR_INTERGENIC_UPSTREAM	A	1	8	58	0.9744	59.5	131.6	0.7692	24.5	26.8	0.8333	206	190.5	PARTIAL	0.749	NO	NO	NO	NO	NA	NA
HPL00160	REPEAT_ONLY	CDS	A	1	8	58	NA	0	131.6	0.8333	32	26.8	1.0	196.5	190.5	CALLABLE_BOTH	NA	NA	NO	NO	NO	NA	NA
HPL00161	REPEAT_ONLY	CDS	A	1	8	58	1.0	72	131.6	0.9231	28.0	26.8	1.0	208.0	190.5	CALLABLE_BOTH	NA	NA	NO	NO	NO	NA	NA
HPL00162	REPEAT_ONLY	CDS	A	1	8	58	0.9744	67.0	131.6	0.9231	26.5	26.8	1.0	210.5	190.5	CALLABLE_BOTH	NA	NA	NO	NO	NO	NA	NA
HPL00163	REPEAT_ONLY	CDS	A	1	8	58	1.0	68	131.6	1.0	24	26.8	1.0	186.5	190.5	CALLABLE_BOTH	NA	NA	NO	NO	NO	NA	NA
HPL00164	REPEAT_ONLY	CDS	A	1	8	58	0.9744	69.5	131.6	1.0	21	26.8	0.5	156	190.5	PLATFORM_CONFOUNDED_CALLABILITY	NA	NA	NO	NO	NO	NA	NA
HPL00165	REPEAT_ONLY	CDS	A	1	8	58	0.9744	83.0	131.6	1.0	32	26.8	1.0	128.5	190.5	CALLABLE_BOTH	NA	NA	NO	NO	NO	NA	NA
HPL00166	REPEAT_ONLY	CDS	A	1	8	58	0.9487	65	131.6	1.0	16	26.8	1.0	69.5	190.5	CALLABLE_BOTH	NA	NA	NO	NO	NO	NA	NA
HPL00167	REPEAT_ONLY	PROMOTER_OR_INTERGENIC_UPSTREAM	A	1	9	59	0.9744	63.5	131.0	0.6923	19	26.6	0.0	0	188.4	PLATFORM_CONFOUNDED_CALLABILITY	0.423	NO	NO	NO	NO	NA	NA
HPL00168	STRONG_PV_CANDIDATE	PROMOTER_OR_INTERGENIC_UPSTREAM	A	1	14	64	0.0	0	127.8	0.0	0	25.9	0.0	0	178.2	UNCALLABLE_BOTH	NA	NA	NO	NO	NO	NA	NA
HPL00169	REPEAT_ONLY	CDS	A	1	8	58	1.0	73	131.6	1.0	21	26.8	1.0	183.0	190.5	CALLABLE_BOTH	NA	NA	NO	NO	NO	NA	NA
HPL00170	REPEAT_ONLY	CDS	A	1	8	58	NA	0	131.6	0.75	17	26.8	1.0	143	190.5	PARTIAL	NA	NA	NO	NO	NO	NA	NA
HPL00171	STRONG_PV_CANDIDATE	CDS	A	1	8	58	1.0	52	131.6	1.0	28	26.8	0.3333	169.0	190.5	PLATFORM_CONFOUNDED_CALLABILITY	NA	NA	NO	NO	NO	NA	NA
HPL00172	REPEAT_ONLY	CDS	A	1	8	58	0.8205	36.0	131.6	1.0	25	26.8	1.0	162.5	190.5	CALLABLE_BOTH	0.594	NO	NO	NO	NO	NA	NA
HPL00173	STRONG_PV_CANDIDATE	CDS	A	1	9	59	1.0	79	131.0	0.6154	15.5	26.6	1.0	164.0	188.4	PARTIAL	0.862	YES	NO	NO	NO	NA	NA
HPL00174	REPEAT_ONLY	CDS	A	1	8	58	1.0	85	131.6	0.9231	20.0	26.8	1.0	186.5	190.5	CALLABLE_BOTH	NA	NA	NO	NO	NO	NA	NA
HPL00175	REPEAT_ONLY	CDS	C	1	8	58	1.0	50	131.6	0.6154	19.5	26.8	0.0	0	190.5	PLATFORM_CONFOUNDED_CALLABILITY	0.452	NO	NO	NO	NO	1.0	1.0
HPL00176	STRONG_PV_CANDIDATE	CDS	C	1	8	58	0.8718	33.0	131.6	0.5385	15	26.8	0.8333	54	190.5	PARTIAL	0.774	NO	NO	NO	NO	NA	NA
HPL00177	STRONG_PV_CANDIDATE	CDS	A	1	10	60	1.0	56	130.4	1.0	20	26.5	1.0	174.5	186.4	CALLABLE_BOTH	NA	NA	NO	NO	NO	NA	NA
HPL00178	REPEAT_ONLY	CDS	A	1	8	58	1.0	68	131.6	0.9231	18.0	26.8	1.0	158.0	190.5	CALLABLE_BOTH	NA	NA	NO	NO	NO	NA	NA
HPL00179	STRONG_PV_CANDIDATE	PROMOTER_OR_INTERGENIC_UPSTREAM	A	1	8	58	1.0	71	131.6	0.6154	23.5	26.8	1.0	177.5	190.5	PARTIAL	0.879	YES	NO	NO	NO	1.0	1.0
HPL00180	REPEAT_ONLY	CDS	A	1	8	58	0.9744	37.5	131.6	0.8462	14	26.8	1.0	134.5	190.5	CALLABLE_BOTH	NA	NA	NO	NO	NO	NA	NA
HPL00181	REPEAT_ONLY	CDS	A	1	8	58	0.9744	49.5	131.6	0.8462	16	26.8	1.0	172.0	190.5	CALLABLE_BOTH	NA	NA	NO	NO	NO	NA	NA
HPL00182	REPEAT_ONLY	CDS	A	1	8	58	0.0	0	131.6	0.0	0	26.8	0.0	0	190.5	UNCALLABLE_BOTH	NA	NA	NO	NO	NO	NA	NA
HPL00183	REPEAT_ONLY	CDS	A	1	8	58	1.0	99	131.6	1.0	20	26.8	1.0	175.0	190.5	CALLABLE_BOTH	NA	NA	NO	NO	NO	NA	NA
HPL00184	REPEAT_ONLY	CDS	A	1	8	58	0.7692	19.0	131.6	0.3846	21	26.8	0.0	0	190.5	PARTIAL	0.557	NO	NO	NO	NO	NA	NA
HPL00185	REPEAT_ONLY	CDS	C	1	13	63	0.0	0	128.4	0.0	0	26.1	0.0	0	180.2	UNCALLABLE_BOTH	NA	NA	NO	NO	NO	NA	NA
HPL00186	REPEAT_ONLY	CDS	A	1	8	58	0.0	0	131.6	0.1538	36.5	26.8	0.5	65	190.5	PARTIAL	0.66	NO	NO	NO	NO	NA	NA
HPL00187	REPEAT_ONLY	CDS	A	1	9	59	1.0	76	131.0	1.0	20	26.6	1.0	230.5	188.4	CALLABLE_BOTH	NA	NA	NO	NO	NO	NA	NA
HPL00188	STRONG_PV_CANDIDATE	CDS	AAT	3	13	63	0.9487	44	128.4	0.6154	18.0	26.1	0.0	0	180.2	PLATFORM_CONFOUNDED_CALLABILITY	0.453	NO	NO	NO	NO	NA	NA
HPL00189	REPEAT_ONLY	CDS	A	1	8	58	1.0	57	131.6	0.8462	18	26.8	1.0	129.0	190.5	CALLABLE_BOTH	NA	NA	NO	NO	NO	NA	NA
HPL00190	STRONG_PV_CANDIDATE	PROMOTER_OR_INTERGENIC_UPSTREAM	A	1	15	65	1.0	47	127.2	0.4615	21.0	25.8	0.5	159	176.1	PARTIAL	0.655	NO	NO	NO	NO	NA	NA
HPL00191	REPEAT_ONLY	CDS	A	1	8	58	1.0	97	131.6	0.6923	17	26.8	0.8333	170	190.5	PARTIAL	0.67	NO	NO	NO	NO	NA	NA
HPL00192	REPEAT_ONLY	CDS	A	1	8	58	0.0	0	131.6	0.5385	11	26.8	0.5	107	190.5	PARTIAL	0.318	NO	NO	NO	NO	NA	NA
HPL00193	REPEAT_ONLY	CDS	A	1	8	58	0.8718	36.0	131.6	0.3077	18.0	26.8	0.0	0	190.5	PARTIAL	0.589	NO	NO	NO	NO	NA	NA
HPL00194	REPEAT_ONLY	CDS	A	1	9	59	0.0	0	131.0	0.7692	18.5	26.6	0.6667	82.5	188.4	PARTIAL	0.311	NO	NO	NO	NO	NA	NA
HPL00195	KNOWN_PV	CDS	AG	2	13	63	0.9487	43	128.4	1.0	17	26.1	0.6667	298.0	180.2	PARTIAL	NA	NA	NO	NO	NO	0.0	1.0
HPL00197	REPEAT_ONLY	CDS	C	1	8	58	0.9744	71.0	131.6	0.8462	13	26.8	1.0	143.5	190.5	CALLABLE_BOTH	NA	NA	NO	NO	NO	NA	NA
HPL00198	REPEAT_ONLY	CDS	A	1	8	58	1.0	63	131.6	1.0	21	26.8	1.0	194.0	190.5	CALLABLE_BOTH	NA	NA	NO	NO	NO	NA	NA
HPL00199	REPEAT_ONLY	CDS	A	1	8	58	1.0	75	131.6	1.0	20	26.8	1.0	200.5	190.5	CALLABLE_BOTH	NA	NA	NO	NO	NO	NA	NA
HPL00200	REPEAT_ONLY	CDS	A	1	8	58	0.0	0	131.6	0.0	0	26.8	0.1667	154	190.5	UNCALLABLE_BOTH	NA	NA	NO	NO	NO	NA	NA
HPL00201	STRONG_PV_CANDIDATE	CDS	A	1	9	59	1.0	60	131.0	0.6923	22	26.6	0.5	98	188.4	PARTIAL	0.521	NO	NO	NO	NO	NA	NA
HPL00202	STRONG_PV_CANDIDATE	CDS	A	1	9	59	0.9231	20.5	131.0	0.9231	18.5	26.6	1.0	200.0	188.4	CALLABLE_BOTH	NA	NA	NO	NO	NO	NA	NA
HPL00203	STRONG_PV_CANDIDATE	CDS	C	1	9	59	0.9487	63	131.0	1.0	22	26.6	1.0	185.0	188.4	CALLABLE_BOTH	NA	NA	NO	NO	NO	NA	NA
HPL00204	REPEAT_ONLY	CDS	A	1	8	58	1.0	85	131.6	1.0	22	26.8	1.0	194.5	190.5	CALLABLE_BOTH	NA	NA	NO	NO	NO	NA	NA
HPL00205	REPEAT_ONLY	CDS	C	1	8	58	0.8462	23	131.6	0.7692	17.0	26.8	0.1667	164	190.5	PLATFORM_CONFOUNDED_CALLABILITY	0.46	NO	NO	NO	NO	1.0	1.0
HPL00206	REPEAT_ONLY	CDS	A	1	8	58	1.0	96	131.6	1.0	20	26.8	1.0	207.5	190.5	CALLABLE_BOTH	NA	NA	NO	NO	NO	NA	NA
HPL00207	REPEAT_ONLY	INTERGENIC_OTHER	A	1	9	59	0.0	0	131.0	0.1538	14.0	26.6	0.3333	203.5	188.4	PARTIAL	NA	NA	NO	NO	NO	NA	NA
HPL00208	STRONG_PV_CANDIDATE	CDS	A	1	8	58	0.0	0	131.6	0.0	0	26.8	0.1667	187	190.5	UNCALLABLE_BOTH	NA	NA	NO	NO	NO	NA	NA
HPL00209	REPEAT_ONLY	CDS	A	1	8	58	1.0	81	131.6	1.0	20	26.8	1.0	186.5	190.5	CALLABLE_BOTH	NA	NA	NO	NO	NO	NA	NA
HPL00210	REPEAT_ONLY	CDS	A	1	8	58	1.0	92	131.6	1.0	19	26.8	1.0	193.5	190.5	CALLABLE_BOTH	NA	NA	NO	NO	NO	NA	NA
HPL00211	REPEAT_ONLY	CDS	A	1	8	58	1.0	63	131.6	1.0	21	26.8	1.0	163.0	190.5	CALLABLE_BOTH	NA	NA	NO	NO	NO	NA	NA
HPL00212	STRONG_PV_CANDIDATE	CDS	A	1	8	58	0.0256	14	131.6	0.1538	17.0	26.8	0.0	0	190.5	UNCALLABLE_BOTH	NA	NA	NO	NO	NO	1.0	1.0
HPL00213	REPEAT_ONLY	CDS	A	1	8	58	0.0	0	131.6	0.2308	16	26.8	0.0	0	190.5	PARTIAL	NA	NA	NO	NO	NO	NA	NA
HPL00214	REPEAT_ONLY	CDS	A	1	8	58	1.0	76	131.6	1.0	20	26.8	1.0	170.0	190.5	CALLABLE_BOTH	NA	NA	NO	NO	NO	NA	NA
HPL00215	REPEAT_ONLY	PROMOTER_OR_INTERGENIC_UPSTREAM	A	1	16	66	0.0	0	126.5	0.0	0	25.7	0.0	0	174.1	UNCALLABLE_BOTH	NA	NA	NO	NO	NO	NA	NA
HPL00217	REPEAT_ONLY	CDS	A	1	8	58	1.0	85	131.6	0.2308	17	26.8	0.0	0	190.5	PARTIAL	0.583	NO	NO	NO	NO	NA	NA
HPL00219	KNOWN_PV	PROMOTER_OR_INTERGENIC_UPSTREAM	A	1	14	64	0.0	0	127.8	0.0	0	25.9	0.0	0	178.2	UNCALLABLE_BOTH	NA	NA	NO	NO	NO	0.0	1.0
HPL00220	REPEAT_ONLY	CDS	A	1	8	58	0.0	0	131.6	0.5385	18	26.8	0.1667	218	190.5	PARTIAL	0.19	NO	NO	NO	NO	NA	NA
HPL00221	STRONG_PV_CANDIDATE	CDS	A	1	13	63	0.9744	32.5	128.4	0.0	0	26.1	0.3333	239.5	180.2	PARTIAL	0.769	NO	NO	NO	NO	1.0	1.0
HPL00222	REPEAT_ONLY	CDS	A	1	8	58	1.0	71	131.6	1.0	23	26.8	0.8333	205	190.5	CALLABLE_BOTH	NA	NA	NO	NO	NO	NA	NA
HPL00223	REPEAT_ONLY	CDS	A	1	8	58	0.9744	58.5	131.6	0.9231	20.5	26.8	0.8333	155	190.5	CALLABLE_BOTH	NA	NA	NO	NO	NO	NA	NA
HPL00224	REPEAT_ONLY	CDS	A	1	8	58	1.0	78	131.6	1.0	24	26.8	1.0	198.0	190.5	CALLABLE_BOTH	NA	NA	NO	NO	NO	NA	NA
HPL00225	REPEAT_ONLY	CDS	A	1	8	58	1.0	54	131.6	0.7692	19.0	26.8	0.3333	101.0	190.5	PARTIAL	0.417	NO	NO	NO	NO	NA	NA
HPL00226	STRONG_PV_CANDIDATE	CDS	AG	2	18	68	0.9744	69.5	125.2	0.7692	21.0	25.4	0.0	0	170.0	PLATFORM_CONFOUNDED_CALLABILITY	0.36	NO	NO	NO	NO	NA	NA
HPL00227	REPEAT_ONLY	CDS	A	1	8	58	1.0	81	131.6	1.0	25	26.8	1.0	267.0	190.5	CALLABLE_BOTH	NA	NA	NO	NO	NO	NA	NA
HPL00228	REPEAT_ONLY	CDS	A	1	8	58	1.0	59	131.6	0.8462	25	26.8	1.0	227.5	190.5	CALLABLE_BOTH	NA	NA	NO	NO	NO	NA	NA
HPL00229	REPEAT_ONLY	CDS	A	1	8	58	1.0	76	131.6	1.0	22	26.8	1.0	175.0	190.5	CALLABLE_BOTH	NA	NA	NO	NO	NO	NA	NA
HPL00230	REPEAT_ONLY	CDS	AAG	3	12	62	1.0	88	129.1	1.0	24	26.2	1.0	153.5	182.3	CALLABLE_BOTH	NA	NA	NO	NO	NO	NA	NA
HPL00231	REPEAT_ONLY	CDS	A	1	8	58	0.9487	61	131.6	1.0	23	26.8	1.0	163.5	190.5	CALLABLE_BOTH	NA	NA	NO	NO	NO	NA	NA
HPL00232	REPEAT_ONLY	CDS	A	1	8	58	1.0	80	131.6	1.0	21	26.8	1.0	192.5	190.5	CALLABLE_BOTH	NA	NA	NO	NO	NO	NA	NA
HPL00233	REPEAT_ONLY	CDS	A	1	8	58	0.0	0	131.6	0.0	0	26.8	0.0	0	190.5	UNCALLABLE_BOTH	NA	NA	NO	NO	NO	NA	NA
HPL00234	REPEAT_ONLY	CDS	A	1	8	58	1.0	66	131.6	0.9231	23.5	26.8	1.0	183.0	190.5	CALLABLE_BOTH	NA	NA	NO	NO	NO	NA	NA
HPL00235	REPEAT_ONLY	CDS	A	1	8	58	0.0	0	131.6	0.1538	37.0	26.8	1.0	199.0	190.5	PLATFORM_CONFOUNDED_CALLABILITY	0.784	NO	NO	NO	NO	NA	NA
HPL00236	REPEAT_ONLY	CDS	A	1	8	58	0.0	0	131.6	0.0	0	26.8	0.0	0	190.5	UNCALLABLE_BOTH	NA	NA	NO	NO	NO	NA	NA
HPL00237	REPEAT_ONLY	PROMOTER_OR_INTERGENIC_UPSTREAM	A	1	9	59	0.0	0	131.0	0.0	0	26.6	0.0	0	188.4	UNCALLABLE_BOTH	NA	NA	NO	NO	NO	NA	NA
HPL00238	STRONG_PV_CANDIDATE	PROMOTER_OR_INTERGENIC_UPSTREAM	C	1	11	61	0.9231	29.5	129.7	0.1538	25.0	26.4	0.0	0	184.3	UNCALLABLE_BOTH	0.673	NO	NO	NO	NO	1.0	1.0
HPL00239	REPEAT_ONLY	CDS	A	1	8	58	0.9744	57.5	131.6	0.9231	22.5	26.8	0.8333	154	190.5	CALLABLE_BOTH	NA	NA	NO	NO	NO	NA	NA
HPL00240	REPEAT_ONLY	CDS	A	1	8	58	0.9744	51.0	131.6	0.8462	17	26.8	0.1667	257	190.5	PLATFORM_CONFOUNDED_CALLABILITY	0.356	NO	NO	NO	NO	NA	NA
HPL00241	REPEAT_ONLY	CDS	A	1	8	58	1.0	79	131.6	1.0	21	26.8	1.0	155.0	190.5	CALLABLE_BOTH	NA	NA	NO	NO	NO	NA	NA
HPL00242	REPEAT_ONLY	CDS	A	1	8	58	1.0	79	131.6	0.9231	21.5	26.8	1.0	90.0	190.5	CALLABLE_BOTH	NA	NA	NO	NO	NO	NA	NA
HPL00243	REPEAT_ONLY	CDS	A	1	8	58	1.0	77	131.6	1.0	16	26.8	1.0	187.5	190.5	CALLABLE_BOTH	NA	NA	NO	NO	NO	NA	NA
HPL00244	REPEAT_ONLY	CDS	A	1	8	58	0.9744	62.5	131.6	1.0	21	26.8	1.0	207.0	190.5	CALLABLE_BOTH	NA	NA	NO	NO	NO	NA	NA
HPL00245	REPEAT_ONLY	CDS	A	1	8	58	1.0	82	131.6	0.9231	17.5	26.8	0.5	102	190.5	PARTIAL	NA	NA	NO	NO	NO	NA	NA
HPL00246	REPEAT_ONLY	CDS	A	1	8	58	0.0	0	131.6	1.0	14	26.8	0.8333	197	190.5	CALLABLE_BOTH	0.286	NO	NO	NO	NO	NA	NA
HPL00247	REPEAT_ONLY	CDS	A	1	8	58	1.0	77	131.6	1.0	21	26.8	1.0	206.5	190.5	CALLABLE_BOTH	NA	NA	NO	NO	NO	NA	NA
HPL00248	REPEAT_ONLY	CDS	A	1	8	58	0.0	0	131.6	0.0769	14	26.8	0.1667	227	190.5	UNCALLABLE_BOTH	NA	NA	NO	NO	NO	NA	NA
HPL00249	REPEAT_ONLY	CDS	A	1	8	58	0.9744	72.5	131.6	1.0	20	26.8	0.5	171	190.5	PLATFORM_CONFOUNDED_CALLABILITY	NA	NA	NO	NO	NO	NA	NA
HPL00250	REPEAT_ONLY	CDS	A	1	8	58	1.0	94	131.6	1.0	20	26.8	0.0	0	190.5	PLATFORM_CONFOUNDED_CALLABILITY	0.0	NO	NO	NO	NO	NA	NA
HPL00251	REPEAT_ONLY	CDS	A	1	8	58	1.0	74	131.6	1.0	24	26.8	1.0	198.0	190.5	CALLABLE_BOTH	NA	NA	NO	NO	NO	NA	NA
HPL00252	REPEAT_ONLY	CDS	A	1	8	58	1.0	72	131.6	1.0	20	26.8	0.5	169	190.5	PLATFORM_CONFOUNDED_CALLABILITY	NA	NA	NO	NO	NO	NA	NA
HPL00253	REPEAT_ONLY	CDS	A	1	8	58	1.0	79	131.6	1.0	19	26.8	1.0	91.0	190.5	CALLABLE_BOTH	NA	NA	NO	NO	NO	NA	NA
HPL00254	REPEAT_ONLY	CDS	A	1	8	58	1.0	75	131.6	1.0	24	26.8	0.1667	138	190.5	PLATFORM_CONFOUNDED_CALLABILITY	0.004	NO	NO	NO	NO	NA	NA
HPL00255	REPEAT_ONLY	CDS	A	1	8	58	0.9231	35.5	131.6	0.9231	18.5	26.8	1.0	187.0	190.5	CALLABLE_BOTH	NA	NA	NO	NO	NO	NA	NA
HPL00256	STRONG_PV_CANDIDATE	PROMOTER_OR_INTERGENIC_UPSTREAM	AAAT	4	16	66	0.0	0	126.5	0.3846	26	25.7	0.0	0	174.1	PARTIAL	0.104	NO	NO	NO	NO	1.0	1.0
HPL00257	REPEAT_ONLY	INTERGENIC_OTHER	A	1	14	64	0.9231	28.5	127.8	0.3846	11	25.9	0.5	107	178.2	PARTIAL	0.675	NO	NO	NO	NO	NA	NA
HPL00258	STRONG_PV_CANDIDATE	CDS	A	1	8	58	0.9744	41.5	131.6	0.6154	24.0	26.8	0.5	182	190.5	PARTIAL	0.622	NO	NO	NO	NO	NA	NA
HPL00259	REPEAT_ONLY	CDS	A	1	8	58	1.0	76	131.6	0.9231	27.0	26.8	1.0	194.5	190.5	CALLABLE_BOTH	NA	NA	NO	NO	NO	NA	NA
HPL00260	REPEAT_ONLY	INTERGENIC_OTHER	A	1	8	58	0.0	0	131.6	0.0	0	26.8	0.0	0	190.5	UNCALLABLE_BOTH	NA	NA	NO	NO	NO	NA	NA
HPL00261	REPEAT_ONLY	CDS	A	1	8	58	1.0	92	131.6	0.9231	19.0	26.8	0.6667	184.0	190.5	PARTIAL	NA	NA	NO	NO	NO	NA	NA
HPL00262	REPEAT_ONLY	CDS	A	1	8	58	1.0	73	131.6	0.9231	24.0	26.8	1.0	195.0	190.5	CALLABLE_BOTH	NA	NA	NO	NO	NO	NA	NA
HPL00263	STRONG_PV_CANDIDATE	CDS	A	1	8	58	0.0	0	131.6	0.0	0	26.8	0.5	264	190.5	PLATFORM_CONFOUNDED_CALLABILITY	NA	NA	NO	NO	NO	NA	NA
HPL00264	REPEAT_ONLY	CDS	A	1	8	58	1.0	83	131.6	0.3846	12	26.8	0.8333	158	190.5	PARTIAL	0.811	YES	NO	NO	NO	NA	NA
HPL00265	REPEAT_ONLY	PROMOTER_OR_INTERGENIC_UPSTREAM	A	1	12	62	0.0	0	129.1	0.0	0	26.2	0.0	0	182.3	UNCALLABLE_BOTH	NA	NA	NO	NO	NO	NA	NA
HPL00266	REPEAT_ONLY	CDS	AG	2	11	61	0.0	0	129.7	0.0	0	26.4	0.0	0	184.3	UNCALLABLE_BOTH	NA	NA	NO	NO	NO	1.0	0.0
HPL00267	REPEAT_ONLY	CDS	A	1	8	58	0.9744	51.5	131.6	0.9231	25.0	26.8	1.0	160.0	190.5	CALLABLE_BOTH	NA	NA	NO	NO	NO	NA	NA
HPL00268	REPEAT_ONLY	CDS	A	1	8	58	0.0	0	131.6	0.0	0	26.8	0.0	0	190.5	UNCALLABLE_BOTH	NA	NA	NO	NO	NO	NA	NA
HPL00269	REPEAT_ONLY	CDS	A	1	8	58	0.0	0	131.6	0.0	0	26.8	0.0	0	190.5	UNCALLABLE_BOTH	NA	NA	NO	NO	NO	NA	NA
HPL00270	REPEAT_ONLY	CDS	A	1	8	58	1.0	75	131.6	0.8462	21	26.8	1.0	150.0	190.5	CALLABLE_BOTH	NA	NA	NO	NO	NO	NA	NA
HPL00271	STRONG_PV_CANDIDATE	PROMOTER_OR_INTERGENIC_UPSTREAM	A	1	16	66	0.1026	9.0	126.5	0.0769	12	25.7	0.3333	94.5	174.1	PARTIAL	0.601	NO	NO	NO	NO	NA	NA
HPL00272	REPEAT_ONLY	CDS	A	1	8	58	0.0	0	131.6	0.0	0	26.8	0.0	0	190.5	UNCALLABLE_BOTH	NA	NA	NO	NO	NO	NA	NA
HPL00273	REPEAT_ONLY	CDS	A	1	8	58	0.9744	67.0	131.6	0.7692	20.0	26.8	1.0	203.5	190.5	PARTIAL	NA	NA	NO	NO	NO	NA	NA
HPL00274	REPEAT_ONLY	CDS	A	1	8	58	1.0	61	131.6	0.6923	13	26.8	1.0	206.0	190.5	PARTIAL	NA	NA	NO	NO	NO	NA	NA
HPL00275	REPEAT_ONLY	CDS	A	1	8	58	1.0	74	131.6	0.6923	28	26.8	1.0	173.0	190.5	PARTIAL	NA	NA	NO	NO	NO	1.0	1.0
HPL00276	REPEAT_ONLY	CDS	A	1	8	58	1.0	81	131.6	1.0	23	26.8	1.0	223.0	190.5	CALLABLE_BOTH	NA	NA	NO	NO	NO	NA	NA
HPL00277	REPEAT_ONLY	CDS	A	1	8	58	1.0	92	131.6	1.0	20	26.8	1.0	213.0	190.5	CALLABLE_BOTH	NA	NA	NO	NO	NO	NA	NA
HPL00285	STRONG_PV_CANDIDATE	CDS	AG	2	23	73	0.1282	13	122.0	0.0769	13	24.7	0.0	0	159.7	UNCALLABLE_BOTH	0.655	NO	NO	NO	NO	1.0	0.0
HPL00287	REPEAT_ONLY	CDS	A	1	8	58	0.0	0	131.6	0.3846	15	26.8	1.0	199.0	190.5	PLATFORM_CONFOUNDED_CALLABILITY	0.565	NO	NO	NO	NO	NA	NA
HPL00288	REPEAT_ONLY	CDS	A	1	8	58	1.0	73	131.6	0.9231	20.0	26.8	1.0	126.5	190.5	CALLABLE_BOTH	NA	NA	NO	NO	NO	NA	NA
HPL00289	REPEAT_ONLY	CDS	A	1	9	59	1.0	66	131.0	0.6923	20	26.6	0.6667	88.5	188.4	PARTIAL	0.599	NO	NO	NO	NO	NA	NA
HPL00290	REPEAT_ONLY	CDS	A	1	8	58	1.0	73	131.6	0.9231	21.0	26.8	1.0	161.5	190.5	CALLABLE_BOTH	NA	NA	NO	NO	NO	NA	NA
HPL00291	REPEAT_ONLY	CDS	C	1	8	58	0.9744	61.5	131.6	1.0	24	26.8	1.0	169.5	190.5	CALLABLE_BOTH	NA	NA	NO	NO	NO	NA	NA
HPL00292	REPEAT_ONLY	CDS	A	1	8	58	0.0	0	131.6	0.3077	26.0	26.8	0.0	0	190.5	PARTIAL	NA	NA	NO	NO	NO	NA	NA
HPL00293	REPEAT_ONLY	CDS	A	1	8	58	0.9744	67.0	131.6	1.0	22	26.8	1.0	168.5	190.5	CALLABLE_BOTH	NA	NA	NO	NO	NO	NA	NA
HPL00294	REPEAT_ONLY	INTERGENIC_OTHER	A	1	13	63	0.9744	35.0	128.4	0.3846	9	26.1	0.5	104	180.2	PARTIAL	0.671	NO	NO	NO	NO	1.0	1.0
HPL00295	STRONG_PV_CANDIDATE	PROMOTER_OR_INTERGENIC_UPSTREAM	A	1	13	63	0.7436	31	128.4	0.5385	19	26.1	0.0	0	180.2	PLATFORM_CONFOUNDED_CALLABILITY	0.44	NO	NO	NO	NO	NA	NA
HPL00296	STRONG_PV_CANDIDATE	CDS	AAG	3	14	64	1.0	44	127.8	0.3846	20	25.9	1.0	165.5	178.2	PLATFORM_CONFOUNDED_CALLABILITY	0.961	YES	NO	NO	NO	1.0	0.0
HPL00297	REPEAT_ONLY	CDS	A	1	8	58	1.0	90	131.6	0.8462	25	26.8	1.0	220.0	190.5	CALLABLE_BOTH	NA	NA	NO	NO	NO	NA	NA
HPL00298	REPEAT_ONLY	CDS	C	1	9	59	0.8718	40.5	131.0	0.7692	18.0	26.6	0.8333	200	188.4	PARTIAL	0.732	NO	NO	NO	NO	NA	NA
HPL00299	REPEAT_ONLY	CDS	ACC	3	12	62	0.9487	79	129.1	0.9231	20.0	26.2	1.0	194.0	182.3	CALLABLE_BOTH	NA	NA	NO	NO	NO	NA	NA
HPL00301	REPEAT_ONLY	CDS	A	1	8	58	0.9744	67.0	131.6	1.0	18	26.8	1.0	192.5	190.5	CALLABLE_BOTH	NA	NA	NO	NO	NO	NA	NA
HPL00302	REPEAT_ONLY	CDS	A	1	8	58	0.9744	71.0	131.6	0.9231	22.5	26.8	1.0	216.0	190.5	CALLABLE_BOTH	NA	NA	NO	NO	NO	NA	NA
HPL00303	REPEAT_ONLY	CDS	A	1	8	58	1.0	83	131.6	1.0	25	26.8	1.0	175.5	190.5	CALLABLE_BOTH	NA	NA	NO	NO	NO	NA	NA
HPL00304	REPEAT_ONLY	CDS	A	1	8	58	0.9487	70	131.6	0.9231	23.5	26.8	1.0	195.0	190.5	CALLABLE_BOTH	NA	NA	NO	NO	NO	NA	NA
HPL00305	REPEAT_ONLY	PROMOTER_OR_INTERGENIC_UPSTREAM	A	1	8	58	0.9744	62.5	131.6	0.9231	24.0	26.8	1.0	171.5	190.5	CALLABLE_BOTH	NA	NA	NO	NO	NO	NA	NA
HPL00306	REPEAT_ONLY	CDS	A	1	8	58	1.0	68	131.6	1.0	21	26.8	0.8333	193	190.5	CALLABLE_BOTH	NA	NA	NO	NO	NO	NA	NA
HPL00307	REPEAT_ONLY	CDS	A	1	8	58	0.0	0	131.6	0.0	0	26.8	0.0	0	190.5	UNCALLABLE_BOTH	NA	NA	NO	NO	NO	0.0	0.0
HPL00308	REPEAT_ONLY	CDS	A	1	8	58	0.0	0	131.6	0.3846	25	26.8	1.0	222.5	190.5	PLATFORM_CONFOUNDED_CALLABILITY	0.567	NO	NO	NO	NO	NA	NA
HPL00309	REPEAT_ONLY	CDS	A	1	8	58	0.0	0	131.6	0.0	0	26.8	0.0	0	190.5	UNCALLABLE_BOTH	NA	NA	NO	NO	NO	NA	NA
HPL00310	STRONG_PV_CANDIDATE	PROMOTER_OR_INTERGENIC_UPSTREAM	AG	2	19	69	0.0	0	124.6	0.5385	14	25.2	0.5	250	167.9	PARTIAL	0.319	NO	NO	NO	NO	1.0	0.0
HPL00311	REPEAT_ONLY	CDS	A	1	8	58	1.0	69	131.6	0.9231	26.5	26.8	1.0	202.0	190.5	CALLABLE_BOTH	NA	NA	NO	NO	NO	NA	NA
HPL00312	REPEAT_ONLY	CDS	ACC	3	13	63	1.0	61	128.4	1.0	18	26.1	1.0	173.5	180.2	CALLABLE_BOTH	NA	NA	NO	NO	NO	NA	NA
HPL00313	REPEAT_ONLY	CDS	A	1	8	58	0.9744	57.0	131.6	0.9231	20.0	26.8	1.0	221.0	190.5	CALLABLE_BOTH	NA	NA	NO	NO	NO	NA	NA
HPL00314	REPEAT_ONLY	CDS	A	1	8	58	1.0	78	131.6	1.0	18	26.8	1.0	169.5	190.5	CALLABLE_BOTH	NA	NA	NO	NO	NO	NA	NA
HPL00315	REPEAT_ONLY	INTERGENIC_OTHER	A	1	8	58	0.0	0	131.6	0.0	0	26.8	0.0	0	190.5	UNCALLABLE_BOTH	NA	NA	NO	NO	NO	NA	NA
HPL00316	REPEAT_ONLY	CDS	A	1	9	59	0.0	0	131.0	0.0	0	26.6	0.3333	237.5	188.4	PARTIAL	NA	NA	NO	NO	NO	NA	NA
HPL00317	REPEAT_ONLY	CDS	A	1	8	58	0.0	0	131.6	0.0	0	26.8	0.0	0	190.5	UNCALLABLE_BOTH	NA	NA	NO	NO	NO	NA	NA
HPL00318	REPEAT_ONLY	CDS	A	1	8	58	0.7179	60.5	131.6	0.3846	12	26.8	0.0	0	190.5	PARTIAL	0.452	NO	NO	NO	NO	NA	NA
HPL00319	STRONG_PV_CANDIDATE	CDS	A	1	9	59	0.7179	75.0	131.0	0.3077	33.0	26.6	0.0	0	188.4	PARTIAL	0.486	NO	NO	NO	NO	NA	NA
HPL00320	REPEAT_ONLY	INTERGENIC_OTHER	A	1	9	59	0.0	0	131.0	0.0	0	26.6	0.0	0	188.4	UNCALLABLE_BOTH	NA	NA	NO	NO	NO	NA	NA
HPL00321	REPEAT_ONLY	INTERGENIC_OTHER	A	1	9	59	0.0	0	131.0	0.3077	18.0	26.6	0.0	0	188.4	PARTIAL	NA	NA	NO	NO	NO	NA	NA
HPL00322	REPEAT_ONLY	CDS	A	1	8	58	0.6667	44.5	131.6	0.4615	25.5	26.8	0.3333	215.5	190.5	PARTIAL	0.539	NO	NO	NO	NO	NA	NA
HPL00323	REPEAT_ONLY	PROMOTER_OR_INTERGENIC_UPSTREAM	AT	2	11	61	0.0	0	129.7	0.0	0	26.4	0.0	0	184.3	UNCALLABLE_BOTH	NA	NA	NO	NO	NO	0.0	0.0
HPL00325	REPEAT_ONLY	CDS	A	1	8	58	1.0	59	131.6	1.0	22	26.8	1.0	190.5	190.5	CALLABLE_BOTH	NA	NA	NO	NO	NO	NA	NA
HPL00329	REPEAT_ONLY	CDS	A	1	8	58	0.9744	64.0	131.6	1.0	24	26.8	1.0	196.5	190.5	CALLABLE_BOTH	NA	NA	NO	NO	NO	NA	NA
HPL00330	REPEAT_ONLY	CDS	C	1	8	58	0.9487	39	131.6	0.9231	16.0	26.8	1.0	195.5	190.5	CALLABLE_BOTH	NA	NA	NO	NO	NO	NA	NA
HPL00331	REPEAT_ONLY	CDS	A	1	8	58	0.0	0	131.6	0.3077	28.5	26.8	1.0	175.5	190.5	PLATFORM_CONFOUNDED_CALLABILITY	0.65	NO	NO	NO	NO	NA	NA
HPL00332	REPEAT_ONLY	CDS	A	1	8	58	1.0	64	131.6	1.0	21	26.8	1.0	177.5	190.5	CALLABLE_BOTH	NA	NA	NO	NO	NO	NA	NA
HPL00333	REPEAT_ONLY	CDS	A	1	8	58	0.8718	41.0	131.6	0.9231	19.0	26.8	1.0	214.0	190.5	CALLABLE_BOTH	0.702	NO	NO	NO	NO	NA	NA
HPL00334	REPEAT_ONLY	CDS	A	1	9	59	0.7949	20	131.0	0.5385	14	26.6	0.3333	81.0	188.4	PARTIAL	0.567	NO	NO	NO	NO	NA	NA
HPL00335	REPEAT_ONLY	CDS	A	1	8	58	0.0	0	131.6	0.0	0	26.8	0.0	0	190.5	UNCALLABLE_BOTH	NA	NA	NO	NO	NO	NA	NA
HPL00336	REPEAT_ONLY	CDS	A	1	8	58	0.0	0	131.6	0.4615	28.0	26.8	1.0	142.0	190.5	PLATFORM_CONFOUNDED_CALLABILITY	0.567	NO	NO	NO	NO	NA	NA
HPL00337	REPEAT_ONLY	CDS	A	1	8	58	0.9744	74.5	131.6	1.0	20	26.8	1.0	224.0	190.5	CALLABLE_BOTH	NA	NA	NO	NO	NO	NA	NA
HPL00338	REPEAT_ONLY	CDS	A	1	8	58	1.0	77	131.6	0.8462	21	26.8	1.0	201.0	190.5	CALLABLE_BOTH	NA	NA	NO	NO	NO	NA	NA
HPL00339	REPEAT_ONLY	CDS	A	1	8	58	0.0	0	131.6	0.4615	22.0	26.8	1.0	182.5	190.5	PLATFORM_CONFOUNDED_CALLABILITY	0.525	NO	NO	NO	NO	NA	NA
HPL00340	STRONG_PV_CANDIDATE	CDS	AAG	3	12	62	1.0	61	129.1	0.9231	22.0	26.2	0.5	107	182.3	PARTIAL	NA	NA	NO	NO	NO	1.0	1.0
HPL00341	REPEAT_ONLY	CDS	A	1	8	58	1.0	80	131.6	0.9231	24.0	26.8	0.8333	220	190.5	CALLABLE_BOTH	NA	NA	NO	NO	NO	NA	NA
HPL00342	REPEAT_ONLY	CDS	A	1	8	58	1.0	76	131.6	1.0	22	26.8	1.0	196.5	190.5	CALLABLE_BOTH	NA	NA	NO	NO	NO	NA	NA
HPL00343	REPEAT_ONLY	CDS	A	1	8	58	1.0	53	131.6	1.0	19	26.8	1.0	200.0	190.5	CALLABLE_BOTH	NA	NA	NO	NO	NO	NA	NA
HPL00344	REPEAT_ONLY	CDS	A	1	8	58	1.0	61	131.6	1.0	22	26.8	1.0	198.5	190.5	CALLABLE_BOTH	NA	NA	NO	NO	NO	NA	NA
HPL00345	REPEAT_ONLY	CDS	A	1	8	58	0.9744	64.0	131.6	0.8462	22	26.8	1.0	194.0	190.5	CALLABLE_BOTH	NA	NA	NO	NO	NO	NA	NA
HPL00346	STRONG_PV_CANDIDATE	CDS	A	1	8	58	0.8718	56.5	131.6	0.3077	28.0	26.8	0.3333	81.0	190.5	PARTIAL	0.701	NO	NO	NO	NO	NA	NA
HPL00347	REPEAT_ONLY	CDS	A	1	8	58	1.0	90	131.6	0.6154	18.5	26.8	1.0	140.5	190.5	PARTIAL	0.891	YES	NO	NO	NO	NA	NA
HPL00348	REPEAT_ONLY	CDS	A	1	8	58	0.0	0	131.6	0.0	0	26.8	0.1667	193	190.5	UNCALLABLE_BOTH	NA	NA	NO	NO	NO	NA	NA
HPL00349	REPEAT_ONLY	CDS	A	1	8	58	1.0	69	131.6	0.5385	22	26.8	0.1667	96	190.5	PARTIAL	0.528	NO	NO	NO	NO	NA	NA
HPL00350	REPEAT_ONLY	CDS	A	1	9	59	1.0	69	131.0	0.9231	20.0	26.6	1.0	210.0	188.4	CALLABLE_BOTH	NA	NA	NO	NO	NO	NA	NA
HPL00351	REPEAT_ONLY	CDS	A	1	8	58	1.0	71	131.6	0.9231	21.0	26.8	1.0	176.5	190.5	CALLABLE_BOTH	NA	NA	NO	NO	NO	NA	NA
HPL00352	REPEAT_ONLY	PROMOTER_OR_INTERGENIC_UPSTREAM	A	1	8	58	0.0	0	131.6	0.4615	17.5	26.8	0.1667	173	190.5	PARTIAL	0.213	NO	NO	NO	NO	NA	NA
HPL00353	REPEAT_ONLY	CDS	A	1	8	58	0.9487	27	131.6	1.0	18	26.8	1.0	197.5	190.5	CALLABLE_BOTH	NA	NA	NO	NO	NO	NA	NA
HPL00354	REPEAT_ONLY	CDS	A	1	8	58	0.9744	57.0	131.6	0.6154	19.0	26.8	1.0	201.5	190.5	PARTIAL	0.901	YES	NO	NO	NO	NA	NA
HPL00355	REPEAT_ONLY	CDS	AAG	3	12	62	0.8718	36.5	129.1	0.3077	13.5	26.2	0.8333	173	182.3	PLATFORM_CONFOUNDED_CALLABILITY	0.822	YES	NO	NO	NO	NA	NA
HPL00356	REPEAT_ONLY	CDS	A	1	8	58	1.0	73	131.6	0.2308	16	26.8	1.0	188.5	190.5	PLATFORM_CONFOUNDED_CALLABILITY	0.948	YES	NO	NO	NO	NA	NA
HPL00357	REPEAT_ONLY	CDS	A	1	8	58	1.0	104	131.6	1.0	21	26.8	1.0	196.0	190.5	CALLABLE_BOTH	NA	NA	NO	NO	NO	NA	NA
HPL00358	REPEAT_ONLY	CDS	A	1	8	58	1.0	60	131.6	0.7692	20.5	26.8	1.0	186.5	190.5	PARTIAL	NA	NA	NO	NO	NO	NA	NA
HPL00359	STRONG_PV_CANDIDATE	PROMOTER_OR_INTERGENIC_UPSTREAM	A	1	15	65	0.0	0	127.2	0.3077	17.5	25.8	0.5	123	176.1	PARTIAL	0.468	NO	NO	NO	NO	NA	NA
HPL00360	REPEAT_ONLY	CDS	A	1	8	58	1.0	78	131.6	0.7692	24.0	26.8	0.8333	161	190.5	PARTIAL	NA	NA	NO	NO	NO	NA	NA
HPL00361	REPEAT_ONLY	CDS	A	1	8	58	1.0	113	131.6	1.0	21	26.8	1.0	192.0	190.5	CALLABLE_BOTH	NA	NA	NO	NO	NO	NA	NA
HPL00363	REPEAT_ONLY	CDS	A	1	8	58	0.9744	65.5	131.6	1.0	27	26.8	1.0	209.0	190.5	CALLABLE_BOTH	NA	NA	NO	NO	NO	NA	NA
HPL00364	REPEAT_ONLY	CDS	A	1	8	58	1.0	70	131.6	1.0	18	26.8	1.0	213.0	190.5	CALLABLE_BOTH	NA	NA	NO	NO	NO	NA	NA
HPL00365	REPEAT_ONLY	CDS	A	1	8	58	1.0	72	131.6	1.0	24	26.8	1.0	204.5	190.5	CALLABLE_BOTH	NA	NA	NO	NO	NO	NA	NA
HPL00366	REPEAT_ONLY	CDS	A	1	8	58	0.0	0	131.6	0.0769	22	26.8	0.0	0	190.5	UNCALLABLE_BOTH	NA	NA	NO	NO	NO	NA	NA
HPL00367	REPEAT_ONLY	CDS	A	1	8	58	0.0	0	131.6	0.0769	18	26.8	0.0	0	190.5	UNCALLABLE_BOTH	NA	NA	NO	NO	NO	NA	NA
HPL00368	REPEAT_ONLY	CDS	A	1	8	58	0.0	0	131.6	0.1538	27.0	26.8	1.0	250.0	190.5	PLATFORM_CONFOUNDED_CALLABILITY	0.774	NO	NO	NO	NO	NA	NA
HPL00369	REPEAT_ONLY	CDS	A	1	9	59	1.0	70	131.0	0.7692	18.0	26.6	1.0	161.0	188.4	PARTIAL	NA	NA	NO	NO	NO	NA	NA
HPL00370	REPEAT_ONLY	CDS	A	1	8	58	0.8205	44.5	131.6	0.9231	20.0	26.8	1.0	156.0	190.5	CALLABLE_BOTH	0.655	NO	NO	NO	NO	NA	NA
HPL00371	REPEAT_ONLY	CDS	A	1	8	58	1.0	70	131.6	0.9231	23.0	26.8	0.1667	136	190.5	PLATFORM_CONFOUNDED_CALLABILITY	0.157	NO	NO	NO	NO	NA	NA
HPL00372	REPEAT_ONLY	PROMOTER_OR_INTERGENIC_UPSTREAM	A	1	8	58	0.0	0	131.6	0.0	0	26.8	0.0	0	190.5	UNCALLABLE_BOTH	NA	NA	NO	NO	NO	NA	NA
HPL00373	REPEAT_ONLY	INTERGENIC_OTHER	A	1	9	59	0.0	0	131.0	0.1538	48.0	26.6	0.0	0	188.4	UNCALLABLE_BOTH	NA	NA	NO	NO	NO	NA	NA
HPL00374	REPEAT_ONLY	CDS	A	1	8	58	1.0	112	131.6	0.7692	22.5	26.8	0.8333	216	190.5	PARTIAL	NA	NA	NO	NO	NO	NA	NA
HPL00375	STRONG_PV_CANDIDATE	CDS	ACT	3	13	63	0.0	0	128.4	0.4615	12.5	26.1	0.1667	174	180.2	PARTIAL	0.211	NO	NO	NO	NO	0.0	1.0
HPL00376	REPEAT_ONLY	CDS	A	1	8	58	0.9744	63.0	131.6	1.0	22	26.8	1.0	202.5	190.5	CALLABLE_BOTH	NA	NA	NO	NO	NO	NA	NA
HPL00377	REPEAT_ONLY	CDS	A	1	8	58	1.0	87	131.6	1.0	22	26.8	1.0	203.5	190.5	CALLABLE_BOTH	NA	NA	NO	NO	NO	NA	NA
HPL00378	REPEAT_ONLY	CDS	A	1	8	58	1.0	77	131.6	1.0	21	26.8	1.0	217.0	190.5	CALLABLE_BOTH	NA	NA	NO	NO	NO	NA	NA
HPL00379	REPEAT_ONLY	CDS	A	1	8	58	1.0	101	131.6	1.0	21	26.8	1.0	221.5	190.5	CALLABLE_BOTH	NA	NA	NO	NO	NO	NA	NA
HPL00380	REPEAT_ONLY	PROMOTER_OR_INTERGENIC_UPSTREAM	A	1	8	58	1.0	64	131.6	0.9231	24.0	26.8	1.0	197.0	190.5	CALLABLE_BOTH	NA	NA	NO	NO	NO	1.0	1.0
HPL00381	REPEAT_ONLY	CDS	C	1	8	58	0.9744	57.5	131.6	0.9231	16.5	26.8	1.0	145.5	190.5	CALLABLE_BOTH	NA	NA	NO	NO	NO	NA	NA
HPL00382	REPEAT_ONLY	CDS	AAT	3	12	62	0.8974	49	129.1	1.0	21	26.2	1.0	210.5	182.3	CALLABLE_BOTH	NA	NA	NO	NO	NO	NA	NA
HPL00383	REPEAT_ONLY	CDS	A	1	8	58	1.0	94	131.6	1.0	28	26.8	1.0	202.5	190.5	CALLABLE_BOTH	NA	NA	NO	NO	NO	NA	NA
HPL00384	REPEAT_ONLY	CDS	A	1	10	60	0.0	0	130.4	0.0	0	26.5	0.0	0	186.4	UNCALLABLE_BOTH	NA	NA	NO	NO	NO	NA	NA
HPL00385	REPEAT_ONLY	CDS	CG	2	10	60	0.0	0	130.4	0.6154	22.5	26.5	0.3333	219.0	186.4	PARTIAL	0.245	NO	NO	NO	NO	1.0	1.0
HPL00386	REPEAT_ONLY	CDS	A	1	8	58	1.0	71	131.6	0.6923	17	26.8	1.0	189.0	190.5	PARTIAL	NA	NA	NO	NO	NO	NA	NA
HPL00387	REPEAT_ONLY	CDS	AAG	3	12	62	0.0	0	129.1	0.6154	18.5	26.2	0.1667	199	182.3	PARTIAL	0.15	NO	NO	NO	NO	NA	NA
HPL00388	REPEAT_ONLY	CDS	A	1	8	58	1.0	72	131.6	0.5385	16	26.8	0.8333	198	190.5	PARTIAL	0.755	NO	NO	NO	NO	NA	NA
HPL00389	REPEAT_ONLY	CDS	A	1	9	59	1.0	78	131.0	0.3846	26	26.6	1.0	190.0	188.4	PLATFORM_CONFOUNDED_CALLABILITY	0.936	YES	NO	NO	NO	NA	NA
HPL00390	REPEAT_ONLY	CDS	A	1	8	58	0.9744	71.0	131.6	0.9231	19.0	26.8	1.0	170.5	190.5	CALLABLE_BOTH	NA	NA	NO	NO	NO	NA	NA
HPL00391	STRONG_PV_CANDIDATE	CDS	A	1	8	58	1.0	82	131.6	0.4615	24.0	26.8	0.6667	171.0	190.5	PARTIAL	0.765	NO	NO	NO	NO	NA	NA
HPL00392	REPEAT_ONLY	CDS	A	1	8	58	1.0	86	131.6	1.0	19	26.8	1.0	199.5	190.5	CALLABLE_BOTH	NA	NA	NO	NO	NO	NA	NA
HPL00393	REPEAT_ONLY	INTERGENIC_OTHER	A	1	8	58	1.0	103	131.6	0.9231	17.0	26.8	0.8333	96	190.5	CALLABLE_BOTH	NA	NA	NO	NO	NO	NA	NA
HPL00396	REPEAT_ONLY	INTERGENIC_OTHER	C	1	8	58	0.9744	26.0	131.6	NA	0	26.8	NA	0	190.5	NA	NA	NA	NO	NO	NO	NA	NA
HPL00403	REPEAT_ONLY	CDS	A	1	8	58	0.9744	80.5	131.6	0.9231	15.0	26.8	1.0	166.0	190.5	CALLABLE_BOTH	NA	NA	NO	NO	NO	NA	NA
HPL00404	REPEAT_ONLY	CDS	A	1	8	58	1.0	72	131.6	1.0	25	26.8	1.0	225.5	190.5	CALLABLE_BOTH	NA	NA	NO	NO	NO	NA	NA
HPL00405	REPEAT_ONLY	CDS	A	1	8	58	1.0	62	131.6	1.0	21	26.8	0.8333	209	190.5	CALLABLE_BOTH	NA	NA	NO	NO	NO	NA	NA
HPL00406	REPEAT_ONLY	CDS	A	1	8	58	0.9744	72.0	131.6	1.0	27	26.8	0.8333	185	190.5	CALLABLE_BOTH	NA	NA	NO	NO	NO	1.0	1.0
HPL00407	REPEAT_ONLY	CDS	A	1	8	58	0.9744	61.0	131.6	1.0	26	26.8	1.0	226.5	190.5	CALLABLE_BOTH	NA	NA	NO	NO	NO	NA	NA
HPL00408	REPEAT_ONLY	CDS	AAG	3	13	63	0.0	0	128.4	0.3077	12.0	26.1	0.6667	179.0	180.2	PARTIAL	0.545	NO	NO	NO	NO	NA	NA
HPL00409	REPEAT_ONLY	CDS	A	1	8	58	1.0	78	131.6	0.9231	28.0	26.8	0.6667	188.0	190.5	PARTIAL	NA	NA	NO	NO	NO	NA	NA
HPL00410	STRONG_PV_CANDIDATE	CDS	A	1	8	58	1.0	97	131.6	0.8	27.5	26.8	1.0	45	190.5	CALLABLE_BOTH	NA	NA	NO	NO	NO	NA	NA
HPL00411	STRONG_PV_CANDIDATE	CDS	A	1	8	58	NA	0	131.6	1.0	20	26.8	NA	0	190.5	NA	NA	NA	NO	NO	NO	NA	NA
HPL00412	REPEAT_ONLY	CDS	A	1	8	58	1.0	87	131.6	0.4615	15.0	26.8	1.0	206.0	190.5	PLATFORM_CONFOUNDED_CALLABILITY	0.948	YES	NO	NO	NO	NA	NA
HPL00413	REPEAT_ONLY	CDS	A	1	8	58	1.0	86	131.6	0.8462	17	26.8	1.0	199.0	190.5	CALLABLE_BOTH	NA	NA	NO	NO	NO	NA	NA
HPL00414	REPEAT_ONLY	CDS	A	1	8	58	1.0	72	131.6	0.8462	22	26.8	1.0	160.5	190.5	CALLABLE_BOTH	NA	NA	NO	NO	NO	NA	NA
HPL00415	REPEAT_ONLY	CDS	A	1	8	58	1.0	82	131.6	1.0	22	26.8	1.0	184.0	190.5	CALLABLE_BOTH	NA	NA	NO	NO	NO	NA	NA
HPL00416	REPEAT_ONLY	CDS	A	1	8	58	1.0	71	131.6	0.1538	29.5	26.8	0.8333	181	190.5	PLATFORM_CONFOUNDED_CALLABILITY	0.876	YES	NO	NO	NO	NA	NA
HPL00417	REPEAT_ONLY	CDS	A	1	8	58	0.2308	45	131.6	0.0	0	26.8	0.1667	249	190.5	UNCALLABLE_BOTH	0.569	NO	NO	NO	NO	NA	NA
HPL00418	REPEAT_ONLY	CDS	A	1	8	58	1.0	109	131.6	1.0	22	26.8	1.0	180.0	190.5	CALLABLE_BOTH	NA	NA	NO	NO	NO	NA	NA
HPL00419	REPEAT_ONLY	CDS	A	1	8	58	1.0	105	131.6	1.0	23	26.8	1.0	178.5	190.5	CALLABLE_BOTH	NA	NA	NO	NO	NO	NA	NA
HPL00420	STRONG_PV_CANDIDATE	CDS	A	1	8	58	0.0256	27	131.6	0.7692	22.5	26.8	1.0	205.0	190.5	PARTIAL	0.393	NO	NO	NO	NO	1.0	1.0
HPL00421	REPEAT_ONLY	CDS	A	1	8	58	1.0	79	131.6	0.9231	24.0	26.8	1.0	159.0	190.5	CALLABLE_BOTH	NA	NA	NO	NO	NO	NA	NA
HPL00422	STRONG_PV_CANDIDATE	PROMOTER_OR_INTERGENIC_UPSTREAM	A	1	14	64	0.9744	61.5	127.8	0.6923	16	25.9	0.0	0	178.2	PLATFORM_CONFOUNDED_CALLABILITY	0.395	NO	NO	NO	NO	NA	NA
HPL00423	REPEAT_ONLY	CDS	A	1	8	58	0.9744	102.5	131.6	0.9231	19.5	26.8	1.0	192.5	190.5	CALLABLE_BOTH	NA	NA	NO	NO	NO	NA	NA
HPL00424	REPEAT_ONLY	CDS	A	1	8	58	0.9744	41.0	131.6	1.0	24	26.8	1.0	214.5	190.5	CALLABLE_BOTH	NA	NA	NO	NO	NO	NA	NA
HPL00425	REPEAT_ONLY	CDS	A	1	8	58	1.0	68	131.6	1.0	26	26.8	0.5	206	190.5	PLATFORM_CONFOUNDED_CALLABILITY	NA	NA	NO	NO	NO	NA	NA
HPL00426	STRONG_PV_CANDIDATE	CDS	C	1	15	65	0.9231	33.0	127.2	0.2308	11	25.8	0.1667	12	176.1	PARTIAL	0.62	NO	NO	NO	NO	1.0	1.0
HPL00427	STRONG_PV_CANDIDATE	CDS	C	1	12	62	0.4615	12.0	129.1	0.0	0	26.2	0.3333	50.0	182.3	PARTIAL	0.734	NO	NO	NO	NO	NA	NA
HPL00428	REPEAT_ONLY	CDS	A	1	8	58	1.0	80	131.6	0.9231	19.0	26.8	0.5	202	190.5	PARTIAL	NA	NA	NO	NO	NO	NA	NA
HPL00429	REPEAT_ONLY	CDS	A	1	8	58	1.0	88	131.6	0.9231	20.0	26.8	0.5	206	190.5	PARTIAL	NA	NA	NO	NO	NO	NA	NA
HPL00430	REPEAT_ONLY	CDS	A	1	8	58	1.0	86	131.6	0.6154	18.5	26.8	0.1667	215	190.5	PARTIAL	0.434	NO	NO	NO	NO	NA	NA
HPL00431	REPEAT_ONLY	CDS	A	1	8	58	1.0	107	131.6	0.6154	19.0	26.8	0.0	0	190.5	PLATFORM_CONFOUNDED_CALLABILITY	0.397	NO	NO	NO	NO	NA	NA
HPL00432	REPEAT_ONLY	CDS	A	1	8	58	0.0	0	131.6	0.3077	21.5	26.8	0.1667	80	190.5	PARTIAL	0.274	NO	NO	NO	NO	NA	NA
HPL00433	REPEAT_ONLY	CDS	C	1	10	60	0.0	0	130.4	0.0	0	26.5	0.0	0	186.4	UNCALLABLE_BOTH	NA	NA	NO	NO	NO	NA	NA
HPL00434	REPEAT_ONLY	CDS	A	1	8	58	1.0	91	131.6	0.6923	26	26.8	0.6667	233.0	190.5	PARTIAL	0.604	NO	NO	NO	NO	NA	NA
HPL00435	REPEAT_ONLY	CDS	A	1	9	59	0.9744	80.5	131.0	1.0	24	26.6	1.0	194.5	188.4	CALLABLE_BOTH	NA	NA	NO	NO	NO	NA	NA
HPL00436	REPEAT_ONLY	CDS	A	1	8	58	1.0	110	131.6	1.0	23	26.8	1.0	200.0	190.5	CALLABLE_BOTH	NA	NA	NO	NO	NO	NA	NA
HPL00437	REPEAT_ONLY	CDS	A	1	8	58	0.0	0	131.6	0.0769	23	26.8	0.8333	284	190.5	PLATFORM_CONFOUNDED_CALLABILITY	0.83	YES	NO	NO	NO	NA	NA
HPL00438	REPEAT_ONLY	PROMOTER_OR_INTERGENIC_UPSTREAM	A	1	9	59	0.0	0	131.0	0.2308	26	26.6	0.0	0	188.4	PARTIAL	NA	NA	NO	NO	NO	NA	NA
HPL00439	REPEAT_ONLY	CDS	AAG	3	12	62	1.0	88	129.1	0.9231	24.0	26.2	1.0	179.0	182.3	CALLABLE_BOTH	NA	NA	NO	NO	NO	NA	NA
HPL00440	REPEAT_ONLY	CDS	A	1	8	58	0.0	0	131.6	0.0	0	26.8	0.0	0	190.5	UNCALLABLE_BOTH	NA	NA	NO	NO	NO	NA	NA
HPL00441	REPEAT_ONLY	CDS	A	1	8	58	0.0	0	131.6	0.4615	21.0	26.8	0.0	0	190.5	PARTIAL	0.054	NO	NO	NO	NO	NA	NA
HPL00442	REPEAT_ONLY	CDS	A	1	8	58	1.0	94	131.6	0.9231	27.5	26.8	1.0	210.0	190.5	CALLABLE_BOTH	NA	NA	NO	NO	NO	NA	NA
HPL00443	REPEAT_ONLY	CDS	A	1	9	59	1.0	99	131.0	1.0	26	26.6	1.0	213.5	188.4	CALLABLE_BOTH	NA	NA	NO	NO	NO	NA	NA
HPL00444	STRONG_PV_CANDIDATE	CDS	A	1	8	58	0.0	0	131.6	0.3077	30.0	26.8	0.0	0	190.5	PARTIAL	NA	NA	NO	NO	NO	NA	NA
HPL00445	REPEAT_ONLY	CDS	AAAAG	5	15	65	0.0	0	127.2	0.2308	25	25.8	0.1667	86	176.1	PARTIAL	NA	NA	NO	NO	NO	1.0	1.0
HPL00446	STRONG_PV_CANDIDATE	PROMOTER_OR_INTERGENIC_UPSTREAM	A	1	9	59	0.8974	27	131.0	1.0	17	26.6	0.6667	131.5	188.4	PARTIAL	0.407	NO	NO	NO	NO	NA	NA
HPL00447	REPEAT_ONLY	CDS	A	1	8	58	1.0	48	131.6	0.8462	29	26.8	0.6667	66.5	190.5	PARTIAL	NA	NA	NO	NO	NO	NA	NA
HPL00448	REPEAT_ONLY	INTERGENIC_OTHER	A	1	16	66	0.7179	41.0	126.5	0.5385	19	25.7	0.0	0	174.1	PLATFORM_CONFOUNDED_CALLABILITY	0.506	NO	NO	NO	NO	NA	NA
HPL00449	REPEAT_ONLY	PROMOTER_OR_INTERGENIC_UPSTREAM	A	1	8	58	0.0	0	131.6	0.1538	44.0	26.8	0.0	0	190.5	UNCALLABLE_BOTH	NA	NA	NO	NO	NO	NA	NA
HPL00450	REPEAT_ONLY	CDS	A	1	8	58	1.0	88	131.6	1.0	26	26.8	1.0	191.0	190.5	CALLABLE_BOTH	NA	NA	NO	NO	NO	NA	NA
HPL00453	STRONG_PV_CANDIDATE	CDS	AG	2	19	69	0.9487	59	124.6	0.5385	23	25.2	0.8333	162	167.9	PARTIAL	0.817	YES	NO	NO	NO	NA	NA
HPL00454	REPEAT_ONLY	CDS	ACC	3	12	62	1.0	90	129.1	0.9231	25.5	26.2	1.0	147.5	182.3	CALLABLE_BOTH	NA	NA	NO	NO	NO	1.0	1.0
HPL00455	REPEAT_ONLY	PROMOTER_OR_INTERGENIC_UPSTREAM	C	1	8	58	0.0	0	131.6	0.0769	39	26.8	0.0	0	190.5	UNCALLABLE_BOTH	NA	NA	NO	NO	NO	1.0	1.0
HPL00456	REPEAT_ONLY	CDS	ACC	3	12	62	0.8205	19.0	129.1	0.7273	16.0	26.2	1.0	135.5	182.3	PARTIAL	0.691	NO	NO	NO	NO	NA	NA
HPL00460	REPEAT_ONLY	CDS	A	1	8	58	0.9744	67.5	131.6	0.8462	25	26.8	1.0	179.0	190.5	CALLABLE_BOTH	NA	NA	NO	NO	NO	NA	NA
HPL00461	REPEAT_ONLY	PROMOTER_OR_INTERGENIC_UPSTREAM	AAGTCT	6	39	89	0.7949	17	111.8	0.0	0	22.5	0.0	0	127.0	UNCALLABLE_BOTH	0.664	NO	NO	NO	NO	0.0	0.0
HPL00462	STRONG_PV_CANDIDATE	CDS	A	1	8	58	1.0	91	131.6	0.6923	23	26.8	0.1667	252	190.5	PLATFORM_CONFOUNDED_CALLABILITY	0.405	NO	NO	NO	NO	NA	NA
HPL00463	REPEAT_ONLY	CDS	A	1	8	58	0.0	0	131.6	0.3846	24	26.8	1.0	191.5	190.5	PLATFORM_CONFOUNDED_CALLABILITY	0.586	NO	NO	NO	NO	NA	NA
HPL00464	REPEAT_ONLY	CDS	A	1	8	58	0.9744	75.0	131.6	0.9231	22.5	26.8	0.6667	208.0	190.5	PARTIAL	NA	NA	NO	NO	NO	NA	NA
HPL00465	REPEAT_ONLY	PROMOTER_OR_INTERGENIC_UPSTREAM	A	1	8	58	1.0	69	131.6	1.0	26	26.8	1.0	251.5	190.5	CALLABLE_BOTH	NA	NA	NO	NO	NO	NA	NA
HPL00466	REPEAT_ONLY	CDS	A	1	9	59	1.0	83	131.0	1.0	19	26.6	1.0	202.0	188.4	CALLABLE_BOTH	NA	NA	NO	NO	NO	NA	NA
HPL00467	STRONG_PV_CANDIDATE	CDS	A	1	8	58	0.0	0	131.6	0.0	0	26.8	0.0	0	190.5	UNCALLABLE_BOTH	NA	NA	NO	NO	NO	NA	NA
HPL00468	STRONG_PV_CANDIDATE	CDS	A	1	8	58	0.0	0	131.6	0.0	0	26.8	0.1667	66	190.5	UNCALLABLE_BOTH	NA	NA	NO	NO	NO	NA	NA
HPL00469	REPEAT_ONLY	CDS	A	1	8	58	1.0	61	131.6	0.9231	21.5	26.8	1.0	194.5	190.5	CALLABLE_BOTH	NA	NA	NO	NO	NO	NA	NA
HPL00470	REPEAT_ONLY	CDS	A	1	8	58	0.0	0	131.6	0.3846	21	26.8	0.5	191	190.5	PARTIAL	0.427	NO	NO	NO	NO	NA	NA
HPL00471	STRONG_PV_CANDIDATE	CDS	C	1	14	64	0.7436	20	127.8	0.3846	17	25.9	0.6667	94.5	178.2	PARTIAL	0.706	NO	NO	NO	NO	1.0	0.0
HPL00472	REPEAT_ONLY	CDS	A	1	8	58	0.0	0	131.6	0.4615	16.5	26.8	0.0	0	190.5	PARTIAL	0.071	NO	NO	NO	NO	NA	NA
HPL00473	REPEAT_ONLY	CDS	A	1	8	58	0.0	0	131.6	0.0769	12	26.8	0.1667	89	190.5	UNCALLABLE_BOTH	NA	NA	NO	NO	NO	NA	NA
HPL00474	REPEAT_ONLY	CDS	A	1	8	58	0.9744	82.0	131.6	1.0	28	26.8	1.0	224.5	190.5	CALLABLE_BOTH	NA	NA	NO	NO	NO	NA	NA
HPL00475	REPEAT_ONLY	CDS	A	1	8	58	1.0	74	131.6	0.5385	20	26.8	0.1667	84	190.5	PARTIAL	0.503	NO	NO	NO	NO	NA	NA
HPL00476	REPEAT_ONLY	CDS	A	1	8	58	1.0	83	131.6	0.8462	27	26.8	0.1667	28	190.5	PLATFORM_CONFOUNDED_CALLABILITY	0.287	NO	NO	NO	NO	NA	NA
HPL00477	REPEAT_ONLY	CDS	A	1	8	58	0.0	0	131.6	0.0	0	26.8	0.0	0	190.5	UNCALLABLE_BOTH	NA	NA	NO	NO	NO	NA	NA
HPL00478	REPEAT_ONLY	CDS	AC	2	11	61	0.0	0	129.7	0.0	0	26.4	0.0	0	184.3	UNCALLABLE_BOTH	NA	NA	NO	NO	NO	1.0	0.0
HPL00479	REPEAT_ONLY	CDS	A	1	8	58	1.0	76	131.6	0.6923	23	26.8	1.0	226.0	190.5	PARTIAL	NA	NA	NO	NO	NO	NA	NA
HPL00480	REPEAT_ONLY	CDS	A	1	9	59	1.0	90	131.0	0.6154	32.0	26.6	0.0	0	188.4	PLATFORM_CONFOUNDED_CALLABILITY	0.414	NO	NO	NO	NO	NA	NA
HPL00481	REPEAT_ONLY	CDS	A	1	8	58	0.9744	38.0	131.6	0.8462	16	26.8	0.8333	137	190.5	CALLABLE_BOTH	NA	NA	NO	NO	NO	NA	NA
HPL00482	REPEAT_ONLY	CDS	A	1	8	58	1.0	89	131.6	1.0	22	26.8	1.0	159.5	190.5	CALLABLE_BOTH	NA	NA	NO	NO	NO	NA	NA
HPL00483	REPEAT_ONLY	CDS	A	1	8	58	1.0	68	131.6	1.0	22	26.8	1.0	219.5	190.5	CALLABLE_BOTH	NA	NA	NO	NO	NO	NA	NA
HPL00484	REPEAT_ONLY	CDS	A	1	8	58	0.8462	60	131.6	0.6154	26.5	26.8	1.0	173.0	190.5	PARTIAL	0.768	NO	NO	NO	NO	NA	NA
HPL00485	REPEAT_ONLY	CDS	A	1	8	58	1.0	66	131.6	0.8462	17	26.8	0.8333	172	190.5	CALLABLE_BOTH	NA	NA	NO	NO	NO	NA	NA
HPL00486	REPEAT_ONLY	CDS	A	1	8	58	0.9744	72.5	131.6	1.0	29	26.8	1.0	174.5	190.5	CALLABLE_BOTH	NA	NA	NO	NO	NO	NA	NA
HPL00487	REPEAT_ONLY	CDS	C	1	8	58	1.0	84	131.6	1.0	28	26.8	0.8333	169	190.5	CALLABLE_BOTH	NA	NA	NO	NO	NO	NA	NA
HPL00488	REPEAT_ONLY	CDS	A	1	8	58	0.0	0	131.6	0.0	0	26.8	0.0	0	190.5	UNCALLABLE_BOTH	NA	NA	NO	NO	NO	NA	NA
HPL00489	REPEAT_ONLY	CDS	A	1	8	58	1.0	55	131.6	1.0	26	26.8	0.6667	211.5	190.5	PARTIAL	NA	NA	NO	NO	NO	NA	NA
HPL00490	REPEAT_ONLY	CDS	A	1	8	58	0.0	0	131.6	0.1538	22.5	26.8	0.0	0	190.5	UNCALLABLE_BOTH	NA	NA	NO	NO	NO	NA	NA
HPL00491	KNOWN_PV	CDS	C	1	12	62	0.9487	50	129.1	0.7692	23.0	26.2	1.0	60.5	182.3	PARTIAL	0.879	YES	NO	NO	NO	1.0	1.0
HPL00492	REPEAT_ONLY	CDS	ACC	3	12	62	0.0	0	129.1	0.0	0	26.2	0.0	0	182.3	UNCALLABLE_BOTH	NA	NA	NO	NO	NO	NA	NA
HPL00493	REPEAT_ONLY	CDS	A	1	8	58	1.0	79	131.6	1.0	25	26.8	1.0	178.5	190.5	CALLABLE_BOTH	NA	NA	NO	NO	NO	NA	NA
HPL00494	REPEAT_ONLY	CDS	A	1	9	59	1.0	99	131.0	1.0	22	26.6	0.1667	217	188.4	PLATFORM_CONFOUNDED_CALLABILITY	0.015	NO	NO	NO	NO	NA	NA
HPL00495	REPEAT_ONLY	CDS	A	1	8	58	0.0	0	131.6	0.2308	21	26.8	1.0	182.5	190.5	PLATFORM_CONFOUNDED_CALLABILITY	0.696	NO	NO	NO	NO	NA	NA
HPL00496	REPEAT_ONLY	CDS	A	1	8	58	0.8718	45.0	131.6	1.0	19	26.8	1.0	205.5	190.5	CALLABLE_BOTH	0.657	NO	NO	NO	NO	NA	NA
HPL00497	STRONG_PV_CANDIDATE	CDS	A	1	8	58	1.0	79	131.6	0.6923	16	26.8	1.0	185.0	190.5	PARTIAL	NA	NA	NO	NO	NO	NA	NA
HPL00498	REPEAT_ONLY	CDS	A	1	8	58	1.0	116	131.6	1.0	26	26.8	0.8333	243	190.5	CALLABLE_BOTH	NA	NA	NO	NO	NO	NA	NA
HPL00499	REPEAT_ONLY	CDS	C	1	8	58	0.9744	60.5	131.6	0.8462	23	26.8	1.0	179.5	190.5	CALLABLE_BOTH	NA	NA	NO	NO	NO	1.0	1.0
HPL00500	REPEAT_ONLY	CDS	A	1	8	58	1.0	92	131.6	0.7692	24.0	26.8	0.1667	191	190.5	PLATFORM_CONFOUNDED_CALLABILITY	0.356	NO	NO	NO	NO	1.0	1.0
HPL00501	REPEAT_ONLY	CDS	A	1	8	58	1.0	98	131.6	0.7692	23.0	26.8	1.0	182.5	190.5	PARTIAL	NA	NA	NO	NO	NO	NA	NA
HPL00502	REPEAT_ONLY	CDS	A	1	8	58	1.0	77	131.6	0.9231	28.0	26.8	1.0	146.5	190.5	CALLABLE_BOTH	NA	NA	NO	NO	NO	NA	NA
HPL00503	STRONG_PV_CANDIDATE	PROMOTER_OR_INTERGENIC_UPSTREAM	A	1	8	58	0.0	0	131.6	0.7692	20.5	26.8	1.0	206.0	190.5	PARTIAL	0.401	NO	NO	NO	NO	NA	NA
HPL00504	REPEAT_ONLY	INTERGENIC_OTHER	C	1	8	58	0.0	0	131.6	0.0769	21	26.8	0.0	0	190.5	UNCALLABLE_BOTH	NA	NA	NO	NO	NO	1.0	1.0
HPL00505	STRONG_PV_CANDIDATE	CDS	A	1	8	58	0.2308	61	131.6	0.2308	18	26.8	0.0	0	190.5	PARTIAL	0.37	NO	NO	NO	NO	NA	NA
HPL00506	REPEAT_ONLY	CDS	A	1	8	58	1.0	75	131.6	1.0	28	26.8	1.0	203.5	190.5	CALLABLE_BOTH	NA	NA	NO	NO	NO	NA	NA
HPL00507	REPEAT_ONLY	CDS	A	1	8	58	0.0	0	131.6	0.4615	19.0	26.8	0.6667	241.5	190.5	PARTIAL	0.452	NO	NO	NO	NO	NA	NA
HPL00508	REPEAT_ONLY	CDS	A	1	8	58	1.0	86	131.6	0.7692	25.0	26.8	0.5	213	190.5	PARTIAL	0.458	NO	NO	NO	NO	NA	NA
HPL00509	REPEAT_ONLY	CDS	A	1	8	58	0.0	0	131.6	0.0769	16	26.8	0.0	0	190.5	UNCALLABLE_BOTH	NA	NA	NO	NO	NO	NA	NA
HPL00510	REPEAT_ONLY	CDS	CCG	3	13	63	1.0	49	128.4	0.5385	18	26.1	0.3333	199.0	180.2	PARTIAL	0.551	NO	NO	NO	NO	NA	NA
HPL00511	REPEAT_ONLY	INTERGENIC_OTHER	A	1	9	59	0.8974	24	131.0	0.0	0	26.6	0.0	0	188.4	UNCALLABLE_BOTH	0.702	NO	NO	NO	NO	NA	NA
HPL00514	REPEAT_ONLY	CDS	A	1	8	58	0.9744	79.0	131.6	0.7692	24.5	26.8	1.0	188.0	190.5	PARTIAL	NA	NA	NO	NO	NO	NA	NA
HPL00515	REPEAT_ONLY	PROMOTER_OR_INTERGENIC_UPSTREAM	A	1	8	58	0.9744	76.5	131.6	0.8462	22	26.8	0.5	58	190.5	PARTIAL	0.455	NO	NO	NO	NO	1.0	1.0
HPL00516	REPEAT_ONLY	CDS	A	1	8	58	0.9744	80.5	131.6	0.0769	17	26.8	0.1667	217	190.5	UNCALLABLE_BOTH	0.709	NO	NO	NO	NO	NA	NA
HPL00517	REPEAT_ONLY	CDS	A	1	8	58	1.0	93	131.6	0.2308	26	26.8	0.8333	222	190.5	PLATFORM_CONFOUNDED_CALLABILITY	0.841	YES	NO	NO	NO	NA	NA
HPL00518	REPEAT_ONLY	INTERGENIC_OTHER	C	1	8	58	1.0	38	131.6	0.6923	18	26.8	0.6667	72.5	190.5	PARTIAL	0.595	NO	NO	NO	NO	NA	NA
HPL00519	REPEAT_ONLY	CDS	A	1	8	58	1.0	76	131.6	0.9231	20.5	26.8	0.0	0	190.5	PLATFORM_CONFOUNDED_CALLABILITY	0.127	NO	NO	NO	NO	NA	NA
HPL00520	REPEAT_ONLY	INTERGENIC_OTHER	C	1	8	58	1.0	92	131.6	0.0	0	26.8	0.0	0	190.5	UNCALLABLE_BOTH	0.669	NO	NO	NO	NO	NA	NA
HPL00521	REPEAT_ONLY	CDS	A	1	8	58	1.0	91	131.6	0.4615	17.0	26.8	0.1667	191	190.5	PARTIAL	0.534	NO	NO	NO	NO	NA	NA
HPL00522	REPEAT_ONLY	INTERGENIC_OTHER	AT	2	11	61	0.9487	66	129.7	0.4615	22.5	26.4	0.0	0	184.3	PARTIAL	0.548	NO	NO	NO	NO	1.0	0.0
HPL00523	REPEAT_ONLY	INTERGENIC_OTHER	A	1	8	58	1.0	102	131.6	0.5385	16	26.8	0.0	0	190.5	PLATFORM_CONFOUNDED_CALLABILITY	0.442	NO	NO	NO	NO	NA	NA
HPL00524	REPEAT_ONLY	CDS	A	1	8	58	1.0	72	131.6	1.0	22	26.8	1.0	187.5	190.5	CALLABLE_BOTH	NA	NA	NO	NO	NO	NA	NA
HPL00526	REPEAT_ONLY	CDS	C	1	8	58	0.9744	63.0	131.6	0.6154	12.5	26.8	1.0	88.5	190.5	PARTIAL	0.917	YES	NO	NO	NO	NA	NA
HPL00527	REPEAT_ONLY	CDS	A	1	8	58	1.0	85	131.6	1.0	26	26.8	1.0	215.5	190.5	CALLABLE_BOTH	NA	NA	NO	NO	NO	NA	NA
HPL00528	REPEAT_ONLY	CDS	A	1	8	58	1.0	78	131.6	0.2308	25	26.8	1.0	210.0	190.5	PLATFORM_CONFOUNDED_CALLABILITY	0.948	YES	NO	NO	NO	NA	NA
HPL00529	REPEAT_ONLY	CDS	A	1	8	58	1.0	98	131.6	0.8462	21	26.8	1.0	249.0	190.5	CALLABLE_BOTH	NA	NA	NO	NO	NO	NA	NA
HPL00530	REPEAT_ONLY	CDS	A	1	8	58	1.0	95	131.6	1.0	19	26.8	1.0	219.0	190.5	CALLABLE_BOTH	NA	NA	NO	NO	NO	NA	NA
HPL00531	REPEAT_ONLY	CDS	A	1	8	58	1.0	77	131.6	0.6154	29.5	26.8	1.0	183.0	190.5	PARTIAL	0.928	YES	NO	NO	NO	NA	NA
HPL00532	REPEAT_ONLY	CDS	A	1	8	58	0.9744	63.5	131.6	1.0	18	26.8	1.0	174.0	190.5	CALLABLE_BOTH	NA	NA	NO	NO	NO	NA	NA
HPL00533	REPEAT_ONLY	CDS	C	1	8	58	0.9231	62.0	131.6	1.0	27	26.8	1.0	196.5	190.5	CALLABLE_BOTH	NA	NA	NO	NO	NO	NA	NA
HPL00534	REPEAT_ONLY	CDS	A	1	8	58	1.0	63	131.6	0.0769	44	26.8	0.0	0	190.5	UNCALLABLE_BOTH	0.65	NO	NO	NO	NO	NA	NA
HPL00535	STRONG_PV_CANDIDATE	PROMOTER_OR_INTERGENIC_UPSTREAM	A	1	16	66	0.8205	56.0	126.5	0.2308	14	25.7	0.0	0	174.1	PARTIAL	0.655	NO	NO	NO	NO	NA	NA
HPL00536	REPEAT_ONLY	CDS	A	1	9	59	1.0	72	131.0	0.3846	19	26.6	0.6667	196.0	188.4	PARTIAL	0.771	NO	NO	NO	NO	NA	NA
HPL00537	REPEAT_ONLY	CDS	A	1	8	58	0.9744	63.0	131.6	0.3846	16	26.8	0.0	0	190.5	PARTIAL	0.546	NO	NO	NO	NO	NA	NA
HPL00538	REPEAT_ONLY	CDS	A	1	8	58	1.0	78	131.6	0.3846	19	26.8	0.8333	176	190.5	PARTIAL	0.828	YES	NO	NO	NO	NA	NA
HPL00539	REPEAT_ONLY	CDS	A	1	8	58	1.0	65	131.6	0.3846	12	26.8	0.0	0	190.5	PARTIAL	0.541	NO	NO	NO	NO	NA	NA
HPL00540	REPEAT_ONLY	CDS	A	1	9	59	1.0	78	131.0	1.0	25	26.6	1.0	195.0	188.4	CALLABLE_BOTH	NA	NA	NO	NO	NO	NA	NA
HPL00541	REPEAT_ONLY	CDS	A	1	8	58	0.0	0	131.6	0.0	0	26.8	0.0	0	190.5	UNCALLABLE_BOTH	NA	NA	NO	NO	NO	NA	NA
HPL00542	STRONG_PV_CANDIDATE	CDS	A	1	9	59	1.0	87	131.0	0.9231	21.5	26.6	0.3333	203.0	188.4	PLATFORM_CONFOUNDED_CALLABILITY	0.215	NO	NO	NO	NO	NA	NA
HPL00543	REPEAT_ONLY	CDS	A	1	9	59	1.0	65	131.0	0.9231	20.5	26.6	0.0	0	188.4	PLATFORM_CONFOUNDED_CALLABILITY	0.127	NO	NO	NO	NO	NA	NA
HPL00544	REPEAT_ONLY	CDS	A	1	9	59	0.9744	86.0	131.0	0.9231	19.5	26.6	0.6667	235.5	188.4	PARTIAL	NA	NA	NO	NO	NO	NA	NA
HPL00545	REPEAT_ONLY	CDS	AAT	3	12	62	0.9744	56.5	129.1	0.1538	17.0	26.2	0.8333	177	182.3	PLATFORM_CONFOUNDED_CALLABILITY	0.895	YES	NO	NO	NO	NA	NA
HPL00546	STRONG_PV_CANDIDATE	PROMOTER_OR_INTERGENIC_UPSTREAM	A	1	8	58	1.0	82	131.6	0.8462	23	26.8	1.0	129.0	190.5	CALLABLE_BOTH	NA	NA	NO	NO	NO	NA	NA
HPL00547	REPEAT_ONLY	INTERGENIC_OTHER	A	1	8	58	1.0	84	131.6	0.3077	29.5	26.8	0.0	0	190.5	PARTIAL	0.585	NO	NO	NO	NO	NA	NA
HPL00548	REPEAT_ONLY	CDS	A	1	8	58	1.0	92	131.6	0.3077	13.0	26.8	0.0	0	190.5	PARTIAL	0.558	NO	NO	NO	NO	NA	NA
HPL00549	REPEAT_ONLY	CDS	AC	2	10	60	0.9231	50.5	130.4	1.0	16	26.5	1.0	195.0	186.4	CALLABLE_BOTH	NA	NA	NO	NO	NO	NA	NA
HPL00550	REPEAT_ONLY	CDS	A	1	8	58	1.0	100	131.6	0.6154	21.5	26.8	1.0	191.0	190.5	PARTIAL	0.979	YES	NO	NO	NO	NA	NA
HPL00551	REPEAT_ONLY	INTERGENIC_OTHER	A	1	9	59	1.0	59	131.0	0.0	0	26.6	0.0	0	188.4	UNCALLABLE_BOTH	0.669	NO	NO	NO	NO	NA	NA
HPL00552	REPEAT_ONLY	CDS	A	1	8	58	1.0	102	131.6	0.4615	15.0	26.8	0.0	0	190.5	PARTIAL	0.5	NO	NO	NO	NO	NA	NA
HPL00553	REPEAT_ONLY	CDS	A	1	8	58	1.0	82	131.6	0.5385	27	26.8	0.0	0	190.5	PLATFORM_CONFOUNDED_CALLABILITY	0.465	NO	NO	NO	NO	NA	NA
HPL00554	REPEAT_ONLY	INTERGENIC_OTHER	A	1	8	58	1.0	70	131.6	0.2308	23	26.8	0.0	0	190.5	PARTIAL	0.597	NO	NO	NO	NO	NA	NA
HPL00555	REPEAT_ONLY	CDS	A	1	8	58	1.0	76	131.6	0.7692	19.5	26.8	0.0	0	190.5	PLATFORM_CONFOUNDED_CALLABILITY	0.315	NO	NO	NO	NO	NA	NA
HPL00556	STRONG_PV_CANDIDATE	CDS	A	1	8	58	0.0256	58	131.6	0.8462	19	26.8	1.0	184.5	190.5	CALLABLE_BOTH	0.377	NO	NO	NO	NO	0.0	1.0
HPL00557	REPEAT_ONLY	CDS	A	1	8	58	1.0	80	131.6	1.0	22	26.8	1.0	222.0	190.5	CALLABLE_BOTH	NA	NA	NO	NO	NO	NA	NA
HPL00558	REPEAT_ONLY	CDS	A	1	8	58	0.0	0	131.6	0.0	0	26.8	0.0	0	190.5	UNCALLABLE_BOTH	NA	NA	NO	NO	NO	NA	NA
HPL00559	REPEAT_ONLY	CDS	AAG	3	12	62	1.0	72	129.1	0.1538	13.0	26.2	0.0	0	182.3	UNCALLABLE_BOTH	0.616	NO	NO	NO	NO	1.0	1.0
HPL00560	REPEAT_ONLY	CDS	A	1	8	58	1.0	90	131.6	0.3846	31	26.8	0.0	0	190.5	PARTIAL	0.528	NO	NO	NO	NO	1.0	1.0
HPL00561	REPEAT_ONLY	CDS	A	1	8	58	1.0	73	131.6	0.8462	20	26.8	0.1667	193	190.5	PLATFORM_CONFOUNDED_CALLABILITY	0.262	NO	NO	NO	NO	NA	NA
HPL00562	REPEAT_ONLY	CDS	A	1	8	58	1.0	52	131.6	0.3077	21.5	26.8	0.6667	154.5	190.5	PARTIAL	0.788	NO	NO	NO	NO	NA	NA
HPL00565	REPEAT_ONLY	CDS	A	1	8	58	1.0	75	131.6	0.6154	12.0	26.8	0.0	0	190.5	PLATFORM_CONFOUNDED_CALLABILITY	0.409	NO	NO	NO	NO	NA	NA
HPL00566	REPEAT_ONLY	CDS	A	1	8	58	1.0	71	131.6	0.6923	22	26.8	0.0	0	190.5	PLATFORM_CONFOUNDED_CALLABILITY	0.382	NO	NO	NO	NO	NA	NA
HPL00570	REPEAT_ONLY	CDS	AAG	3	12	62	0.9744	77.0	129.1	0.1538	59.0	26.2	1.0	145.5	182.3	PLATFORM_CONFOUNDED_CALLABILITY	0.983	YES	NO	NO	NO	NA	NA
HPL00571	REPEAT_ONLY	CDS	A	1	8	58	0.9744	72.5	131.6	0.9231	25.0	26.8	1.0	153.0	190.5	CALLABLE_BOTH	NA	NA	NO	NO	NO	NA	NA
HPL00572	STRONG_PV_CANDIDATE	CDS	AACAAT	6	18	68	0.9744	75.0	125.2	0.0	0	25.4	0.0	0	170.0	UNCALLABLE_BOTH	0.691	NO	NO	NO	NO	1.0	1.0
HPL00573	REPEAT_ONLY	CDS	A	1	9	59	0.9744	51.5	131.0	0.9231	26.0	26.6	1.0	166.0	188.4	CALLABLE_BOTH	NA	NA	NO	NO	NO	NA	NA
HPL00574	REPEAT_ONLY	CDS	A	1	8	58	1.0	72	131.6	0.3077	29.0	26.8	0.0	0	190.5	PARTIAL	0.56	NO	NO	NO	NO	NA	NA
HPL00575	REPEAT_ONLY	CDS	AG	2	10	60	0.9744	53.5	130.4	0.6923	28	26.5	0.0	0	186.4	PLATFORM_CONFOUNDED_CALLABILITY	0.415	NO	NO	NO	NO	NA	NA
HPL00576	REPEAT_ONLY	INTERGENIC_OTHER	A	1	9	59	1.0	60	131.0	0.4615	28.5	26.6	0.1667	93	188.4	PARTIAL	0.522	NO	NO	NO	NO	NA	NA
HPL00578	STRONG_PV_CANDIDATE	PROMOTER_OR_INTERGENIC_UPSTREAM	A	1	13	63	0.5385	22	128.4	0.25	10.5	26.1	1.0	149.5	180.2	PLATFORM_CONFOUNDED_CALLABILITY	0.787	NO	NO	NO	NO	NA	NA
HPL00579	REPEAT_ONLY	CDS	C	1	9	59	0.9744	51.5	131.0	0.0769	18	26.6	0.0	0	188.4	UNCALLABLE_BOTH	0.656	NO	NO	NO	NO	NA	NA
HPL00580	REPEAT_ONLY	CDS	A	1	8	58	0.9744	36.5	131.6	0.2308	27	26.8	0.3333	79.0	190.5	PARTIAL	0.719	NO	NO	NO	NO	NA	NA
HPL00581	REPEAT_ONLY	CDS	C	1	12	62	0.3333	11	129.1	0.0	0	26.2	0.0	0	182.3	UNCALLABLE_BOTH	0.745	NO	NO	NO	NO	1.0	1.0
HPL00582	REPEAT_ONLY	CDS	A	1	8	58	0.9744	65.0	131.6	1.0	23	26.8	1.0	156.5	190.5	CALLABLE_BOTH	NA	NA	NO	NO	NO	NA	NA
HPL00583	REPEAT_ONLY	CDS	A	1	8	58	1.0	88	131.6	0.6154	22.5	26.8	0.0	0	190.5	PLATFORM_CONFOUNDED_CALLABILITY	0.416	NO	NO	NO	NO	NA	NA
HPL00584	REPEAT_ONLY	CDS	C	1	8	58	0.9744	60.0	131.6	0.4615	22.0	26.8	0.0	0	190.5	PARTIAL	0.549	NO	NO	NO	NO	NA	NA
HPL00585	REPEAT_ONLY	PROMOTER_OR_INTERGENIC_UPSTREAM	A	1	8	58	1.0	82	131.6	0.6154	16.0	26.8	1.0	172.0	190.5	PARTIAL	0.902	YES	NO	NO	NO	NA	NA
HPL00586	STRONG_PV_CANDIDATE	CDS	C	1	9	59	0.9744	66.0	131.0	1.0	25	26.6	1.0	156.5	188.4	CALLABLE_BOTH	NA	NA	NO	NO	NO	NA	NA
HPL00587	REPEAT_ONLY	INTERGENIC_OTHER	A	1	9	59	1.0	63	131.0	0.0	0	26.6	0.0	0	188.4	UNCALLABLE_BOTH	0.669	NO	NO	NO	NO	NA	NA
HPL00588	REPEAT_ONLY	PROMOTER_OR_INTERGENIC_UPSTREAM	A	1	8	58	1.0	62	131.6	0.4615	22.5	26.8	0.0	0	190.5	PARTIAL	0.499	NO	NO	NO	NO	1.0	1.0
HPL00589	REPEAT_ONLY	CDS	A	1	8	58	1.0	71	131.6	0.4615	15.0	26.8	1.0	204.0	190.5	PLATFORM_CONFOUNDED_CALLABILITY	0.894	YES	NO	NO	NO	NA	NA
HPL00590	STRONG_PV_CANDIDATE	PROMOTER_OR_INTERGENIC_UPSTREAM	A	1	15	65	0.1026	8.0	127.2	0.0	0	25.8	0.0	0	176.1	UNCALLABLE_BOTH	NA	NA	NO	NO	NO	NA	NA
HPL00591	STRONG_PV_CANDIDATE	CDS	AG	2	17	67	0.0	0	125.9	0.75	25	25.5	0.8333	55	172.0	PARTIAL	0.625	NO	NO	NO	NO	NA	NA
HPL00593	STRONG_PV_CANDIDATE	PROMOTER_OR_INTERGENIC_UPSTREAM	A	1	17	67	0.0	0	125.9	0.4615	17.0	25.5	0.3333	44.0	172.0	PARTIAL	0.356	NO	NO	NO	NO	0.0	0.0
HPL00594	REPEAT_ONLY	CDS	A	1	9	59	0.9744	75.5	131.0	0.6154	20.5	26.6	0.0	0	188.4	PLATFORM_CONFOUNDED_CALLABILITY	0.434	NO	NO	NO	NO	NA	NA
HPL00595	REPEAT_ONLY	CDS	A	1	8	58	0.0	0	131.6	0.0	0	26.8	0.0	0	190.5	UNCALLABLE_BOTH	NA	NA	NO	NO	NO	NA	NA
HPL00596	REPEAT_ONLY	PROMOTER_OR_INTERGENIC_UPSTREAM	A	1	9	59	1.0	84	131.0	0.1538	19.5	26.6	0.0	0	188.4	UNCALLABLE_BOTH	0.618	NO	NO	NO	NO	NA	NA
HPL00597	REPEAT_ONLY	CDS	A	1	8	58	0.9744	78.0	131.6	0.0	0	26.8	0.0	0	190.5	UNCALLABLE_BOTH	0.691	NO	NO	NO	NO	NA	NA
HPL00598	REPEAT_ONLY	CDS	A	1	8	58	1.0	85	131.6	0.5385	20	26.8	0.0	0	190.5	PLATFORM_CONFOUNDED_CALLABILITY	0.445	NO	NO	NO	NO	NA	NA
HPL00599	REPEAT_ONLY	CDS	AAG	3	12	62	1.0	56	129.1	0.1538	30.0	26.2	0.0	0	182.3	UNCALLABLE_BOTH	0.616	NO	NO	NO	NO	NA	NA
HPL00600	REPEAT_ONLY	CDS	A	1	9	59	0.9744	69.0	131.0	0.8462	22	26.6	0.8333	150	188.4	CALLABLE_BOTH	NA	NA	NO	NO	NO	NA	NA
HPL00601	REPEAT_ONLY	INTERGENIC_OTHER	A	1	8	58	1.0	82	131.6	1.0	23	26.8	0.6667	179.0	190.5	PARTIAL	NA	NA	NO	NO	NO	NA	NA
HPL00602	REPEAT_ONLY	CDS	A	1	9	59	0.0	0	131.0	0.0	0	26.6	0.0	0	188.4	UNCALLABLE_BOTH	NA	NA	NO	NO	NO	NA	NA
HPL00603	REPEAT_ONLY	PROMOTER_OR_INTERGENIC_UPSTREAM	A	1	8	58	0.9744	66.0	131.6	0.4615	15.0	26.8	0.0	0	190.5	PARTIAL	0.545	NO	NO	NO	NO	NA	NA
HPL00604	STRONG_PV_CANDIDATE	CDS	A	1	9	59	0.0	0	131.0	0.3846	27	26.6	0.5	180	188.4	PARTIAL	0.386	NO	NO	NO	NO	NA	NA
HPL00605	REPEAT_ONLY	INTERGENIC_OTHER	AAT	3	15	65	0.9744	42.5	127.2	0.0	0	25.8	0.0	0	176.1	UNCALLABLE_BOTH	0.691	NO	NO	NO	NO	1.0	1.0
HPL00606	REPEAT_ONLY	CDS	A	1	9	59	1.0	56	131.0	0.3077	17.5	26.6	0.0	0	188.4	PARTIAL	0.574	NO	NO	NO	NO	NA	NA
HPL00607	REPEAT_ONLY	INTERGENIC_OTHER	A	1	8	58	1.0	54	131.6	0.0	0	26.8	0.0	0	190.5	UNCALLABLE_BOTH	0.669	NO	NO	NO	NO	NA	NA
HPL00608	REPEAT_ONLY	CDS	C	1	8	58	0.9744	71.5	131.6	0.8462	20	26.8	1.0	159.0	190.5	CALLABLE_BOTH	NA	NA	NO	NO	NO	NA	NA
HPL00609	REPEAT_ONLY	CDS	A	1	8	58	1.0	103	131.6	1.0	22	26.8	1.0	167.5	190.5	CALLABLE_BOTH	NA	NA	NO	NO	NO	NA	NA
HPL00610	REPEAT_ONLY	CDS	A	1	8	58	1.0	68	131.6	0.0769	12	26.8	0.0	0	190.5	UNCALLABLE_BOTH	0.636	NO	NO	NO	NO	NA	NA
HPL00611	REPEAT_ONLY	CDS	A	1	8	58	0.0	0	131.6	0.0	0	26.8	0.0	0	190.5	UNCALLABLE_BOTH	NA	NA	NO	NO	NO	NA	NA
HPL00612	REPEAT_ONLY	CDS	A	1	8	58	1.0	102	131.6	0.3846	18	26.8	0.0	0	190.5	PARTIAL	0.526	NO	NO	NO	NO	NA	NA
HPL00613	REPEAT_ONLY	PROMOTER_OR_INTERGENIC_UPSTREAM	A	1	8	58	1.0	51	131.6	0.7692	21.5	26.8	0.3333	161.0	190.5	PARTIAL	0.434	NO	NO	NO	NO	NA	NA
HPL00614	REPEAT_ONLY	PROMOTER_OR_INTERGENIC_UPSTREAM	A	1	8	58	1.0	75	131.6	0.5385	29	26.8	0.3333	224.5	190.5	PARTIAL	0.562	NO	NO	NO	NO	NA	NA
HPL00615	STRONG_PV_CANDIDATE	PROMOTER_OR_INTERGENIC_UPSTREAM	C	1	13	63	0.2051	9.5	128.4	0.0769	13	26.1	0.0	0	180.2	UNCALLABLE_BOTH	0.566	NO	NO	NO	NO	NA	NA
HPL00616	REPEAT_ONLY	PROMOTER_OR_INTERGENIC_UPSTREAM	AATCC	5	17	67	1.0	76	125.9	0.1538	20.0	25.5	0.0	0	172.0	UNCALLABLE_BOTH	0.615	NO	NO	NO	NO	0.0	1.0
HPL00617	REPEAT_ONLY	PROMOTER_OR_INTERGENIC_UPSTREAM	A	1	11	61	1.0	52	129.7	0.0	0	26.4	0.0	0	184.3	UNCALLABLE_BOTH	0.669	NO	NO	NO	NO	NA	NA
HPL00619	REPEAT_ONLY	CDS	A	1	8	58	1.0	120	131.6	0.6923	25	26.8	0.5	184	190.5	PARTIAL	0.538	NO	NO	NO	NO	NA	NA
HPL00620	REPEAT_ONLY	CDS	A	1	8	58	0.9744	47.0	131.6	0.5385	11	26.8	0.0	0	190.5	PLATFORM_CONFOUNDED_CALLABILITY	0.497	NO	NO	NO	NO	NA	NA
HPL00621	REPEAT_ONLY	CDS	CG	2	11	61	0.9744	55.5	129.7	0.0769	12	26.4	0.0	0	184.3	UNCALLABLE_BOTH	0.665	NO	NO	NO	NO	NA	NA
HPL00622	REPEAT_ONLY	CDS	C	1	8	58	0.9744	72.0	131.6	1.0	18	26.8	0.8333	162	190.5	CALLABLE_BOTH	NA	NA	NO	NO	NO	1.0	1.0
HPL00623	REPEAT_ONLY	CDS	A	1	8	58	1.0	82	131.6	0.5385	20	26.8	0.0	0	190.5	PLATFORM_CONFOUNDED_CALLABILITY	0.457	NO	NO	NO	NO	NA	NA
HPL00624	REPEAT_ONLY	CDS	A	1	8	58	1.0	77	131.6	0.9231	19.5	26.8	1.0	206.0	190.5	CALLABLE_BOTH	NA	NA	NO	NO	NO	NA	NA
HPL00625	REPEAT_ONLY	PROMOTER_OR_INTERGENIC_UPSTREAM	A	1	8	58	0.7179	80.0	131.6	0.0769	35	26.8	0.1667	116	190.5	UNCALLABLE_BOTH	0.582	NO	NO	NO	NO	1.0	1.0
HPL00626	REPEAT_ONLY	CDS	A	1	8	58	1.0	94	131.6	0.1538	18.5	26.8	0.0	0	190.5	UNCALLABLE_BOTH	0.627	NO	NO	NO	NO	NA	NA
HPL00627	REPEAT_ONLY	CDS	A	1	8	58	0.641	74	131.6	0.0769	41	26.8	0.0	0	190.5	UNCALLABLE_BOTH	0.544	NO	NO	NO	NO	NA	NA
HPL00628	REPEAT_ONLY	PROMOTER_OR_INTERGENIC_UPSTREAM	AAT	3	12	62	0.641	47	129.1	0.0	0	26.2	0.3333	100.5	182.3	PARTIAL	0.663	NO	NO	NO	NO	1.0	1.0
HPL00629	REPEAT_ONLY	INTERGENIC_OTHER	A	1	9	59	0.0	0	131.0	0.0	0	26.6	0.0	0	188.4	UNCALLABLE_BOTH	NA	NA	NO	NO	NO	NA	NA
HPL00630	REPEAT_ONLY	CDS	A	1	8	58	0.9744	59.0	131.6	0.0769	28	26.8	0.1667	47	190.5	UNCALLABLE_BOTH	0.717	NO	NO	NO	NO	NA	NA
HPL00631	REPEAT_ONLY	CDS	AATCC	5	18	68	0.9487	64	125.2	0.0	0	25.4	0.0	0	170.0	UNCALLABLE_BOTH	0.705	NO	NO	NO	NO	0.0	1.0
HPL00634	REPEAT_ONLY	INTERGENIC_OTHER	A	1	8	58	1.0	59	131.6	0.1538	64.5	26.8	0.0	0	190.5	UNCALLABLE_BOTH	0.644	NO	NO	NO	NO	NA	NA
HPL00635	REPEAT_ONLY	CDS	A	1	8	58	1.0	76	131.6	0.3846	21	26.8	0.0	0	190.5	PARTIAL	0.53	NO	NO	NO	NO	NA	NA
HPL00636	REPEAT_ONLY	CDS	A	1	8	58	1.0	97	131.6	1.0	26	26.8	0.6667	150.0	190.5	PARTIAL	NA	NA	NO	NO	NO	NA	NA
HPL00637	REPEAT_ONLY	CDS	A	1	8	58	1.0	76	131.6	0.6923	18	26.8	0.8333	189	190.5	PARTIAL	0.751	NO	NO	NO	NO	NA	NA
HPL00638	REPEAT_ONLY	CDS	A	1	8	58	1.0	89	131.6	0.3846	22	26.8	1.0	173.0	190.5	PLATFORM_CONFOUNDED_CALLABILITY	0.9	YES	NO	NO	NO	NA	NA
HPL00639	REPEAT_ONLY	CDS	A	1	8	58	1.0	83	131.6	0.3846	25	26.8	0.0	0	190.5	PARTIAL	0.543	NO	NO	NO	NO	NA	NA
HPL00640	REPEAT_ONLY	CDS	A	1	8	58	0.9744	82.0	131.6	1.0	21	26.8	1.0	165.0	190.5	CALLABLE_BOTH	NA	NA	NO	NO	NO	NA	NA
HPL00641	REPEAT_ONLY	CDS	A	1	8	58	0.9744	69.5	131.6	0.9231	25.0	26.8	1.0	202.5	190.5	CALLABLE_BOTH	NA	NA	NO	NO	NO	NA	NA
HPL00642	STRONG_PV_CANDIDATE	CDS	C	1	10	60	0.0	0	130.4	0.5	11	26.5	NA	0	186.4	NA	NA	NA	NO	NO	NO	NA	NA
HPL00644	REPEAT_ONLY	CDS	A	1	8	58	0.9744	78.5	131.6	0.6154	21.0	26.8	0.0	0	190.5	PLATFORM_CONFOUNDED_CALLABILITY	0.441	NO	NO	NO	NO	NA	NA
HPL00645	REPEAT_ONLY	CDS	A	1	8	58	1.0	78	131.6	0.9231	22.0	26.8	1.0	206.5	190.5	CALLABLE_BOTH	NA	NA	NO	NO	NO	NA	NA
HPL00646	REPEAT_ONLY	PROMOTER_OR_INTERGENIC_UPSTREAM	A	1	8	58	1.0	83	131.6	0.4615	23.5	26.8	0.0	0	190.5	PARTIAL	0.5	NO	NO	NO	NO	NA	NA
HPL00649	REPEAT_ONLY	CDS	AG	2	10	60	0.9231	50.0	130.4	0.0	0	26.5	0.0	0	186.4	UNCALLABLE_BOTH	0.71	NO	NO	NO	NO	NA	NA
HPL00650	REPEAT_ONLY	CDS	A	1	8	58	1.0	81	131.6	0.0	0	26.8	0.0	0	190.5	UNCALLABLE_BOTH	0.669	NO	NO	NO	NO	NA	NA
HPL00651	REPEAT_ONLY	CDS	A	1	8	58	0.9744	70.5	131.6	0.0	0	26.8	0.0	0	190.5	UNCALLABLE_BOTH	0.691	NO	NO	NO	NO	NA	NA
HPL00652	REPEAT_ONLY	CDS	A	1	8	58	1.0	84	131.6	0.0	0	26.8	0.0	0	190.5	UNCALLABLE_BOTH	0.669	NO	NO	NO	NO	NA	NA
HPL00653	REPEAT_ONLY	CDS	A	1	8	58	0.9744	79.0	131.6	0.9231	24.0	26.8	0.6667	149.5	190.5	PARTIAL	NA	NA	NO	NO	NO	NA	NA
HPL00654	REPEAT_ONLY	CDS	A	1	8	58	1.0	74	131.6	1.0	26	26.8	1.0	176.0	190.5	CALLABLE_BOTH	NA	NA	NO	NO	NO	NA	NA
HPL00655	REPEAT_ONLY	CDS	AAC	3	12	62	0.9744	58.0	129.1	0.8462	14	26.2	0.8333	124	182.3	CALLABLE_BOTH	NA	NA	NO	NO	NO	NA	NA
HPL00656	REPEAT_ONLY	INTERGENIC_OTHER	A	1	8	58	1.0	74	131.6	0.2308	20	26.8	0.0	0	190.5	PARTIAL	0.599	NO	NO	NO	NO	NA	NA
HPL00657	STRONG_PV_CANDIDATE	CDS	A	1	8	58	0.3333	73	131.6	0.5385	21	26.8	1.0	198.5	190.5	PARTIAL	0.595	NO	NO	NO	NO	NA	NA
HPL00658	REPEAT_ONLY	CDS	A	1	9	59	1.0	81	131.0	0.1538	62.0	26.6	0.0	0	188.4	UNCALLABLE_BOTH	0.643	NO	NO	NO	NO	NA	NA
HPL00659	REPEAT_ONLY	CDS	A	1	8	58	1.0	81	131.6	0.1538	45.5	26.8	0.0	0	190.5	UNCALLABLE_BOTH	0.631	NO	NO	NO	NO	NA	NA
HPL00660	REPEAT_ONLY	CDS	A	1	8	58	1.0	81	131.6	0.5385	16	26.8	0.0	0	190.5	PLATFORM_CONFOUNDED_CALLABILITY	0.471	NO	NO	NO	NO	NA	NA
HPL00661	REPEAT_ONLY	CDS	A	1	8	58	1.0	70	131.6	0.4615	19.0	26.8	0.0	0	190.5	PARTIAL	0.513	NO	NO	NO	NO	NA	NA
HPL00662	REPEAT_ONLY	CDS	ACC	3	15	65	1.0	85	127.2	0.3077	23.5	25.8	1.0	189.0	176.1	PLATFORM_CONFOUNDED_CALLABILITY	0.938	YES	NO	NO	NO	NA	NA
HPL00663	REPEAT_ONLY	PROMOTER_OR_INTERGENIC_UPSTREAM	A	1	9	59	1.0	68	131.0	0.0	0	26.6	0.0	0	188.4	UNCALLABLE_BOTH	0.669	NO	NO	NO	NO	NA	NA
HPL00664	REPEAT_ONLY	INTERGENIC_OTHER	A	1	9	59	1.0	36	131.0	0.0	0	26.6	0.0	0	188.4	UNCALLABLE_BOTH	0.669	NO	NO	NO	NO	NA	NA
HPL00665	REPEAT_ONLY	INTERGENIC_OTHER	C	1	8	58	1.0	95	131.6	0.0	0	26.8	0.0	0	190.5	UNCALLABLE_BOTH	0.669	NO	NO	NO	NO	NA	NA
HPL00666	REPEAT_ONLY	PROMOTER_OR_INTERGENIC_UPSTREAM	A	1	13	63	0.9487	27	128.4	0.0	0	26.1	0.0	0	180.2	UNCALLABLE_BOTH	0.683	NO	NO	NO	NO	NA	NA
HPL00667	REPEAT_ONLY	CDS	A	1	8	58	1.0	84	131.6	0.3846	30	26.8	1.0	193.0	190.5	PLATFORM_CONFOUNDED_CALLABILITY	0.94	YES	NO	NO	NO	NA	NA
HPL00668	REPEAT_ONLY	PROMOTER_OR_INTERGENIC_UPSTREAM	A	1	9	59	0.9744	62.0	131.0	0.1538	20.0	26.6	0.0	0	188.4	UNCALLABLE_BOTH	0.639	NO	NO	NO	NO	NA	NA
HPL00669	REPEAT_ONLY	CDS	C	1	8	58	0.9744	73.5	131.6	1.0	25	26.8	1.0	172.5	190.5	CALLABLE_BOTH	NA	NA	NO	NO	NO	NA	NA
HPL00670	REPEAT_ONLY	CDS	C	1	8	58	0.9744	69.0	131.6	1.0	22	26.8	1.0	184.0	190.5	CALLABLE_BOTH	NA	NA	NO	NO	NO	NA	NA
HPL00671	REPEAT_ONLY	CDS	A	1	8	58	1.0	77	131.6	0.3077	24.0	26.8	0.0	0	190.5	PARTIAL	0.574	NO	NO	NO	NO	NA	NA
HPL00673	REPEAT_ONLY	CDS	A	1	8	58	1.0	99	131.6	0.5385	26	26.8	0.0	0	190.5	PLATFORM_CONFOUNDED_CALLABILITY	0.474	NO	NO	NO	NO	NA	NA
HPL00674	REPEAT_ONLY	PROMOTER_OR_INTERGENIC_UPSTREAM	AATTC	5	16	66	0.9744	87.5	126.5	0.4615	20.5	25.7	0.0	0	174.1	PARTIAL	0.523	NO	NO	NO	NO	1.0	1.0
HPL00675	REPEAT_ONLY	CDS	A	1	8	58	0.9744	81.0	131.6	0.6923	31	26.8	0.0	0	190.5	PLATFORM_CONFOUNDED_CALLABILITY	0.426	NO	NO	NO	NO	NA	NA
HPL00676	REPEAT_ONLY	CDS	A	1	8	58	1.0	69	131.6	0.0769	30	26.8	0.0	0	190.5	UNCALLABLE_BOTH	0.65	NO	NO	NO	NO	NA	NA
HPL00677	KNOWN_PV	CDS	C	1	16	66	0.9487	44	126.5	0.0	0	25.7	0.0	0	174.1	UNCALLABLE_BOTH	0.705	NO	NO	NO	NO	1.0	1.0
HPL00678	REPEAT_ONLY	CDS	AC	2	10	60	0.9744	69.0	130.4	0.0769	31	26.5	0.0	0	186.4	UNCALLABLE_BOTH	0.668	NO	NO	NO	NO	NA	NA
HPL00679	REPEAT_ONLY	INTERGENIC_OTHER	A	1	8	58	1.0	75	131.6	0.6154	23.0	26.8	0.1667	169	190.5	PARTIAL	0.479	NO	NO	NO	NO	NA	NA
HPL00680	REPEAT_ONLY	PROMOTER_OR_INTERGENIC_UPSTREAM	A	1	8	58	1.0	74	131.6	0.7692	18.5	26.8	0.5	106	190.5	PARTIAL	0.49	NO	NO	NO	NO	NA	NA
HPL00681	STRONG_PV_CANDIDATE	CDS	A	1	8	58	1.0	88	131.6	0.6154	28.5	26.8	1.0	190.5	190.5	PARTIAL	0.928	YES	NO	NO	NO	NA	NA
HPL00682	STRONG_PV_CANDIDATE	PROMOTER_OR_INTERGENIC_UPSTREAM	A	1	8	58	1.0	52	131.6	0.2308	37	26.8	0.0	0	190.5	PARTIAL	0.611	NO	NO	NO	NO	NA	NA
HPL00685	STRONG_PV_CANDIDATE	CDS	C	1	10	60	0.9231	31.5	130.4	0.3846	23	26.5	0.1667	74	186.4	PARTIAL	0.65	NO	NO	NO	NO	NA	NA
HPL00686	STRONG_PV_CANDIDATE	CDS	AAACCC	6	20	70	0.0	0	124.0	0.3846	25	25.1	0.0	0	165.9	PARTIAL	0.126	NO	NO	NO	NO	1.0	0.0
HPL00687	REPEAT_ONLY	CDS	A	1	8	58	0.9744	78.0	131.6	0.0769	26	26.8	0.0	0	190.5	UNCALLABLE_BOTH	0.665	NO	NO	NO	NO	NA	NA
HPL00688	REPEAT_ONLY	INTERGENIC_OTHER	AT	2	11	61	0.9487	63	129.7	0.1538	16.5	26.4	0.0	0	184.3	UNCALLABLE_BOTH	0.671	NO	NO	NO	NO	1.0	0.0
HPL00689	REPEAT_ONLY	CDS	A	1	8	58	0.9744	89.0	131.6	0.0769	25	26.8	0.0	0	190.5	UNCALLABLE_BOTH	0.668	NO	NO	NO	NO	NA	NA
HPL00690	REPEAT_ONLY	CDS	A	1	8	58	1.0	61	131.6	0.8462	21	26.8	1.0	157.5	190.5	CALLABLE_BOTH	NA	NA	NO	NO	NO	NA	NA
HPL00691	REPEAT_ONLY	CDS	A	1	9	59	1.0	92	131.0	0.4615	19.0	26.6	1.0	210.0	188.4	PLATFORM_CONFOUNDED_CALLABILITY	0.922	YES	NO	NO	NO	NA	NA
HPL00692	REPEAT_ONLY	PROMOTER_OR_INTERGENIC_UPSTREAM	A	1	8	58	0.9744	43.5	131.6	0.0769	22	26.8	0.0	0	190.5	UNCALLABLE_BOTH	0.665	NO	NO	NO	NO	NA	NA
HPL00693	REPEAT_ONLY	CDS	A	1	8	58	0.0	0	131.6	0.0	0	26.8	0.0	0	190.5	UNCALLABLE_BOTH	NA	NA	NO	NO	NO	NA	NA
HPL00694	STRONG_PV_CANDIDATE	CDS	C	1	8	58	0.0	0	131.6	0.1538	16.0	26.8	1.0	214.0	190.5	PLATFORM_CONFOUNDED_CALLABILITY	0.75	NO	NO	NO	NO	NA	NA
HPL00695	REPEAT_ONLY	CDS	A	1	8	58	1.0	72	131.6	0.4615	36.5	26.8	0.0	0	190.5	PARTIAL	0.522	NO	NO	NO	NO	NA	NA
HPL00697	REPEAT_ONLY	CDS	A	1	8	58	1.0	64	131.6	0.2308	18	26.8	0.8333	170	190.5	PLATFORM_CONFOUNDED_CALLABILITY	0.889	YES	NO	NO	NO	NA	NA
HPL00698	REPEAT_ONLY	CDS	AAAAT	5	15	65	1.0	81	127.2	0.0	0	25.8	0.0	0	176.1	UNCALLABLE_BOTH	0.669	NO	NO	NO	NO	1.0	1.0
HPL00699	REPEAT_ONLY	CDS	A	1	8	58	1.0	75	131.6	1.0	26	26.8	1.0	216.5	190.5	CALLABLE_BOTH	NA	NA	NO	NO	NO	NA	NA
HPL00700	REPEAT_ONLY	INTERGENIC_OTHER	C	1	8	58	1.0	74	131.6	0.0769	19	26.8	0.0	0	190.5	UNCALLABLE_BOTH	0.65	NO	NO	NO	NO	NA	NA
HPL00701	REPEAT_ONLY	CDS	A	1	8	58	0.9744	90.5	131.6	0.0769	9	26.8	0.0	0	190.5	UNCALLABLE_BOTH	0.672	NO	NO	NO	NO	NA	NA
HPL00702	REPEAT_ONLY	CDS	A	1	8	58	1.0	111	131.6	0.6923	20	26.8	0.3333	189.5	190.5	PARTIAL	0.439	NO	NO	NO	NO	NA	NA
HPL00703	REPEAT_ONLY	CDS	A	1	8	58	1.0	66	131.6	0.0769	8	26.8	0.0	0	190.5	UNCALLABLE_BOTH	0.646	NO	NO	NO	NO	NA	NA
HPL00704	REPEAT_ONLY	PROMOTER_OR_INTERGENIC_UPSTREAM	A	1	8	58	1.0	73	131.6	0.0	0	26.8	0.0	0	190.5	UNCALLABLE_BOTH	0.669	NO	NO	NO	NO	NA	NA
HPL00705	REPEAT_ONLY	INTERGENIC_OTHER	A	1	8	58	0.0	0	131.6	0.0	0	26.8	0.8333	214	190.5	PLATFORM_CONFOUNDED_CALLABILITY	1.0	YES	NO	NO	NO	NA	NA
HPL00706	REPEAT_ONLY	INTERGENIC_OTHER	A	1	8	58	0.0	0	131.6	0.0	0	26.8	0.0	0	190.5	UNCALLABLE_BOTH	NA	NA	NO	NO	NO	NA	NA
HPL00707	REPEAT_ONLY	INTERGENIC_OTHER	C	1	8	58	0.0	0	131.6	0.0	0	26.8	0.0	0	190.5	UNCALLABLE_BOTH	NA	NA	NO	NO	NO	NA	NA
HPL00708	STRONG_PV_CANDIDATE	CDS	A	1	8	58	0.0	0	131.6	0.0	0	26.8	0.0	0	190.5	UNCALLABLE_BOTH	NA	NA	NO	NO	NO	NA	NA
HPL00709	REPEAT_ONLY	PROMOTER_OR_INTERGENIC_UPSTREAM	A	1	8	58	1.0	74	131.6	0.8462	21	26.8	1.0	206.5	190.5	CALLABLE_BOTH	NA	NA	NO	NO	NO	NA	NA
HPL00715	REPEAT_ONLY	INTERGENIC_OTHER	A	1	8	58	NA	0	131.6	NA	0	26.8	1.0	190	190.5	NA	NA	NA	NO	NO	NO	NA	NA
HPL00716	REPEAT_ONLY	INTERGENIC_OTHER	AT	2	10	60	0.0	0	130.4	0.1538	17.0	26.5	0.0	0	186.4	UNCALLABLE_BOTH	NA	NA	NO	NO	NO	1.0	1.0
HPL00717	REPEAT_ONLY	CDS	ACC	3	12	62	0.8462	48	129.1	0.3077	25.0	26.2	1.0	209.0	182.3	PLATFORM_CONFOUNDED_CALLABILITY	0.86	YES	NO	NO	NO	NA	NA
HPL00718	REPEAT_ONLY	CDS	ACC	3	13	63	0.0	0	128.4	0.2308	52	26.1	1.0	94.5	180.2	PLATFORM_CONFOUNDED_CALLABILITY	0.732	NO	NO	NO	NO	NA	NA
HPL00719	REPEAT_ONLY	CDS	A	1	8	58	0.0	0	131.6	0.0	0	26.8	0.8333	100	190.5	PLATFORM_CONFOUNDED_CALLABILITY	0.985	YES	NO	NO	NO	NA	NA
HPL00720	REPEAT_ONLY	CDS	A	1	8	58	1.0	84	131.6	0.9231	22.5	26.8	0.1667	190	190.5	PLATFORM_CONFOUNDED_CALLABILITY	0.168	NO	NO	NO	NO	NA	NA
HPL00721	REPEAT_ONLY	CDS	A	1	8	58	0.0	0	131.6	0.1538	26.0	26.8	0.0	0	190.5	UNCALLABLE_BOTH	NA	NA	NO	NO	NO	NA	NA
HPL00723	REPEAT_ONLY	CDS	A	1	8	58	0.0	0	131.6	0.0	0	26.8	0.0	0	190.5	UNCALLABLE_BOTH	NA	NA	NO	NO	NO	NA	NA
HPL00724	REPEAT_ONLY	CDS	A	1	8	58	0.0	0	131.6	0.0	0	26.8	0.0	0	190.5	UNCALLABLE_BOTH	NA	NA	NO	NO	NO	NA	NA
HPL00731	REPEAT_ONLY	PROMOTER_OR_INTERGENIC_UPSTREAM	C	1	10	60	0.0	0	130.4	0.0	0	26.5	0.0	0	186.4	UNCALLABLE_BOTH	NA	NA	NO	NO	NO	NA	NA
HPL00732	REPEAT_ONLY	CDS	A	1	8	58	1.0	69	131.6	0.9231	22.0	26.8	1.0	232.5	190.5	CALLABLE_BOTH	NA	NA	NO	NO	NO	NA	NA
HPL00733	REPEAT_ONLY	INTERGENIC_OTHER	A	1	8	58	0.0	0	131.6	0.2308	16	26.8	0.0	0	190.5	PARTIAL	NA	NA	NO	NO	NO	NA	NA
HPL00734	REPEAT_ONLY	CDS	A	1	8	58	1.0	54	131.6	0.6154	17.5	26.8	0.8333	165	190.5	PARTIAL	0.808	YES	NO	NO	NO	NA	NA
HPL00735	REPEAT_ONLY	CDS	A	1	8	58	1.0	70	131.6	1.0	24	26.8	0.1667	191	190.5	PLATFORM_CONFOUNDED_CALLABILITY	0.011	NO	NO	NO	NO	NA	NA
HPL00736	REPEAT_ONLY	INTERGENIC_OTHER	A	1	8	58	0.0	0	131.6	0.1538	11.0	26.8	0.0	0	190.5	UNCALLABLE_BOTH	NA	NA	NO	NO	NO	NA	NA
HPL00737	REPEAT_ONLY	CDS	A	1	8	58	0.0	0	131.6	0.0	0	26.8	0.0	0	190.5	UNCALLABLE_BOTH	NA	NA	NO	NO	NO	NA	NA
HPL00738	REPEAT_ONLY	CDS	A	1	8	58	0.8718	33.0	131.6	0.2308	9	26.8	1.0	183.5	190.5	PLATFORM_CONFOUNDED_CALLABILITY	0.89	YES	NO	NO	NO	NA	NA
HPL00740	REPEAT_ONLY	INTERGENIC_OTHER	A	1	9	59	0.0	0	131.0	0.0	0	26.6	0.0	0	188.4	UNCALLABLE_BOTH	NA	NA	NO	NO	NO	NA	NA
HPL00741	STRONG_PV_CANDIDATE	CDS	A	1	8	58	0.0	0	131.6	0.0769	11	26.8	0.0	0	190.5	UNCALLABLE_BOTH	NA	NA	NO	NO	NO	NA	NA
HPL00742	REPEAT_ONLY	CDS	A	1	8	58	0.0	0	131.6	0.0769	9	26.8	0.0	0	190.5	UNCALLABLE_BOTH	NA	NA	NO	NO	NO	NA	NA
HPL00743	REPEAT_ONLY	CDS	ATC	3	12	62	0.0	0	129.1	0.9231	19.0	26.2	0.6667	149.0	182.3	PARTIAL	0.266	NO	NO	NO	NO	NA	NA
HPL00748	REPEAT_ONLY	CDS	A	1	9	59	0.9744	30.0	131.0	0.6923	18	26.6	1.0	179.0	188.4	PARTIAL	0.923	YES	NO	NO	NO	NA	NA
HPL00749	REPEAT_ONLY	CDS	A	1	9	59	0.8718	25.0	131.0	0.3846	14	26.6	0.1667	82	188.4	PARTIAL	0.642	NO	NO	NO	NO	NA	NA
HPL00750	REPEAT_ONLY	CDS	A	1	8	58	0.0	0	131.6	0.6923	25	26.8	0.5	136	190.5	PARTIAL	0.283	NO	NO	NO	NO	NA	NA
HPL00751	REPEAT_ONLY	CDS	A	1	8	58	1.0	70	131.6	0.9231	21.0	26.8	1.0	205.0	190.5	CALLABLE_BOTH	NA	NA	NO	NO	NO	NA	NA
HPL00752	REPEAT_ONLY	CDS	A	1	8	58	0.9744	78.0	131.6	1.0	26	26.8	1.0	191.0	190.5	CALLABLE_BOTH	NA	NA	NO	NO	NO	NA	NA
HPL00754	REPEAT_ONLY	CDS	C	1	8	58	0.0	0	131.6	0.1538	34.0	26.8	0.5	85	190.5	PARTIAL	0.623	NO	NO	NO	NO	NA	NA
HPL00755	REPEAT_ONLY	CDS	A	1	8	58	0.0	0	131.6	0.0	0	26.8	0.0	0	190.5	UNCALLABLE_BOTH	NA	NA	NO	NO	NO	NA	NA
HPL00756	REPEAT_ONLY	CDS	A	1	8	58	0.0	0	131.6	0.0	0	26.8	0.0	0	190.5	UNCALLABLE_BOTH	NA	NA	NO	NO	NO	NA	NA
HPL00757	REPEAT_ONLY	CDS	C	1	15	65	0.0	0	127.2	0.0	0	25.8	0.0	0	176.1	UNCALLABLE_BOTH	NA	NA	NO	NO	NO	NA	NA
HPL00758	REPEAT_ONLY	CDS	A	1	8	58	0.0	0	131.6	0.0	0	26.8	0.1667	53	190.5	UNCALLABLE_BOTH	NA	NA	NO	NO	NO	NA	NA
HPL00759	REPEAT_ONLY	INTERGENIC_OTHER	A	1	8	58	0.0	0	131.6	0.0	0	26.8	0.1667	193	190.5	UNCALLABLE_BOTH	NA	NA	NO	NO	NO	NA	NA
HPL00761	REPEAT_ONLY	CDS	A	1	8	58	0.8974	47	131.6	0.9231	15.5	26.8	1.0	194.5	190.5	CALLABLE_BOTH	0.781	NO	NO	NO	NO	NA	NA
HPL00762	REPEAT_ONLY	INTERGENIC_OTHER	AAT	3	12	62	0.0	0	129.1	0.0	0	26.2	0.0	0	182.3	UNCALLABLE_BOTH	NA	NA	NO	NO	NO	1.0	1.0
HPL00763	REPEAT_ONLY	INTERGENIC_OTHER	A	1	8	58	0.0	0	131.6	0.0	0	26.8	0.8333	196	190.5	PLATFORM_CONFOUNDED_CALLABILITY	1.0	YES	NO	NO	NO	NA	NA
HPL00764	REPEAT_ONLY	CDS	AG	2	17	67	0.0	0	125.9	0.0	0	25.5	0.0	0	172.0	UNCALLABLE_BOTH	NA	NA	NO	NO	NO	NA	NA
HPL00765	REPEAT_ONLY	CDS	AAAATT	6	19	69	0.0	0	124.6	0.0	0	25.2	0.0	0	167.9	UNCALLABLE_BOTH	NA	NA	NO	NO	NO	0.0	1.0
HPL00766	REPEAT_ONLY	CDS	A	1	8	58	0.8974	44	131.6	1.0	22	26.8	0.8333	206	190.5	CALLABLE_BOTH	0.577	NO	NO	NO	NO	NA	NA
HPL00767	REPEAT_ONLY	CDS	A	1	8	58	0.0	0	131.6	0.0	0	26.8	0.0	0	190.5	UNCALLABLE_BOTH	NA	NA	NO	NO	NO	NA	NA
HPL00768	REPEAT_ONLY	CDS	A	1	8	58	0.0	0	131.6	0.0	0	26.8	0.0	0	190.5	UNCALLABLE_BOTH	NA	NA	NO	NO	NO	NA	NA
HPL00769	STRONG_PV_CANDIDATE	CDS	A	1	8	58	0.0	0	131.6	0.0769	11	26.8	0.0	0	190.5	UNCALLABLE_BOTH	NA	NA	NO	NO	NO	NA	NA
HPL00770	REPEAT_ONLY	CDS	A	1	9	59	0.0	0	131.0	0.3077	17.0	26.6	0.8333	172	188.4	PLATFORM_CONFOUNDED_CALLABILITY	0.611	NO	NO	NO	NO	NA	NA
HPL00771	STRONG_PV_CANDIDATE	CDS	AAG	3	13	63	0.8462	24	128.4	0.4615	27.0	26.1	0.0	0	180.2	PARTIAL	0.561	NO	NO	NO	NO	NA	NA
HPL00772	REPEAT_ONLY	CDS	A	1	8	58	0.0	0	131.6	0.0	0	26.8	0.0	0	190.5	UNCALLABLE_BOTH	NA	NA	NO	NO	NO	NA	NA
HPL00773	REPEAT_ONLY	CDS	A	1	9	59	0.0	0	131.0	0.0769	11	26.6	0.0	0	188.4	UNCALLABLE_BOTH	NA	NA	NO	NO	NO	NA	NA
HPL00779	REPEAT_ONLY	CDS	A	1	8	58	0.0	0	131.6	0.5385	21	26.8	0.0	0	190.5	PLATFORM_CONFOUNDED_CALLABILITY	0.076	NO	NO	NO	NO	NA	NA
HPL00780	REPEAT_ONLY	CDS	A	1	8	58	1.0	56	131.6	0.9231	18.0	26.8	1.0	142.5	190.5	CALLABLE_BOTH	NA	NA	NO	NO	NO	NA	NA
HPL00781	REPEAT_ONLY	CDS	A	1	8	58	0.0	0	131.6	0.0	0	26.8	1.0	175.0	190.5	PLATFORM_CONFOUNDED_CALLABILITY	1.0	YES	NO	NO	NO	NA	NA
HPL00782	REPEAT_ONLY	CDS	A	1	8	58	0.0	0	131.6	0.6923	26	26.8	1.0	145.5	190.5	PARTIAL	0.461	NO	NO	NO	NO	NA	NA
HPL00783	REPEAT_ONLY	INTERGENIC_OTHER	A	1	8	58	0.0	0	131.6	0.0769	27	26.8	0.0	0	190.5	UNCALLABLE_BOTH	NA	NA	NO	NO	NO	NA	NA
HPL00786	REPEAT_ONLY	CDS	A	1	8	58	0.0	0	131.6	0.3077	22.0	26.8	0.6667	105.0	190.5	PARTIAL	0.581	NO	NO	NO	NO	NA	NA
HPL00787	REPEAT_ONLY	CDS	A	1	8	58	0.8205	52.5	131.6	0.0769	17	26.8	0.0	0	190.5	UNCALLABLE_BOTH	0.651	NO	NO	NO	NO	NA	NA
HPL00788	REPEAT_ONLY	INTERGENIC_OTHER	A	1	8	58	0.0	0	131.6	0.0	0	26.8	0.0	0	190.5	UNCALLABLE_BOTH	NA	NA	NO	NO	NO	NA	NA
HPL00789	REPEAT_ONLY	PROMOTER_OR_INTERGENIC_UPSTREAM	A	1	8	58	0.0	0	131.6	0.5385	24	26.8	0.0	0	190.5	PLATFORM_CONFOUNDED_CALLABILITY	0.06	NO	NO	NO	NO	NA	NA
HPL00790	REPEAT_ONLY	CDS	A	1	8	58	0.9744	34.0	131.6	1.0	20	26.8	0.6667	41.0	190.5	PARTIAL	NA	NA	NO	NO	NO	NA	NA
HPL00791	REPEAT_ONLY	INTERGENIC_OTHER	A	1	8	58	0.0	0	131.6	0.1538	44.0	26.8	0.0	0	190.5	UNCALLABLE_BOTH	NA	NA	NO	NO	NO	NA	NA
HPL00792	REPEAT_ONLY	CDS	A	1	9	59	0.0	0	131.0	0.0	0	26.6	0.0	0	188.4	UNCALLABLE_BOTH	NA	NA	NO	NO	NO	NA	NA
HPL00793	REPEAT_ONLY	PROMOTER_OR_INTERGENIC_UPSTREAM	A	1	9	59	0.0	0	131.0	0.0	0	26.6	0.0	0	188.4	UNCALLABLE_BOTH	NA	NA	NO	NO	NO	NA	NA
HPL00796	REPEAT_ONLY	INTERGENIC_OTHER	A	1	8	58	0.0	0	131.6	0.0	0	26.8	0.0	0	190.5	UNCALLABLE_BOTH	NA	NA	NO	NO	NO	NA	NA
HPL00797	REPEAT_ONLY	INTERGENIC_OTHER	A	1	9	59	0.0	0	131.0	0.0	0	26.6	0.0	0	188.4	UNCALLABLE_BOTH	NA	NA	NO	NO	NO	NA	NA
HPL00798	REPEAT_ONLY	INTERGENIC_OTHER	A	1	8	58	0.0	0	131.6	0.0	0	26.8	0.0	0	190.5	UNCALLABLE_BOTH	NA	NA	NO	NO	NO	NA	NA
HPL00801	REPEAT_ONLY	CDS	ACT	3	13	63	0.0	0	128.4	0.0	0	26.1	0.0	0	180.2	UNCALLABLE_BOTH	NA	NA	NO	NO	NO	NA	NA
HPL00803	REPEAT_ONLY	PROMOTER_OR_INTERGENIC_UPSTREAM	A	1	20	70	0.0	0	124.0	0.0	0	25.1	0.0	0	165.9	UNCALLABLE_BOTH	NA	NA	NO	NO	NO	NA	NA
HPL00804	REPEAT_ONLY	CDS	A	1	8	58	1.0	79	131.6	1.0	21	26.8	1.0	198.5	190.5	CALLABLE_BOTH	NA	NA	NO	NO	NO	NA	NA
HPL00805	REPEAT_ONLY	CDS	A	1	8	58	0.0	0	131.6	0.3077	23.0	26.8	1.0	160.5	190.5	PLATFORM_CONFOUNDED_CALLABILITY	0.657	NO	NO	NO	NO	NA	NA
HPL00806	REPEAT_ONLY	CDS	A	1	8	58	0.0	0	131.6	0.0	0	26.8	0.0	0	190.5	UNCALLABLE_BOTH	NA	NA	NO	NO	NO	NA	NA
HPL00807	STRONG_PV_CANDIDATE	CDS	AAACCC	6	23	73	0.0	0	122.0	0.0	0	24.7	0.0	0	159.7	UNCALLABLE_BOTH	NA	NA	NO	NO	NO	0.0	1.0
HPL00809	REPEAT_ONLY	CDS	A	1	8	58	0.0	0	131.6	1.0	40.5	26.8	1.0	263	190.5	CALLABLE_BOTH	NA	NA	NO	NO	NO	NA	NA
HPL00810	STRONG_PV_CANDIDATE	CDS	A	1	8	58	0.8718	46.0	131.6	0.2308	18	26.8	0.0	0	190.5	PARTIAL	0.625	NO	NO	NO	NO	NA	NA
HPL00811	REPEAT_ONLY	CDS	A	1	8	58	0.9744	95.0	131.6	0.9231	19.5	26.8	1.0	225.5	190.5	CALLABLE_BOTH	NA	NA	NO	NO	NO	NA	NA
HPL00812	REPEAT_ONLY	CDS	C	1	9	59	0.0	0	131.0	0.0769	36	26.6	0.0	0	188.4	UNCALLABLE_BOTH	NA	NA	NO	NO	NO	NA	NA
HPL00813	REPEAT_ONLY	CDS	A	1	8	58	0.0	0	131.6	0.0	0	26.8	0.0	0	190.5	UNCALLABLE_BOTH	NA	NA	NO	NO	NO	NA	NA
HPL00814	REPEAT_ONLY	CDS	A	1	8	58	0.0	0	131.6	0.0	0	26.8	0.5	117	190.5	PLATFORM_CONFOUNDED_CALLABILITY	NA	NA	NO	NO	NO	NA	NA
HPL00815	STRONG_PV_CANDIDATE	CDS	C	1	12	62	0.0	0	129.1	0.0	0	26.2	0.0	0	182.3	UNCALLABLE_BOTH	NA	NA	NO	NO	NO	NA	NA
HPL00816	REPEAT_ONLY	CDS	A	1	8	58	0.0	0	131.6	0.5385	16	26.8	0.3333	100.5	190.5	PARTIAL	0.293	NO	NO	NO	NO	NA	NA
HPL00817	REPEAT_ONLY	CDS	A	1	8	58	0.0	0	131.6	0.8462	35	26.8	1.0	201.5	190.5	CALLABLE_BOTH	0.395	NO	NO	NO	NO	NA	NA
HPL00818	STRONG_PV_CANDIDATE	PROMOTER_OR_INTERGENIC_UPSTREAM	A	1	13	63	0.0	0	128.4	0.3077	15.0	26.1	0.3333	149.0	180.2	PARTIAL	0.345	NO	NO	NO	NO	NA	NA
HPL00819	REPEAT_ONLY	CDS	A	1	8	58	0.0	0	131.6	0.6154	28.5	26.8	0.0	0	190.5	PLATFORM_CONFOUNDED_CALLABILITY	0.08	NO	NO	NO	NO	NA	NA
HPL00820	REPEAT_ONLY	CDS	A	1	8	58	0.8718	45.5	131.6	0.6154	15.5	26.8	0.0	0	190.5	PLATFORM_CONFOUNDED_CALLABILITY	0.471	NO	NO	NO	NO	NA	NA
HPL00821	REPEAT_ONLY	CDS	A	1	8	58	0.8718	44.5	131.6	1.0	21	26.8	1.0	218.0	190.5	CALLABLE_BOTH	0.657	NO	NO	NO	NO	NA	NA
HPL00822	REPEAT_ONLY	PROMOTER_OR_INTERGENIC_UPSTREAM	A	1	8	58	0.0	0	131.6	0.1538	42.5	26.8	1.0	103.0	190.5	PLATFORM_CONFOUNDED_CALLABILITY	0.805	YES	NO	NO	NO	NA	NA
HPL00823	REPEAT_ONLY	CDS	A	1	8	58	0.0	0	131.6	0.4615	24.5	26.8	0.6667	203.0	190.5	PARTIAL	0.434	NO	NO	NO	NO	NA	NA
HPL00824	STRONG_PV_CANDIDATE	CDS	A	1	10	60	0.0	0	130.4	0.0	0	26.5	0.3333	220.5	186.4	PARTIAL	NA	NA	NO	NO	NO	NA	NA
HPL00825	REPEAT_ONLY	CDS	A	1	8	58	0.0	0	131.6	0.0	0	26.8	0.0	0	190.5	UNCALLABLE_BOTH	NA	NA	NO	NO	NO	NA	NA
HPL00826	REPEAT_ONLY	CDS	A	1	8	58	0.0	0	131.6	0.0769	36	26.8	1.0	196.5	190.5	PLATFORM_CONFOUNDED_CALLABILITY	0.888	YES	NO	NO	NO	NA	NA
HPL00827	REPEAT_ONLY	INTERGENIC_OTHER	C	1	9	59	0.0	0	131.0	0.0	0	26.6	0.0	0	188.4	UNCALLABLE_BOTH	NA	NA	NO	NO	NO	NA	NA
HPL00828	STRONG_PV_CANDIDATE	CDS	A	1	8	58	1.0	77	131.6	0.6154	23.5	26.8	0.3333	148.5	190.5	PARTIAL	0.517	NO	NO	NO	NO	NA	NA
HPL00829	REPEAT_ONLY	INTERGENIC_OTHER	A	1	8	58	0.0	0	131.6	0.0769	68	26.8	0.0	0	190.5	UNCALLABLE_BOTH	NA	NA	NO	NO	NO	NA	NA
HPL00830	REPEAT_ONLY	INTERGENIC_OTHER	A	1	8	58	0.0	0	131.6	0.0	0	26.8	0.0	0	190.5	UNCALLABLE_BOTH	NA	NA	NO	NO	NO	NA	NA
HPL00831	REPEAT_ONLY	CDS	A	1	8	58	0.0	0	131.6	0.0	0	26.8	0.0	0	190.5	UNCALLABLE_BOTH	NA	NA	NO	NO	NO	NA	NA
HPL00832	REPEAT_ONLY	PROMOTER_OR_INTERGENIC_UPSTREAM	AAT	3	13	63	1.0	99	128.4	0.1538	19.5	26.1	0.8333	180	180.2	PLATFORM_CONFOUNDED_CALLABILITY	0.867	YES	NO	NO	NO	0.0	0.0
HPL00833	REPEAT_ONLY	CDS	C	1	9	59	0.0	0	131.0	0.5385	20	26.6	0.5	119	188.4	PARTIAL	0.344	NO	NO	NO	NO	NA	NA
HPL00834	REPEAT_ONLY	CDS	A	1	8	58	0.0	0	131.6	0.0	0	26.8	0.0	0	190.5	UNCALLABLE_BOTH	NA	NA	NO	NO	NO	NA	NA
HPL00835	REPEAT_ONLY	CDS	A	1	8	58	0.7949	19	131.6	0.8462	25	26.8	0.6667	59.5	190.5	PARTIAL	0.548	NO	NO	NO	NO	NA	NA
HPL00837	REPEAT_ONLY	CDS	A	1	8	58	0.0	0	131.6	0.6923	22	26.8	0.3333	159.5	190.5	PARTIAL	0.205	NO	NO	NO	NO	NA	NA
HPL00838	REPEAT_ONLY	INTERGENIC_OTHER	A	1	8	58	0.0	0	131.6	0.2308	19	26.8	0.0	0	190.5	PARTIAL	NA	NA	NO	NO	NO	NA	NA
HPL00839	REPEAT_ONLY	CDS	A	1	8	58	0.0	0	131.6	0.7692	23.5	26.8	0.6667	48.0	190.5	PARTIAL	0.335	NO	NO	NO	NO	NA	NA
HPL00840	STRONG_PV_CANDIDATE	PROMOTER_OR_INTERGENIC_UPSTREAM	A	1	8	58	0.0	0	131.6	0.4615	31.5	26.8	0.0	0	190.5	PARTIAL	0.125	NO	NO	NO	NO	NA	NA
HPL00841	REPEAT_ONLY	CDS	A	1	8	58	0.0	0	131.6	0.4615	20.0	26.8	0.6667	114.5	190.5	PARTIAL	0.438	NO	NO	NO	NO	NA	NA
HPL00842	REPEAT_ONLY	CDS	A	1	8	58	0.0	0	131.6	0.0769	63	26.8	0.0	0	190.5	UNCALLABLE_BOTH	NA	NA	NO	NO	NO	NA	NA
HPL00843	REPEAT_ONLY	CDS	C	1	8	58	0.0	0	131.6	0.5385	19	26.8	1.0	152.5	190.5	PARTIAL	0.514	NO	NO	NO	NO	NA	NA
HPL00844	REPEAT_ONLY	PROMOTER_OR_INTERGENIC_UPSTREAM	AG	2	10	60	0.0	0	130.4	0.0	0	26.5	0.0	0	186.4	UNCALLABLE_BOTH	NA	NA	NO	NO	NO	NA	NA
HPL00845	STRONG_PV_CANDIDATE	CDS	A	1	8	58	0.0	0	131.6	0.2308	22	26.8	0.0	0	190.5	PARTIAL	NA	NA	NO	NO	NO	NA	NA
HPL00846	REPEAT_ONLY	PROMOTER_OR_INTERGENIC_UPSTREAM	A	1	8	58	1.0	71	131.6	0.6923	21	26.8	1.0	221.5	190.5	PARTIAL	NA	NA	NO	NO	NO	NA	NA
HPL00847	REPEAT_ONLY	CDS	A	1	8	58	0.0	0	131.6	0.0769	23	26.8	0.1667	184	190.5	UNCALLABLE_BOTH	NA	NA	NO	NO	NO	NA	NA
HPL00848	REPEAT_ONLY	CDS	A	1	8	58	0.0	0	131.6	0.0	0	26.8	0.1667	101	190.5	UNCALLABLE_BOTH	NA	NA	NO	NO	NO	NA	NA
HPL00849	REPEAT_ONLY	PROMOTER_OR_INTERGENIC_UPSTREAM	A	1	8	58	0.9487	36	131.6	0.2308	20	26.8	0.1667	138	190.5	PARTIAL	0.661	NO	NO	NO	NO	NA	NA
HPL00850	REPEAT_ONLY	CDS	AAAAC	5	16	66	0.0	0	126.5	0.0	0	25.7	0.0	0	174.1	UNCALLABLE_BOTH	NA	NA	NO	NO	NO	1.0	0.0
HPL00853	REPEAT_ONLY	CDS	A	1	8	58	0.0	0	131.6	0.0	0	26.8	0.0	0	190.5	UNCALLABLE_BOTH	NA	NA	NO	NO	NO	NA	NA
HPL00854	REPEAT_ONLY	CDS	A	1	8	58	0.0	0	131.6	0.0	0	26.8	0.0	0	190.5	UNCALLABLE_BOTH	NA	NA	NO	NO	NO	NA	NA
HPL00855	REPEAT_ONLY	CDS	A	1	8	58	0.0	0	131.6	0.0	0	26.8	0.0	0	190.5	UNCALLABLE_BOTH	NA	NA	NO	NO	NO	NA	NA
HPL00856	REPEAT_ONLY	CDS	A	1	8	58	0.7436	15	131.6	0.7692	13.0	26.8	1.0	101.5	190.5	PARTIAL	0.722	NO	NO	NO	NO	NA	NA
HPL00857	REPEAT_ONLY	CDS	A	1	8	58	0.0	0	131.6	0.0769	95	26.8	1.0	145.0	190.5	PLATFORM_CONFOUNDED_CALLABILITY	0.913	YES	NO	NO	NO	NA	NA
HPL00858	REPEAT_ONLY	CDS	C	1	8	58	0.0	0	131.6	0.2308	15	26.8	0.5	172	190.5	PARTIAL	0.53	NO	NO	NO	NO	NA	NA
HPL00859	STRONG_PV_CANDIDATE	CDS	A	1	8	58	0.0	0	131.6	0.5385	16	26.8	0.5	87	190.5	PARTIAL	0.314	NO	NO	NO	NO	NA	NA
HPL00860	REPEAT_ONLY	INTERGENIC_OTHER	C	1	10	60	0.0	0	130.4	0.0	0	26.5	0.0	0	186.4	UNCALLABLE_BOTH	NA	NA	NO	NO	NO	NA	NA
HPL00861	REPEAT_ONLY	CDS	A	1	8	58	0.0	0	131.6	0.0	0	26.8	0.0	0	190.5	UNCALLABLE_BOTH	NA	NA	NO	NO	NO	NA	NA
HPL00862	REPEAT_ONLY	CDS	A	1	8	58	0.0	0	131.6	0.1538	23.5	26.8	0.0	0	190.5	UNCALLABLE_BOTH	NA	NA	NO	NO	NO	NA	NA
HPL00863	REPEAT_ONLY	INTERGENIC_OTHER	A	1	8	58	0.8205	41.0	131.6	0.1538	20.0	26.8	0.6667	218.5	190.5	PLATFORM_CONFOUNDED_CALLABILITY	0.754	NO	NO	NO	NO	NA	NA
HPL00864	REPEAT_ONLY	PROMOTER_OR_INTERGENIC_UPSTREAM	AT	2	11	61	0.9744	61.5	129.7	0.6154	24.5	26.4	0.0	0	184.3	PLATFORM_CONFOUNDED_CALLABILITY	0.479	NO	NO	NO	NO	1.0	0.0
HPL00866	REPEAT_ONLY	CDS	A	1	8	58	0.7949	50	131.6	0.8462	19	26.8	1.0	123.0	190.5	CALLABLE_BOTH	0.619	NO	NO	NO	NO	NA	NA
HPL00873	REPEAT_ONLY	CDS	A	1	8	58	1.0	58	131.6	0.9231	21.5	26.8	1.0	162.0	190.5	CALLABLE_BOTH	NA	NA	NO	NO	NO	NA	NA
HPL00874	REPEAT_ONLY	CDS	A	1	9	59	0.8974	41	131.0	1.0	16	26.6	1.0	165.0	188.4	CALLABLE_BOTH	NA	NA	NO	NO	NO	NA	NA
HPL00875	REPEAT_ONLY	CDS	A	1	8	58	0.0	0	131.6	0.7692	20.5	26.8	0.0	0	190.5	PLATFORM_CONFOUNDED_CALLABILITY	0.072	NO	NO	NO	NO	NA	NA
HPL00876	REPEAT_ONLY	CDS	A	1	8	58	0.0	0	131.6	0.4615	12.5	26.8	1.0	115.5	190.5	PLATFORM_CONFOUNDED_CALLABILITY	0.551	NO	NO	NO	NO	NA	NA
HPL00877	REPEAT_ONLY	CDS	C	1	8	58	0.0	0	131.6	0.0769	13	26.8	0.0	0	190.5	UNCALLABLE_BOTH	NA	NA	NO	NO	NO	NA	NA
HPL00878	REPEAT_ONLY	CDS	C	1	15	65	0.0	0	127.2	0.0	0	25.8	0.0	0	176.1	UNCALLABLE_BOTH	NA	NA	NO	NO	NO	NA	NA
HPL00879	REPEAT_ONLY	CDS	A	1	8	58	0.0	0	131.6	0.3846	18	26.8	0.1667	239	190.5	PARTIAL	0.264	NO	NO	NO	NO	NA	NA
HPL00880	REPEAT_ONLY	CDS	A	1	8	58	0.0	0	131.6	0.3077	41.0	26.8	1.0	207.0	190.5	PLATFORM_CONFOUNDED_CALLABILITY	0.665	NO	NO	NO	NO	NA	NA
HPL00881	REPEAT_ONLY	PROMOTER_OR_INTERGENIC_UPSTREAM	A	1	8	58	0.0	0	131.6	0.1538	35.0	26.8	0.6667	194.5	190.5	PLATFORM_CONFOUNDED_CALLABILITY	0.71	NO	NO	NO	NO	NA	NA
HPL00884	REPEAT_ONLY	CDS	A	1	8	58	1.0	79	131.6	1.0	24	26.8	1.0	229.0	190.5	CALLABLE_BOTH	NA	NA	NO	NO	NO	NA	NA
HPL00885	REPEAT_ONLY	CDS	A	1	8	58	0.0	0	131.6	0.0	0	26.8	0.0	0	190.5	UNCALLABLE_BOTH	NA	NA	NO	NO	NO	NA	NA
HPL00886	REPEAT_ONLY	CDS	A	1	8	58	1.0	77	131.6	0.6154	34.0	26.8	1.0	186.0	190.5	PARTIAL	0.983	YES	NO	NO	NO	NA	NA
HPL00887	REPEAT_ONLY	CDS	A	1	9	59	0.0	0	131.0	0.0	0	26.6	0.0	0	188.4	UNCALLABLE_BOTH	NA	NA	NO	NO	NO	NA	NA
HPL00888	REPEAT_ONLY	PROMOTER_OR_INTERGENIC_UPSTREAM	A	1	8	58	0.0	0	131.6	0.1538	9.5	26.8	0.0	0	190.5	UNCALLABLE_BOTH	NA	NA	NO	NO	NO	NA	NA
HPL00889	REPEAT_ONLY	INTERGENIC_OTHER	AAT	3	12	62	0.0	0	129.1	0.0	0	26.2	0.0	0	182.3	UNCALLABLE_BOTH	NA	NA	NO	NO	NO	1.0	1.0
HPL00890	REPEAT_ONLY	CDS	A	1	8	58	0.0	0	131.6	0.0	0	26.8	0.1667	93	190.5	UNCALLABLE_BOTH	NA	NA	NO	NO	NO	NA	NA
HPL00891	REPEAT_ONLY	CDS	A	1	8	58	0.0	0	131.6	0.0	0	26.8	0.0	0	190.5	UNCALLABLE_BOTH	NA	NA	NO	NO	NO	NA	NA
HPL00892	REPEAT_ONLY	CDS	A	1	8	58	0.8718	30.5	131.6	0.9231	15.0	26.8	1.0	200.0	190.5	CALLABLE_BOTH	0.716	NO	NO	NO	NO	NA	NA
HPL00894	REPEAT_ONLY	CDS	A	1	8	58	0.0	0	131.6	0.0769	11	26.8	0.0	0	190.5	UNCALLABLE_BOTH	NA	NA	NO	NO	NO	NA	NA
HPL00896	REPEAT_ONLY	INTERGENIC_OTHER	C	1	9	59	0.0	0	131.0	0.0	0	26.6	0.0	0	188.4	UNCALLABLE_BOTH	NA	NA	NO	NO	NO	NA	NA
HPL00898	REPEAT_ONLY	INTERGENIC_OTHER	A	1	8	58	0.7692	34.0	131.6	0.8462	19	26.8	0.0	0	190.5	PLATFORM_CONFOUNDED_CALLABILITY	0.364	NO	NO	NO	NO	NA	NA
HPL00900	REPEAT_ONLY	CDS	A	1	8	58	0.0	0	131.6	0.0	0	26.8	0.0	0	190.5	UNCALLABLE_BOTH	NA	NA	NO	NO	NO	NA	NA
HPL00901	REPEAT_ONLY	CDS	A	1	8	58	0.0	0	131.6	0.0769	93	26.8	1.0	184.0	190.5	PLATFORM_CONFOUNDED_CALLABILITY	0.913	YES	NO	NO	NO	NA	NA
HPL00903	REPEAT_ONLY	CDS	A	1	8	58	0.0	0	131.6	0.0	0	26.8	0.0	0	190.5	UNCALLABLE_BOTH	NA	NA	NO	NO	NO	NA	NA
HPL00904	REPEAT_ONLY	INTERGENIC_OTHER	C	1	9	59	0.0	0	131.0	0.0	0	26.6	0.0	0	188.4	UNCALLABLE_BOTH	NA	NA	NO	NO	NO	NA	NA
HPL00905	STRONG_PV_CANDIDATE	CDS	A	1	9	59	0.0	0	131.0	0.0	0	26.6	0.0	0	188.4	UNCALLABLE_BOTH	NA	NA	NO	NO	NO	NA	NA
HPL00906	REPEAT_ONLY	CDS	A	1	8	58	1.0	64	131.6	0.0769	15	26.8	0.0	0	190.5	UNCALLABLE_BOTH	0.65	NO	NO	NO	NO	NA	NA
HPL00907	REPEAT_ONLY	CDS	A	1	8	58	0.6154	27.0	131.6	0.0769	47	26.8	0.1667	268	190.5	UNCALLABLE_BOTH	0.668	NO	NO	NO	NO	NA	NA
HPL00908	STRONG_PV_CANDIDATE	CDS	A	1	9	59	0.0	0	131.0	0.0769	25	26.6	0.1667	269	188.4	UNCALLABLE_BOTH	NA	NA	NO	NO	NO	NA	NA
HPL00909	REPEAT_ONLY	CDS	A	1	9	59	0.5641	31.5	131.0	0.0769	48	26.6	0.1667	267	188.4	UNCALLABLE_BOTH	0.673	NO	NO	NO	NO	NA	NA
HPL00910	REPEAT_ONLY	CDS	A	1	8	58	0.0	0	131.6	0.0	0	26.8	0.1667	319	190.5	UNCALLABLE_BOTH	NA	NA	NO	NO	NO	NA	NA
HPL00911	REPEAT_ONLY	CDS	A	1	8	58	0.0	0	131.6	0.1538	52.0	26.8	0.8333	170	190.5	PLATFORM_CONFOUNDED_CALLABILITY	0.78	NO	NO	NO	NO	NA	NA
HPL00912	REPEAT_ONLY	CDS	A	1	8	58	0.0	0	131.6	0.0	0	26.8	0.0	0	190.5	UNCALLABLE_BOTH	NA	NA	NO	NO	NO	NA	NA
HPL00913	REPEAT_ONLY	CDS	AAT	3	16	66	0.0	0	126.5	0.0	0	25.7	0.0	0	174.1	UNCALLABLE_BOTH	NA	NA	NO	NO	NO	NA	NA
HPL00914	REPEAT_ONLY	CDS	A	1	8	58	0.0	0	131.6	0.0769	12	26.8	0.0	0	190.5	UNCALLABLE_BOTH	NA	NA	NO	NO	NO	NA	NA
HPL00915	REPEAT_ONLY	INTERGENIC_OTHER	C	1	8	58	0.0	0	131.6	0.3846	18	26.8	0.6667	98.0	190.5	PARTIAL	0.493	NO	NO	NO	NO	NA	NA
HPL00916	REPEAT_ONLY	CDS	A	1	9	59	0.0	0	131.0	0.0	0	26.6	0.0	0	188.4	UNCALLABLE_BOTH	NA	NA	NO	NO	NO	NA	NA
HPL00917	REPEAT_ONLY	CDS	A	1	8	58	0.0	0	131.6	0.0	0	26.8	0.0	0	190.5	UNCALLABLE_BOTH	NA	NA	NO	NO	NO	NA	NA
HPL00918	REPEAT_ONLY	CDS	C	1	8	58	0.8718	36.0	131.6	0.9231	19.0	26.8	0.3333	173.0	190.5	PLATFORM_CONFOUNDED_CALLABILITY	0.417	NO	NO	NO	NO	NA	NA
HPL00919	REPEAT_ONLY	CDS	A	1	8	58	0.8718	50.0	131.6	0.7692	24.5	26.8	0.1667	193	190.5	PLATFORM_CONFOUNDED_CALLABILITY	0.462	NO	NO	NO	NO	NA	NA
HPL00920	REPEAT_ONLY	CDS	A	1	8	58	0.0	0	131.6	0.6923	13	26.8	0.5	163	190.5	PARTIAL	0.258	NO	NO	NO	NO	NA	NA
HPL00921	REPEAT_ONLY	PROMOTER_OR_INTERGENIC_UPSTREAM	A	1	8	58	0.9744	33.0	131.6	0.1538	11.5	26.8	0.5	63	190.5	PARTIAL	0.784	NO	NO	NO	NO	NA	NA
HPL00923	REPEAT_ONLY	PROMOTER_OR_INTERGENIC_UPSTREAM	A	1	15	65	0.0	0	127.2	0.0769	32	25.8	0.0	0	176.1	UNCALLABLE_BOTH	NA	NA	NO	NO	NO	NA	NA
HPL00924	REPEAT_ONLY	CDS	A	1	8	58	0.0	0	131.6	0.0769	14	26.8	0.8333	220	190.5	PLATFORM_CONFOUNDED_CALLABILITY	0.835	YES	NO	NO	NO	NA	NA
HPL00925	REPEAT_ONLY	CDS	A	1	8	58	1.0	76	131.6	0.9231	29.0	26.8	0.0	0	190.5	PLATFORM_CONFOUNDED_CALLABILITY	0.136	NO	NO	NO	NO	NA	NA
HPL00926	REPEAT_ONLY	CDS	A	1	9	59	0.0	0	131.0	0.3077	16.5	26.6	1.0	194.5	188.4	PLATFORM_CONFOUNDED_CALLABILITY	0.616	NO	NO	NO	NO	NA	NA
HPL00927	REPEAT_ONLY	CDS	A	1	8	58	0.0	0	131.6	0.0	0	26.8	0.0	0	190.5	UNCALLABLE_BOTH	NA	NA	NO	NO	NO	NA	NA
HPL00928	REPEAT_ONLY	PROMOTER_OR_INTERGENIC_UPSTREAM	AT	2	24	74	0.0	0	121.4	0.0	0	24.5	0.0	0	157.7	UNCALLABLE_BOTH	NA	NA	NO	NO	NO	NA	NA
HPL00929	REPEAT_ONLY	PROMOTER_OR_INTERGENIC_UPSTREAM	A	1	8	58	0.9744	47.5	131.6	0.8462	24	26.8	0.0	0	190.5	PLATFORM_CONFOUNDED_CALLABILITY	0.305	NO	NO	NO	NO	NA	NA
HPL00930	REPEAT_ONLY	CDS	A	1	8	58	1.0	67	131.6	0.9231	16.5	26.8	0.0	0	190.5	PLATFORM_CONFOUNDED_CALLABILITY	0.12	NO	NO	NO	NO	NA	NA
HPL00931	REPEAT_ONLY	PROMOTER_OR_INTERGENIC_UPSTREAM	A	1	8	58	0.0	0	131.6	0.3077	18.0	26.8	0.0	0	190.5	PARTIAL	NA	NA	NO	NO	NO	NA	NA
HPL00934	STRONG_PV_CANDIDATE	CDS	A	1	8	58	0.8205	25.5	131.6	0.6154	19.5	26.8	0.1667	121	190.5	PARTIAL	0.529	NO	NO	NO	NO	NA	NA
HPL00935	REPEAT_ONLY	CDS	C	1	13	63	0.0	0	128.4	0.0	0	26.1	0.0	0	180.2	UNCALLABLE_BOTH	NA	NA	NO	NO	NO	NA	NA
HPL00936	REPEAT_ONLY	CDS	A	1	8	58	0.0	0	131.6	0.1538	14.5	26.8	0.0	0	190.5	UNCALLABLE_BOTH	NA	NA	NO	NO	NO	NA	NA
HPL00937	REPEAT_ONLY	INTERGENIC_OTHER	A	1	8	58	0.0	0	131.6	0.0	0	26.8	0.0	0	190.5	UNCALLABLE_BOTH	NA	NA	NO	NO	NO	NA	NA
HPL00938	REPEAT_ONLY	INTERGENIC_OTHER	C	1	8	58	0.0	0	131.6	0.0	0	26.8	0.0	0	190.5	UNCALLABLE_BOTH	NA	NA	NO	NO	NO	NA	NA
HPL00939	REPEAT_ONLY	CDS	A	1	8	58	0.0	0	131.6	1.0	30	26.8	1.0	188.0	190.5	CALLABLE_BOTH	0.331	NO	NO	NO	NO	NA	NA
HPL00940	REPEAT_ONLY	PROMOTER_OR_INTERGENIC_UPSTREAM	A	1	9	59	0.0	0	131.0	0.1538	28.0	26.6	0.0	0	188.4	UNCALLABLE_BOTH	NA	NA	NO	NO	NO	NA	NA
HPL00941	REPEAT_ONLY	CDS	AAC	3	12	62	0.0	0	129.1	0.0	0	26.2	0.0	0	182.3	UNCALLABLE_BOTH	NA	NA	NO	NO	NO	NA	NA
HPL00942	REPEAT_ONLY	INTERGENIC_OTHER	C	1	8	58	0.0	0	131.6	0.0	0	26.8	0.0	0	190.5	UNCALLABLE_BOTH	NA	NA	NO	NO	NO	NA	NA
HPL00943	STRONG_PV_CANDIDATE	CDS	A	1	8	58	0.0	0	131.6	0.0	0	26.8	0.0	0	190.5	UNCALLABLE_BOTH	NA	NA	NO	NO	NO	NA	NA
HPL00944	REPEAT_ONLY	INTERGENIC_OTHER	A	1	8	58	0.0	0	131.6	0.0	0	26.8	0.0	0	190.5	UNCALLABLE_BOTH	NA	NA	NO	NO	NO	NA	NA
HPL00945	REPEAT_ONLY	PROMOTER_OR_INTERGENIC_UPSTREAM	A	1	9	59	0.0	0	131.0	0.2308	30	26.6	0.8333	233	188.4	PLATFORM_CONFOUNDED_CALLABILITY	0.681	NO	NO	NO	NO	NA	NA
HPL00946	REPEAT_ONLY	CDS	ACC	3	12	62	0.9744	78.0	129.1	0.6154	29.0	26.2	1.0	188.0	182.3	PARTIAL	0.949	YES	NO	NO	NO	NA	NA
HPL00947	REPEAT_ONLY	CDS	A	1	8	58	0.0	0	131.6	0.0	0	26.8	0.0	0	190.5	UNCALLABLE_BOTH	NA	NA	NO	NO	NO	NA	NA
HPL00948	REPEAT_ONLY	CDS	A	1	8	58	0.0	0	131.6	0.0	0	26.8	0.0	0	190.5	UNCALLABLE_BOTH	NA	NA	NO	NO	NO	NA	NA
HPL00949	REPEAT_ONLY	INTERGENIC_OTHER	A	1	8	58	0.973	45.5	131.6	1.0	13	26.8	1.0	209.5	190.5	CALLABLE_BOTH	NA	NA	NO	NO	NO	NA	NA
HPL00950	REPEAT_ONLY	CDS	AAAAT	5	15	65	0.0	0	127.2	0.0	0	25.8	0.5	230	176.1	PLATFORM_CONFOUNDED_CALLABILITY	NA	NA	NO	NO	NO	NA	NA
HPL00951	REPEAT_ONLY	CDS	A	1	8	58	0.0	0	131.6	0.2308	12	26.8	0.5	172	190.5	PARTIAL	0.542	NO	NO	NO	NO	NA	NA
HPL00952	REPEAT_ONLY	CDS	A	1	8	58	0.0	0	131.6	0.0	0	26.8	0.0	0	190.5	UNCALLABLE_BOTH	NA	NA	NO	NO	NO	NA	NA
HPL00953	REPEAT_ONLY	PROMOTER_OR_INTERGENIC_UPSTREAM	A	1	8	58	0.0	0	131.6	0.0	0	26.8	0.0	0	190.5	UNCALLABLE_BOTH	NA	NA	NO	NO	NO	NA	NA
HPL00954	REPEAT_ONLY	PROMOTER_OR_INTERGENIC_UPSTREAM	A	1	8	58	0.0	0	131.6	0.0	0	26.8	0.0	0	190.5	UNCALLABLE_BOTH	NA	NA	NO	NO	NO	NA	NA
HPL00955	REPEAT_ONLY	CDS	A	1	8	58	0.0	0	131.6	0.0	0	26.8	0.0	0	190.5	UNCALLABLE_BOTH	NA	NA	NO	NO	NO	NA	NA
HPL00956	REPEAT_ONLY	CDS	A	1	8	58	0.0	0	131.6	0.0	0	26.8	0.0	0	190.5	UNCALLABLE_BOTH	NA	NA	NO	NO	NO	NA	NA
HPL00957	REPEAT_ONLY	CDS	C	1	8	58	0.8718	33.0	131.6	0.3846	19	26.8	0.0	0	190.5	PARTIAL	0.572	NO	NO	NO	NO	NA	NA
HPL00959	REPEAT_ONLY	CDS	A	1	8	58	0.0	0	131.6	0.3077	20.0	26.8	0.3333	100.0	190.5	PARTIAL	0.409	NO	NO	NO	NO	NA	NA
HPL00960	REPEAT_ONLY	CDS	A	1	8	58	0.0	0	131.6	0.1538	49.0	26.8	1.0	216.0	190.5	PLATFORM_CONFOUNDED_CALLABILITY	0.823	YES	NO	NO	NO	NA	NA
HPL00961	REPEAT_ONLY	CDS	AC	2	11	61	0.0	0	129.7	0.1538	12.0	26.4	0.0	0	184.3	UNCALLABLE_BOTH	NA	NA	NO	NO	NO	NA	NA
HPL00962	REPEAT_ONLY	CDS	AT	2	10	60	0.0	0	130.4	0.3846	21	26.5	0.3333	201.0	186.4	PARTIAL	0.325	NO	NO	NO	NO	NA	NA
HPL00963	REPEAT_ONLY	INTERGENIC_OTHER	A	1	8	58	0.0	0	131.6	0.0769	28	26.8	0.0	0	190.5	UNCALLABLE_BOTH	NA	NA	NO	NO	NO	NA	NA
HPL00964	REPEAT_ONLY	CDS	A	1	8	58	0.0	0	131.6	0.0	0	26.8	0.0	0	190.5	UNCALLABLE_BOTH	NA	NA	NO	NO	NO	NA	NA
HPL00965	REPEAT_ONLY	CDS	A	1	8	58	0.8462	39	131.6	0.8462	23	26.8	0.0	0	190.5	PLATFORM_CONFOUNDED_CALLABILITY	0.408	NO	NO	NO	NO	NA	NA
HPL00970	REPEAT_ONLY	PROMOTER_OR_INTERGENIC_UPSTREAM	AG	2	17	67	0.0	0	125.9	0.0	0	25.5	0.0	0	172.0	UNCALLABLE_BOTH	NA	NA	NO	NO	NO	NA	NA
HPL00971	REPEAT_ONLY	CDS	A	1	8	58	0.0	0	131.6	0.0	0	26.8	0.5	220	190.5	PLATFORM_CONFOUNDED_CALLABILITY	NA	NA	NO	NO	NO	NA	NA
HPL00972	REPEAT_ONLY	CDS	A	1	8	58	1.0	76	131.6	0.9231	18.5	26.8	1.0	101.5	190.5	CALLABLE_BOTH	NA	NA	NO	NO	NO	NA	NA
HPL00973	REPEAT_ONLY	CDS	A	1	9	59	1.0	54	131.0	1.0	17	26.6	0.0	0	188.4	PLATFORM_CONFOUNDED_CALLABILITY	0.0	NO	NO	NO	NO	NA	NA
HPL00974	REPEAT_ONLY	INTERGENIC_OTHER	A	1	8	58	0.0	0	131.6	0.0	0	26.8	0.0	0	190.5	UNCALLABLE_BOTH	NA	NA	NO	NO	NO	NA	NA
HPL00975	REPEAT_ONLY	PROMOTER_OR_INTERGENIC_UPSTREAM	A	1	8	58	0.0	0	131.6	0.0	0	26.8	0.0	0	190.5	UNCALLABLE_BOTH	NA	NA	NO	NO	NO	NA	NA
HPL00976	REPEAT_ONLY	CDS	A	1	9	59	0.0	0	131.0	0.0	0	26.6	0.0	0	188.4	UNCALLABLE_BOTH	NA	NA	NO	NO	NO	NA	NA
HPL00977	REPEAT_ONLY	CDS	A	1	8	58	0.8718	20.0	131.6	0.9231	18.5	26.8	0.6667	182.0	190.5	PARTIAL	0.541	NO	NO	NO	NO	NA	NA
HPL00978	REPEAT_ONLY	CDS	A	1	8	58	0.0	0	131.6	0.0	0	26.8	0.0	0	190.5	UNCALLABLE_BOTH	NA	NA	NO	NO	NO	NA	NA
HPL00979	REPEAT_ONLY	CDS	A	1	8	58	0.0	0	131.6	0.0	0	26.8	0.0	0	190.5	UNCALLABLE_BOTH	NA	NA	NO	NO	NO	NA	NA
HPL00980	REPEAT_ONLY	CDS	A	1	8	58	0.0	0	131.6	0.4615	20.5	26.8	1.0	177.0	190.5	PLATFORM_CONFOUNDED_CALLABILITY	0.536	NO	NO	NO	NO	NA	NA
HPL00981	REPEAT_ONLY	CDS	A	1	8	58	1.0	64	131.6	0.0769	16	26.8	0.1667	239	190.5	UNCALLABLE_BOTH	0.681	NO	NO	NO	NO	NA	NA
HPL00982	REPEAT_ONLY	INTERGENIC_OTHER	A	1	8	58	0.0	0	131.6	0.0	0	26.8	0.1667	264	190.5	UNCALLABLE_BOTH	NA	NA	NO	NO	NO	NA	NA
HPL00983	REPEAT_ONLY	CDS	A	1	8	58	0.0	0	131.6	0.0769	30	26.8	0.0	0	190.5	UNCALLABLE_BOTH	NA	NA	NO	NO	NO	NA	NA
HPL00984	REPEAT_ONLY	CDS	A	1	8	58	0.0	0	131.6	0.0	0	26.8	0.1667	283	190.5	UNCALLABLE_BOTH	NA	NA	NO	NO	NO	NA	NA
HPL00985	REPEAT_ONLY	PROMOTER_OR_INTERGENIC_UPSTREAM	A	1	8	58	0.0	0	131.6	0.0	0	26.8	0.0	0	190.5	UNCALLABLE_BOTH	NA	NA	NO	NO	NO	NA	NA
HPL00986	REPEAT_ONLY	CDS	A	1	9	59	0.0	0	131.0	0.1538	62.0	26.6	0.0	0	188.4	UNCALLABLE_BOTH	NA	NA	NO	NO	NO	NA	NA
HPL00987	REPEAT_ONLY	CDS	A	1	8	58	0.0	0	131.6	0.0	0	26.8	0.0	0	190.5	UNCALLABLE_BOTH	NA	NA	NO	NO	NO	NA	NA
HPL00988	REPEAT_ONLY	CDS	A	1	8	58	0.9744	77.0	131.6	0.9231	26.0	26.8	1.0	186.0	190.5	CALLABLE_BOTH	NA	NA	NO	NO	NO	NA	NA
HPL00989	REPEAT_ONLY	CDS	C	1	8	58	0.0	0	131.6	0.4615	18.0	26.8	0.6667	183.5	190.5	PARTIAL	0.425	NO	NO	NO	NO	NA	NA
HPL00990	REPEAT_ONLY	CDS	A	1	9	59	0.0	0	131.0	0.4615	28.0	26.6	1.0	182.5	188.4	PLATFORM_CONFOUNDED_CALLABILITY	0.568	NO	NO	NO	NO	NA	NA
HPL00991	REPEAT_ONLY	CDS	A	1	8	58	0.0	0	131.6	0.0769	10	26.8	0.0	0	190.5	UNCALLABLE_BOTH	NA	NA	NO	NO	NO	NA	NA
HPL00992	REPEAT_ONLY	CDS	C	1	14	64	0.0	0	127.8	0.0	0	25.9	0.0	0	178.2	UNCALLABLE_BOTH	NA	NA	NO	NO	NO	NA	NA
HPL00993	REPEAT_ONLY	CDS	A	1	8	58	0.0	0	131.6	0.0	0	26.8	1.0	187.5	190.5	PLATFORM_CONFOUNDED_CALLABILITY	1.0	YES	NO	NO	NO	NA	NA
HPL00997	REPEAT_ONLY	CDS	A	1	8	58	0.0	0	131.6	0.0	0	26.8	0.0	0	190.5	UNCALLABLE_BOTH	NA	NA	NO	NO	NO	NA	NA
HPL00998	REPEAT_ONLY	CDS	AAG	3	13	63	0.9487	52	128.4	0.5385	16	26.1	0.0	0	180.2	PLATFORM_CONFOUNDED_CALLABILITY	0.487	NO	NO	NO	NO	NA	NA
HPL00999	REPEAT_ONLY	CDS	A	1	8	58	0.0	0	131.6	0.0	0	26.8	0.0	0	190.5	UNCALLABLE_BOTH	NA	NA	NO	NO	NO	NA	NA
HPL01000	REPEAT_ONLY	CDS	ATC	3	12	62	0.8462	24	129.1	0.2308	10	26.2	0.5	95	182.3	PARTIAL	0.74	NO	NO	NO	NO	NA	NA
HPL01001	REPEAT_ONLY	PROMOTER_OR_INTERGENIC_UPSTREAM	A	1	8	58	0.0	0	131.6	0.0	0	26.8	0.0	0	190.5	UNCALLABLE_BOTH	NA	NA	NO	NO	NO	NA	NA
HPL01002	REPEAT_ONLY	PROMOTER_OR_INTERGENIC_UPSTREAM	A	1	8	58	0.0	0	131.6	0.0	0	26.8	0.0	0	190.5	UNCALLABLE_BOTH	NA	NA	NO	NO	NO	NA	NA
HPL01003	REPEAT_ONLY	CDS	A	1	9	59	0.0	0	131.0	0.3077	21.0	26.6	0.0	0	188.4	PARTIAL	NA	NA	NO	NO	NO	NA	NA
HPL01004	REPEAT_ONLY	INTERGENIC_OTHER	A	1	8	58	0.0	0	131.6	0.0	0	26.8	0.0	0	190.5	UNCALLABLE_BOTH	NA	NA	NO	NO	NO	NA	NA
HPL01005	REPEAT_ONLY	CDS	A	1	8	58	0.0	0	131.6	0.0	0	26.8	0.0	0	190.5	UNCALLABLE_BOTH	NA	NA	NO	NO	NO	NA	NA
HPL01006	REPEAT_ONLY	CDS	CCG	3	13	63	0.0	0	128.4	0.7692	14.5	26.1	0.0	0	180.2	PLATFORM_CONFOUNDED_CALLABILITY	0.036	NO	NO	NO	NO	NA	NA
HPL01007	REPEAT_ONLY	CDS	A	1	8	58	0.0	0	131.6	0.0	0	26.8	0.0	0	190.5	UNCALLABLE_BOTH	NA	NA	NO	NO	NO	NA	NA
HPL01008	REPEAT_ONLY	CDS	A	1	8	58	0.0	0	131.6	0.0	0	26.8	0.5	115	190.5	PLATFORM_CONFOUNDED_CALLABILITY	NA	NA	NO	NO	NO	NA	NA
HPL01012	REPEAT_ONLY	CDS	A	1	8	58	0.0	0	131.6	0.0	0	26.8	0.0	0	190.5	UNCALLABLE_BOTH	NA	NA	NO	NO	NO	NA	NA
HPL01013	REPEAT_ONLY	CDS	A	1	8	58	0.0	0	131.6	0.0	0	26.8	0.0	0	190.5	UNCALLABLE_BOTH	NA	NA	NO	NO	NO	NA	NA
HPL01014	REPEAT_ONLY	CDS	C	1	8	58	0.0	0	131.6	0.4615	21.0	26.8	0.6667	153.5	190.5	PARTIAL	0.451	NO	NO	NO	NO	NA	NA
HPL01016	REPEAT_ONLY	INTERGENIC_OTHER	A	1	8	58	0.0	0	131.6	0.0	0	26.8	0.0	0	190.5	UNCALLABLE_BOTH	NA	NA	NO	NO	NO	NA	NA
HPL01017	REPEAT_ONLY	CDS	ACC	3	17	67	0.0	0	125.9	0.0	0	25.5	0.0	0	172.0	UNCALLABLE_BOTH	NA	NA	NO	NO	NO	NA	NA
HPL01018	REPEAT_ONLY	PROMOTER_OR_INTERGENIC_UPSTREAM	C	1	9	59	1.0	76	131.0	1.0	20	26.6	0.8333	168	188.4	CALLABLE_BOTH	NA	NA	NO	NO	NO	NA	NA
HPL01019	REPEAT_ONLY	CDS	A	1	8	58	0.9231	29.0	131.6	0.8462	18	26.8	0.8333	80	190.5	CALLABLE_BOTH	0.699	NO	NO	NO	NO	NA	NA
HPL01020	REPEAT_ONLY	CDS	A	1	8	58	0.0	0	131.6	0.0	0	26.8	0.0	0	190.5	UNCALLABLE_BOTH	NA	NA	NO	NO	NO	NA	NA
HPL01021	REPEAT_ONLY	CDS	A	1	8	58	0.0	0	131.6	0.0	0	26.8	0.0	0	190.5	UNCALLABLE_BOTH	NA	NA	NO	NO	NO	NA	NA
HPL01024	REPEAT_ONLY	CDS	C	1	8	58	0.0	0	131.6	0.4615	33.0	26.8	0.0	0	190.5	PARTIAL	0.151	NO	NO	NO	NO	NA	NA
HPL01025	REPEAT_ONLY	CDS	A	1	8	58	1.0	104	131.6	0.7692	20.5	26.8	1.0	182.0	190.5	PARTIAL	NA	NA	NO	NO	NO	NA	NA
HPL01026	REPEAT_ONLY	INTERGENIC_OTHER	A	1	10	60	0.0	0	130.4	0.0769	17	26.5	0.0	0	186.4	UNCALLABLE_BOTH	NA	NA	NO	NO	NO	NA	NA
HPL01027	REPEAT_ONLY	CDS	A	1	8	58	0.0	0	131.6	0.0	0	26.8	0.0	0	190.5	UNCALLABLE_BOTH	NA	NA	NO	NO	NO	NA	NA
HPL01029	REPEAT_ONLY	INTERGENIC_OTHER	C	1	8	58	0.0	0	131.6	0.0769	14	26.8	0.0	0	190.5	UNCALLABLE_BOTH	NA	NA	NO	NO	NO	NA	NA
HPL01030	REPEAT_ONLY	CDS	A	1	9	59	0.0	0	131.0	0.0	0	26.6	0.0	0	188.4	UNCALLABLE_BOTH	NA	NA	NO	NO	NO	NA	NA
HPL01031	REPEAT_ONLY	PROMOTER_OR_INTERGENIC_UPSTREAM	A	1	8	58	0.0	0	131.6	0.0	0	26.8	0.0	0	190.5	UNCALLABLE_BOTH	NA	NA	NO	NO	NO	NA	NA
HPL01032	REPEAT_ONLY	PROMOTER_OR_INTERGENIC_UPSTREAM	A	1	14	64	0.0	0	127.8	0.3077	25.0	25.9	0.0	0	178.2	PARTIAL	NA	NA	NO	NO	NO	NA	NA
HPL01036	STRONG_PV_CANDIDATE	PROMOTER_OR_INTERGENIC_UPSTREAM	A	1	15	65	0.0	0	127.2	0.0	0	25.8	0.1667	132	176.1	UNCALLABLE_BOTH	NA	NA	NO	NO	NO	NA	NA
HPL01037	REPEAT_ONLY	INTERGENIC_OTHER	A	1	8	58	0.0	0	131.6	0.0	0	26.8	0.0	0	190.5	UNCALLABLE_BOTH	NA	NA	NO	NO	NO	NA	NA
HPL01038	REPEAT_ONLY	CDS	A	1	8	58	0.0	0	131.6	0.0	0	26.8	0.0	0	190.5	UNCALLABLE_BOTH	NA	NA	NO	NO	NO	NA	NA
HPL01039	REPEAT_ONLY	CDS	C	1	15	65	0.0	0	127.2	0.0	0	25.8	0.0	0	176.1	UNCALLABLE_BOTH	NA	NA	NO	NO	NO	NA	NA
HPL01040	REPEAT_ONLY	CDS	A	1	8	58	0.0	0	131.6	0.1538	23.5	26.8	0.0	0	190.5	UNCALLABLE_BOTH	NA	NA	NO	NO	NO	NA	NA
HPL01042	REPEAT_ONLY	CDS	AAC	3	12	62	0.9744	55.0	129.1	0.6154	19.0	26.2	0.0	0	182.3	PLATFORM_CONFOUNDED_CALLABILITY	0.432	NO	NO	NO	NO	NA	NA
HPL01045	REPEAT_ONLY	CDS	A	1	8	58	0.0	0	131.6	0.0	0	26.8	0.0	0	190.5	UNCALLABLE_BOTH	NA	NA	NO	NO	NO	NA	NA
HPL01046	REPEAT_ONLY	CDS	A	1	8	58	0.5641	30.0	131.6	0.4615	33.0	26.8	0.0	0	190.5	PARTIAL	0.509	NO	NO	NO	NO	NA	NA
HPL01047	REPEAT_ONLY	CDS	A	1	8	58	NA	0	131.6	NA	0	26.8	1.0	156.0	190.5	NA	NA	NA	NO	NO	NO	NA	NA
HPL01049	REPEAT_ONLY	CDS	A	1	8	58	0.0	0	131.6	0.0769	68	26.8	0.0	0	190.5	UNCALLABLE_BOTH	NA	NA	NO	NO	NO	NA	NA
HPL01050	REPEAT_ONLY	CDS	A	1	8	58	0.9744	76.0	131.6	0.9231	23.0	26.8	1.0	79.5	190.5	CALLABLE_BOTH	NA	NA	NO	NO	NO	NA	NA
HPL01051	REPEAT_ONLY	CDS	A	1	8	58	0.0	0	131.6	0.0	0	26.8	0.0	0	190.5	UNCALLABLE_BOTH	NA	NA	NO	NO	NO	NA	NA
HPL01052	REPEAT_ONLY	CDS	A	1	8	58	0.0	0	131.6	0.3846	21	26.8	0.0	0	190.5	PARTIAL	0.14	NO	NO	NO	NO	NA	NA
HPL01053	STRONG_PV_CANDIDATE	PROMOTER_OR_INTERGENIC_UPSTREAM	A	1	8	58	0.9231	51.5	131.6	0.3077	16.5	26.8	0.6667	181.0	190.5	PARTIAL	0.806	YES	NO	NO	NO	NA	NA
HPL01054	REPEAT_ONLY	CDS	A	1	8	58	0.0	0	131.6	0.0	0	26.8	0.3333	1039.0	190.5	PARTIAL	NA	NA	NO	NO	NO	NA	NA
HPL01055	REPEAT_ONLY	CDS	A	1	8	58	0.0	0	131.6	0.0	0	26.8	0.3333	1210.5	190.5	PARTIAL	NA	NA	NO	NO	NO	NA	NA
HPL01056	REPEAT_ONLY	PROMOTER_OR_INTERGENIC_UPSTREAM	A	1	8	58	0.8718	40.5	131.6	0.8462	22	26.8	0.0	0	190.5	PLATFORM_CONFOUNDED_CALLABILITY	0.409	NO	NO	NO	NO	NA	NA
HPL01057	REPEAT_ONLY	CDS	A	1	8	58	0.0	0	131.6	0.0	0	26.8	0.0	0	190.5	UNCALLABLE_BOTH	NA	NA	NO	NO	NO	NA	NA
HPL01058	REPEAT_ONLY	PROMOTER_OR_INTERGENIC_UPSTREAM	A	1	9	59	0.0	0	131.0	0.0	0	26.6	0.0	0	188.4	UNCALLABLE_BOTH	NA	NA	NO	NO	NO	NA	NA
HPL01059	REPEAT_ONLY	PROMOTER_OR_INTERGENIC_UPSTREAM	C	1	9	59	0.0	0	131.0	0.3846	16	26.6	0.0	0	188.4	PARTIAL	0.083	NO	NO	NO	NO	NA	NA
HPL01060	REPEAT_ONLY	INTERGENIC_OTHER	AAC	3	12	62	0.0	0	129.1	0.0769	11	26.2	0.1667	17	182.3	UNCALLABLE_BOTH	NA	NA	NO	NO	NO	0.0	0.0
HPL01061	REPEAT_ONLY	PROMOTER_OR_INTERGENIC_UPSTREAM	A	1	8	58	0.0	0	131.6	0.0	0	26.8	0.0	0	190.5	UNCALLABLE_BOTH	NA	NA	NO	NO	NO	NA	NA
HPL01062	REPEAT_ONLY	INTERGENIC_OTHER	AATCC	5	17	67	0.0	0	125.9	0.0769	18	25.5	0.0	0	172.0	UNCALLABLE_BOTH	NA	NA	NO	NO	NO	0.0	0.0
HPL01063	REPEAT_ONLY	CDS	A	1	8	58	0.0	0	131.6	0.0769	85	26.8	0.0	0	190.5	UNCALLABLE_BOTH	NA	NA	NO	NO	NO	NA	NA
HPL01064	REPEAT_ONLY	PROMOTER_OR_INTERGENIC_UPSTREAM	A	1	8	58	0.8718	29.5	131.6	0.7692	25.0	26.8	0.8333	222	190.5	PARTIAL	0.71	NO	NO	NO	NO	NA	NA
HPL01065	REPEAT_ONLY	CDS	A	1	8	58	0.0	0	131.6	0.0	0	26.8	0.0	0	190.5	UNCALLABLE_BOTH	NA	NA	NO	NO	NO	NA	NA
HPL01070	REPEAT_ONLY	PROMOTER_OR_INTERGENIC_UPSTREAM	A	1	14	64	0.0	0	127.8	0.0769	16	25.9	0.0	0	178.2	UNCALLABLE_BOTH	NA	NA	NO	NO	NO	NA	NA
HPL01071	REPEAT_ONLY	CDS	A	1	9	59	0.8718	35.0	131.0	0.9231	24.0	26.6	0.8333	179	188.4	CALLABLE_BOTH	0.619	NO	NO	NO	NO	NA	NA
HPL01072	REPEAT_ONLY	CDS	A	1	8	58	0.0	0	131.6	0.1538	29.0	26.8	0.5	135	190.5	PARTIAL	0.619	NO	NO	NO	NO	NA	NA
HPL01073	REPEAT_ONLY	INTERGENIC_OTHER	A	1	8	58	0.0	0	131.6	0.0	0	26.8	0.1667	125	190.5	UNCALLABLE_BOTH	NA	NA	NO	NO	NO	NA	NA
HPL01074	REPEAT_ONLY	INTERGENIC_OTHER	A	1	8	58	0.0	0	131.6	0.0	0	26.8	0.0	0	190.5	UNCALLABLE_BOTH	NA	NA	NO	NO	NO	NA	NA
HPL01075	REPEAT_ONLY	CDS	A	1	9	59	0.8718	41.5	131.0	1.0	21	26.6	1.0	207.0	188.4	CALLABLE_BOTH	0.592	NO	NO	NO	NO	NA	NA
HPL01077	REPEAT_ONLY	CDS	A	1	8	58	0.0	0	131.6	0.0	0	26.8	0.0	0	190.5	UNCALLABLE_BOTH	NA	NA	NO	NO	NO	NA	NA
HPL01078	REPEAT_ONLY	CDS	A	1	8	58	0.8205	33.0	131.6	0.3846	26	26.8	1.0	169.0	190.5	PLATFORM_CONFOUNDED_CALLABILITY	0.829	YES	NO	NO	NO	NA	NA
HPL01081	REPEAT_ONLY	PROMOTER_OR_INTERGENIC_UPSTREAM	A	1	8	58	0.0	0	131.6	0.2308	19	26.8	0.1667	178	190.5	PARTIAL	NA	NA	NO	NO	NO	NA	NA
HPL01082	REPEAT_ONLY	CDS	A	1	8	58	0.0	0	131.6	0.2308	15	26.8	0.0	0	190.5	PARTIAL	NA	NA	NO	NO	NO	NA	NA
HPL01083	REPEAT_ONLY	PROMOTER_OR_INTERGENIC_UPSTREAM	C	1	8	58	0.0	0	131.6	0.0	0	26.8	0.0	0	190.5	UNCALLABLE_BOTH	NA	NA	NO	NO	NO	NA	NA
HPL01085	REPEAT_ONLY	CDS	A	1	8	58	0.0	0	131.6	0.0	0	26.8	0.1667	59	190.5	UNCALLABLE_BOTH	NA	NA	NO	NO	NO	NA	NA
HPL01086	REPEAT_ONLY	CDS	A	1	8	58	0.6923	46	131.6	0.0	0	26.8	0.1667	137	190.5	UNCALLABLE_BOTH	0.639	NO	NO	NO	NO	NA	NA
HPL01087	REPEAT_ONLY	INTERGENIC_OTHER	A	1	8	58	0.3333	28	131.6	0.3846	22	26.8	0.0	0	190.5	PARTIAL	0.457	NO	NO	NO	NO	NA	NA
HPL01088	REPEAT_ONLY	PROMOTER_OR_INTERGENIC_UPSTREAM	A	1	8	58	0.0	0	131.6	0.0	0	26.8	0.0	0	190.5	UNCALLABLE_BOTH	NA	NA	NO	NO	NO	NA	NA
HPL01090	REPEAT_ONLY	CDS	A	1	8	58	1.0	81	131.6	0.8462	22	26.8	0.8333	200	190.5	CALLABLE_BOTH	NA	NA	NO	NO	NO	NA	NA
HPL01091	REPEAT_ONLY	CDS	A	1	8	58	0.7949	17	131.6	0.4615	21.5	26.8	1.0	169.5	190.5	PLATFORM_CONFOUNDED_CALLABILITY	0.779	NO	NO	NO	NO	NA	NA
HPL01094	REPEAT_ONLY	INTERGENIC_OTHER	A	1	8	58	0.0	0	131.6	0.0	0	26.8	0.0	0	190.5	UNCALLABLE_BOTH	NA	NA	NO	NO	NO	NA	NA
HPL01095	REPEAT_ONLY	INTERGENIC_OTHER	A	1	8	58	0.0	0	131.6	0.0	0	26.8	0.0	0	190.5	UNCALLABLE_BOTH	NA	NA	NO	NO	NO	NA	NA
HPL01096	REPEAT_ONLY	INTERGENIC_OTHER	A	1	8	58	0.0	0	131.6	0.0	0	26.8	0.0	0	190.5	UNCALLABLE_BOTH	NA	NA	NO	NO	NO	NA	NA
HPL01097	REPEAT_ONLY	INTERGENIC_OTHER	A	1	8	58	0.0	0	131.6	0.0	0	26.8	0.0	0	190.5	UNCALLABLE_BOTH	NA	NA	NO	NO	NO	NA	NA
HPL01098	REPEAT_ONLY	CDS	AAC	3	12	62	0.0	0	129.1	0.5385	15	26.2	1.0	165.5	182.3	PARTIAL	0.52	NO	NO	NO	NO	NA	NA
HPL01101	REPEAT_ONLY	INTERGENIC_OTHER	A	1	8	58	0.0	0	131.6	0.0769	12	26.8	0.0	0	190.5	UNCALLABLE_BOTH	NA	NA	NO	NO	NO	NA	NA
HPL01102	REPEAT_ONLY	CDS	C	1	8	58	0.0	0	131.6	0.4615	37.0	26.8	0.0	0	190.5	PARTIAL	0.138	NO	NO	NO	NO	NA	NA
HPL01104	REPEAT_ONLY	CDS	C	1	14	64	0.0	0	127.8	0.0	0	25.9	0.0	0	178.2	UNCALLABLE_BOTH	NA	NA	NO	NO	NO	NA	NA
HPL01105	REPEAT_ONLY	CDS	A	1	8	58	0.8462	43	131.6	0.8462	21	26.8	0.0	0	190.5	PLATFORM_CONFOUNDED_CALLABILITY	0.382	NO	NO	NO	NO	NA	NA
HPL01106	REPEAT_ONLY	CDS	A	1	8	58	0.0	0	131.6	0.0	0	26.8	0.0	0	190.5	UNCALLABLE_BOTH	NA	NA	NO	NO	NO	NA	NA
HPL01107	REPEAT_ONLY	CDS	A	1	8	58	0.0	0	131.6	0.0	0	26.8	0.0	0	190.5	UNCALLABLE_BOTH	NA	NA	NO	NO	NO	NA	NA
HPL01108	REPEAT_ONLY	INTERGENIC_OTHER	A	1	8	58	0.0	0	131.6	0.0	0	26.8	0.0	0	190.5	UNCALLABLE_BOTH	NA	NA	NO	NO	NO	NA	NA
HPL01110	REPEAT_ONLY	CDS	A	1	8	58	0.8462	37	131.6	1.0	20	26.8	1.0	162.0	190.5	CALLABLE_BOTH	0.644	NO	NO	NO	NO	NA	NA
HPL01113	REPEAT_ONLY	CDS	C	1	8	58	0.0	0	131.6	0.0	0	26.8	0.0	0	190.5	UNCALLABLE_BOTH	NA	NA	NO	NO	NO	NA	NA
HPL01114	REPEAT_ONLY	PROMOTER_OR_INTERGENIC_UPSTREAM	A	1	8	58	0.0	0	131.6	0.0	0	26.8	0.0	0	190.5	UNCALLABLE_BOTH	NA	NA	NO	NO	NO	NA	NA
HPL01115	REPEAT_ONLY	CDS	A	1	8	58	0.0	0	131.6	0.0	0	26.8	0.0	0	190.5	UNCALLABLE_BOTH	NA	NA	NO	NO	NO	NA	NA
HPL01116	REPEAT_ONLY	CDS	A	1	8	58	0.0	0	131.6	0.0	0	26.8	0.0	0	190.5	UNCALLABLE_BOTH	NA	NA	NO	NO	NO	NA	NA
HPL01118	REPEAT_ONLY	CDS	A	1	8	58	0.0	0	131.6	0.0	0	26.8	0.1667	213	190.5	UNCALLABLE_BOTH	NA	NA	NO	NO	NO	NA	NA
HPL01119	REPEAT_ONLY	INTERGENIC_OTHER	A	1	8	58	0.0	0	131.6	0.0	0	26.8	0.0	0	190.5	UNCALLABLE_BOTH	NA	NA	NO	NO	NO	NA	NA
HPL01120	REPEAT_ONLY	CDS	A	1	8	58	0.0	0	131.6	0.2308	19	26.8	0.0	0	190.5	PARTIAL	NA	NA	NO	NO	NO	NA	NA
HPL01121	REPEAT_ONLY	CDS	A	1	8	58	0.0	0	131.6	0.1538	39.5	26.8	0.0	0	190.5	UNCALLABLE_BOTH	NA	NA	NO	NO	NO	NA	NA
HPL01122	REPEAT_ONLY	INTERGENIC_OTHER	A	1	9	59	0.0	0	131.0	0.0	0	26.6	0.0	0	188.4	UNCALLABLE_BOTH	NA	NA	NO	NO	NO	NA	NA
HPL01123	REPEAT_ONLY	CDS	A	1	8	58	0.0	0	131.6	0.0	0	26.8	0.0	0	190.5	UNCALLABLE_BOTH	NA	NA	NO	NO	NO	NA	NA
HPL01124	REPEAT_ONLY	CDS	A	1	8	58	0.0	0	131.6	0.0	0	26.8	0.0	0	190.5	UNCALLABLE_BOTH	NA	NA	NO	NO	NO	NA	NA
HPL01125	REPEAT_ONLY	CDS	AAAATG	6	18	68	0.8974	28	125.2	0.2308	22	25.4	0.0	0	170.0	PARTIAL	0.627	NO	NO	NO	NO	NA	NA
HPL01126	REPEAT_ONLY	CDS	A	1	9	59	0.0	0	131.0	0.0	0	26.6	0.6667	181.0	188.4	PLATFORM_CONFOUNDED_CALLABILITY	NA	NA	NO	NO	NO	NA	NA
HPL01127	REPEAT_ONLY	PROMOTER_OR_INTERGENIC_UPSTREAM	A	1	8	58	0.0	0	131.6	0.0	0	26.8	0.3333	62.5	190.5	PARTIAL	NA	NA	NO	NO	NO	NA	NA
HPL01128	REPEAT_ONLY	INTERGENIC_OTHER	A	1	14	64	0.0	0	127.8	0.0	0	25.9	0.8333	163	178.2	PLATFORM_CONFOUNDED_CALLABILITY	0.992	YES	NO	NO	NO	NA	NA
HPL01129	REPEAT_ONLY	CDS	A	1	8	58	0.0	0	131.6	0.2308	16	26.8	0.0	0	190.5	PARTIAL	NA	NA	NO	NO	NO	NA	NA
HPL01130	REPEAT_ONLY	CDS	A	1	8	58	0.8462	31	131.6	0.9231	18.0	26.8	1.0	192.5	190.5	CALLABLE_BOTH	0.664	NO	NO	NO	NO	NA	NA
HPL01131	REPEAT_ONLY	CDS	A	1	8	58	1.0	75	131.6	0.9231	20.0	26.8	1.0	187.5	190.5	CALLABLE_BOTH	NA	NA	NO	NO	NO	NA	NA
HPL01132	REPEAT_ONLY	CDS	A	1	8	58	0.8974	43	131.6	0.9231	24.0	26.8	1.0	197.5	190.5	CALLABLE_BOTH	0.743	NO	NO	NO	NO	NA	NA
HPL01133	REPEAT_ONLY	CDS	AAAGAT	6	35	85	0.0	0	114.4	0.0	0	23.0	0.1667	89	135.2	UNCALLABLE_BOTH	NA	NA	NO	NO	NO	NA	NA
HPL01135	REPEAT_ONLY	CDS	C	1	8	58	0.0	0	131.6	0.0	0	26.8	0.0	0	190.5	UNCALLABLE_BOTH	NA	NA	NO	NO	NO	NA	NA
HPL01136	REPEAT_ONLY	CDS	C	1	9	59	0.0	0	131.0	0.0	0	26.6	0.1667	206	188.4	UNCALLABLE_BOTH	NA	NA	NO	NO	NO	NA	NA
HPL01139	REPEAT_ONLY	CDS	AAC	3	12	62	0.8462	37	129.1	0.8462	21	26.2	0.8333	155	182.3	CALLABLE_BOTH	0.664	NO	NO	NO	NO	NA	NA
HPL01140	REPEAT_ONLY	CDS	A	1	8	58	0.0	0	131.6	0.3077	24.5	26.8	0.0	0	190.5	PARTIAL	NA	NA	NO	NO	NO	NA	NA
HPL01141	REPEAT_ONLY	CDS	A	1	8	58	0.0	0	131.6	0.3846	24	26.8	0.0	0	190.5	PARTIAL	0.143	NO	NO	NO	NO	NA	NA
HPL01142	REPEAT_ONLY	INTERGENIC_OTHER	C	1	10	60	0.0	0	130.4	0.0769	23	26.5	0.0	0	186.4	UNCALLABLE_BOTH	NA	NA	NO	NO	NO	NA	NA
HPL01145	REPEAT_ONLY	CDS	A	1	8	58	0.0	0	131.6	0.0	0	26.8	0.0	0	190.5	UNCALLABLE_BOTH	NA	NA	NO	NO	NO	NA	NA
HPL01147	REPEAT_ONLY	CDS	AAC	3	12	62	0.0	0	129.1	0.0	0	26.2	0.0	0	182.3	UNCALLABLE_BOTH	NA	NA	NO	NO	NO	NA	NA
HPL01148	REPEAT_ONLY	CDS	AG	2	18	68	0.0	0	125.2	0.0	0	25.4	0.0	0	170.0	UNCALLABLE_BOTH	NA	NA	NO	NO	NO	NA	NA
HPL01149	REPEAT_ONLY	CDS	A	1	8	58	0.0	0	131.6	0.0	0	26.8	0.0	0	190.5	UNCALLABLE_BOTH	NA	NA	NO	NO	NO	NA	NA
HPL01152	REPEAT_ONLY	INTERGENIC_OTHER	A	1	8	58	0.0	0	131.6	0.0	0	26.8	0.0	0	190.5	UNCALLABLE_BOTH	NA	NA	NO	NO	NO	NA	NA
HPL01153	REPEAT_ONLY	PROMOTER_OR_INTERGENIC_UPSTREAM	A	1	8	58	0.0	0	131.6	0.0	0	26.8	0.0	0	190.5	UNCALLABLE_BOTH	NA	NA	NO	NO	NO	NA	NA
HPL01154	REPEAT_ONLY	PROMOTER_OR_INTERGENIC_UPSTREAM	A	1	8	58	0.0	0	131.6	0.6154	23.0	26.8	1.0	230.5	190.5	PARTIAL	0.474	NO	NO	NO	NO	NA	NA
HPL01155	REPEAT_ONLY	CDS	ACC	3	12	62	0.8462	51	129.1	0.6923	21	26.2	1.0	185.5	182.3	PARTIAL	0.798	NO	NO	NO	NO	NA	NA
HPL01156	REPEAT_ONLY	CDS	A	1	8	58	0.0	0	131.6	0.0	0	26.8	0.3333	130.0	190.5	PARTIAL	NA	NA	NO	NO	NO	NA	NA
HPL01157	REPEAT_ONLY	PROMOTER_OR_INTERGENIC_UPSTREAM	C	1	10	60	0.0	0	130.4	0.0769	11	26.5	0.0	0	186.4	UNCALLABLE_BOTH	NA	NA	NO	NO	NO	NA	NA
HPL01160	REPEAT_ONLY	CDS	A	1	8	58	0.0	0	131.6	0.0	0	26.8	0.8333	201	190.5	PLATFORM_CONFOUNDED_CALLABILITY	0.989	YES	NO	NO	NO	NA	NA
HPL01161	REPEAT_ONLY	CDS	AG	2	10	60	0.0	0	130.4	0.0	0	26.5	0.0	0	186.4	UNCALLABLE_BOTH	NA	NA	NO	NO	NO	NA	NA
HPL01162	REPEAT_ONLY	CDS	A	1	8	58	1.0	53	131.6	0.7692	27.0	26.8	1.0	211.5	190.5	PARTIAL	NA	NA	NO	NO	NO	NA	NA
HPL01163	REPEAT_ONLY	PROMOTER_OR_INTERGENIC_UPSTREAM	A	1	9	59	0.0	0	131.0	0.0	0	26.6	0.0	0	188.4	UNCALLABLE_BOTH	NA	NA	NO	NO	NO	NA	NA
HPL01164	REPEAT_ONLY	CDS	A	1	8	58	0.0	0	131.6	0.0	0	26.8	0.0	0	190.5	UNCALLABLE_BOTH	NA	NA	NO	NO	NO	NA	NA
HPL01165	REPEAT_ONLY	CDS	A	1	8	58	0.0	0	131.6	0.0769	13	26.8	0.0	0	190.5	UNCALLABLE_BOTH	NA	NA	NO	NO	NO	NA	NA
HPL01166	REPEAT_ONLY	CDS	A	1	8	58	0.0	0	131.6	0.0	0	26.8	0.5	185	190.5	PLATFORM_CONFOUNDED_CALLABILITY	NA	NA	NO	NO	NO	NA	NA
HPL01167	REPEAT_ONLY	INTERGENIC_OTHER	A	1	8	58	0.0	0	131.6	0.1538	21.5	26.8	0.1667	191	190.5	UNCALLABLE_BOTH	NA	NA	NO	NO	NO	NA	NA
HPL01168	REPEAT_ONLY	CDS	AC	2	10	60	0.8462	33	130.4	0.9231	22.0	26.5	0.8333	190	186.4	CALLABLE_BOTH	0.598	NO	NO	NO	NO	NA	NA
HPL01169	REPEAT_ONLY	CDS	A	1	8	58	1.0	93	131.6	0.6923	22	26.8	0.8333	166	190.5	PARTIAL	0.736	NO	NO	NO	NO	NA	NA
HPL01170	REPEAT_ONLY	CDS	A	1	8	58	0.0	0	131.6	0.0	0	26.8	0.3333	173.5	190.5	PARTIAL	NA	NA	NO	NO	NO	NA	NA
HPL01171	REPEAT_ONLY	CDS	A	1	8	58	0.0	0	131.6	0.0	0	26.8	0.0	0	190.5	UNCALLABLE_BOTH	NA	NA	NO	NO	NO	NA	NA
HPL01172	REPEAT_ONLY	CDS	C	1	8	58	0.0	0	131.6	0.2308	21	26.8	0.8333	204	190.5	PLATFORM_CONFOUNDED_CALLABILITY	0.664	NO	NO	NO	NO	NA	NA
HPL01173	REPEAT_ONLY	INTERGENIC_OTHER	C	1	9	59	0.0	0	131.0	0.0	0	26.6	0.5	135	188.4	PLATFORM_CONFOUNDED_CALLABILITY	NA	NA	NO	NO	NO	NA	NA
HPL01174	REPEAT_ONLY	CDS	A	1	8	58	0.0	0	131.6	0.0	0	26.8	0.0	0	190.5	UNCALLABLE_BOTH	NA	NA	NO	NO	NO	NA	NA
HPL01175	REPEAT_ONLY	CDS	A	1	8	58	0.0	0	131.6	0.0	0	26.8	0.1667	119	190.5	UNCALLABLE_BOTH	NA	NA	NO	NO	NO	NA	NA
HPL01176	REPEAT_ONLY	CDS	A	1	8	58	0.0	0	131.6	0.0	0	26.8	0.0	0	190.5	UNCALLABLE_BOTH	NA	NA	NO	NO	NO	NA	NA
HPL01177	REPEAT_ONLY	CDS	A	1	8	58	0.9231	41.0	131.6	0.6923	21	26.8	0.3333	107.0	190.5	PARTIAL	0.526	NO	NO	NO	NO	NA	NA
HPL01178	REPEAT_ONLY	CDS	A	1	8	58	0.0	0	131.6	0.0	0	26.8	0.0	0	190.5	UNCALLABLE_BOTH	NA	NA	NO	NO	NO	NA	NA
HPL01179	REPEAT_ONLY	CDS	A	1	8	58	0.0	0	131.6	0.0	0	26.8	0.0	0	190.5	UNCALLABLE_BOTH	NA	NA	NO	NO	NO	NA	NA
HPL01180	REPEAT_ONLY	CDS	A	1	8	58	1.0	79	131.6	1.0	19	26.8	0.0	0	190.5	PLATFORM_CONFOUNDED_CALLABILITY	0.0	NO	NO	NO	NO	NA	NA
HPL01181	REPEAT_ONLY	CDS	A	1	8	58	0.0	0	131.6	0.0	0	26.8	0.5	44	190.5	PLATFORM_CONFOUNDED_CALLABILITY	NA	NA	NO	NO	NO	NA	NA
HPL01184	REPEAT_ONLY	CDS	A	1	8	58	0.0	0	131.6	0.1538	10.5	26.8	1.0	126.0	190.5	PLATFORM_CONFOUNDED_CALLABILITY	0.8	YES	NO	NO	NO	NA	NA
HPL01185	REPEAT_ONLY	CDS	A	1	8	58	0.0	0	131.6	0.1538	21.0	26.8	0.5	9	190.5	PARTIAL	0.63	NO	NO	NO	NO	NA	NA
HPL01187	REPEAT_ONLY	INTERGENIC_OTHER	A	1	8	58	0.0	0	131.6	0.0	0	26.8	0.0	0	190.5	UNCALLABLE_BOTH	NA	NA	NO	NO	NO	NA	NA
HPL01190	REPEAT_ONLY	CDS	A	1	8	58	0.0	0	131.6	0.0	0	26.8	0.0	0	190.5	UNCALLABLE_BOTH	NA	NA	NO	NO	NO	NA	NA
HPL01191	REPEAT_ONLY	CDS	A	1	8	58	1.0	45	131.6	0.9231	18.5	26.8	0.8333	93	190.5	CALLABLE_BOTH	NA	NA	NO	NO	NO	NA	NA
HPL01192	REPEAT_ONLY	CDS	A	1	8	58	0.0	0	131.6	0.4615	16.5	26.8	1.0	88.5	190.5	PLATFORM_CONFOUNDED_CALLABILITY	0.556	NO	NO	NO	NO	NA	NA
HPL01193	REPEAT_ONLY	CDS	AAG	3	13	63	0.0	0	128.4	0.0	0	26.1	0.0	0	180.2	UNCALLABLE_BOTH	NA	NA	NO	NO	NO	NA	NA
HPL01194	REPEAT_ONLY	CDS	A	1	9	59	0.0	0	131.0	0.0769	18	26.6	0.1667	209	188.4	UNCALLABLE_BOTH	NA	NA	NO	NO	NO	NA	NA
HPL01195	REPEAT_ONLY	PROMOTER_OR_INTERGENIC_UPSTREAM	A	1	15	65	0.0	0	127.2	0.0	0	25.8	0.0	0	176.1	UNCALLABLE_BOTH	NA	NA	NO	NO	NO	NA	NA
HPL01196	REPEAT_ONLY	CDS	C	1	8	58	0.0	0	131.6	0.1538	21.0	26.8	0.5	167	190.5	PARTIAL	0.581	NO	NO	NO	NO	NA	NA
HPL01198	REPEAT_ONLY	PROMOTER_OR_INTERGENIC_UPSTREAM	A	1	8	58	0.0	0	131.6	0.0	0	26.8	0.0	0	190.5	UNCALLABLE_BOTH	NA	NA	NO	NO	NO	NA	NA
HPL01199	REPEAT_ONLY	INTERGENIC_OTHER	AT	2	16	66	0.0	0	126.5	0.0	0	25.7	0.0	0	174.1	UNCALLABLE_BOTH	NA	NA	NO	NO	NO	1.0	1.0
HPL01200	REPEAT_ONLY	PROMOTER_OR_INTERGENIC_UPSTREAM	A	1	8	58	0.0	0	131.6	0.0	0	26.8	0.0	0	190.5	UNCALLABLE_BOTH	NA	NA	NO	NO	NO	NA	NA
HPL01201	REPEAT_ONLY	CDS	A	1	8	58	0.0	0	131.6	0.0	0	26.8	0.6667	151.5	190.5	PLATFORM_CONFOUNDED_CALLABILITY	NA	NA	NO	NO	NO	NA	NA
HPL01202	REPEAT_ONLY	CDS	A	1	8	58	0.0	0	131.6	0.0	0	26.8	0.5	240	190.5	PLATFORM_CONFOUNDED_CALLABILITY	NA	NA	NO	NO	NO	NA	NA
HPL01203	REPEAT_ONLY	PROMOTER_OR_INTERGENIC_UPSTREAM	A	1	8	58	0.0	0	131.6	0.0	0	26.8	0.0	0	190.5	UNCALLABLE_BOTH	NA	NA	NO	NO	NO	NA	NA
HPL01205	REPEAT_ONLY	CDS	AG	2	19	69	0.0	0	124.6	0.0	0	25.2	0.0	0	167.9	UNCALLABLE_BOTH	NA	NA	NO	NO	NO	NA	NA
HPL01206	REPEAT_ONLY	CDS	C	1	13	63	0.0	0	128.4	0.0	0	26.1	0.0	0	180.2	UNCALLABLE_BOTH	NA	NA	NO	NO	NO	NA	NA
HPL01208	REPEAT_ONLY	CDS	C	1	8	58	0.8462	42	131.6	0.6154	25.0	26.8	0.8333	182	190.5	PARTIAL	0.737	NO	NO	NO	NO	NA	NA
HPL01209	REPEAT_ONLY	CDS	C	1	8	58	0.0	0	131.6	0.0	0	26.8	1.0	138.5	190.5	PLATFORM_CONFOUNDED_CALLABILITY	1.0	YES	NO	NO	NO	NA	NA
HPL01210	REPEAT_ONLY	CDS	A	1	8	58	1.0	62	131.6	0.5385	20	26.8	0.3333	204.5	190.5	PARTIAL	0.567	NO	NO	NO	NO	NA	NA
HPL01211	REPEAT_ONLY	CDS	AT	2	17	67	0.0	0	125.9	0.0	0	25.5	1.0	117.5	172.0	PLATFORM_CONFOUNDED_CALLABILITY	1.0	YES	NO	NO	NO	NA	NA
HPL01212	REPEAT_ONLY	PROMOTER_OR_INTERGENIC_UPSTREAM	A	1	8	58	0.0	0	131.6	0.1538	44.5	26.8	0.3333	158.0	190.5	PARTIAL	NA	NA	NO	NO	NO	NA	NA
HPL01214	REPEAT_ONLY	CDS	A	1	9	59	0.8718	27.5	131.0	0.4615	18.0	26.6	1.0	104.0	188.4	PLATFORM_CONFOUNDED_CALLABILITY	0.876	YES	NO	NO	NO	NA	NA
HPL01219	REPEAT_ONLY	PROMOTER_OR_INTERGENIC_UPSTREAM	A	1	8	58	0.0	0	131.6	0.0	0	26.8	0.0	0	190.5	UNCALLABLE_BOTH	NA	NA	NO	NO	NO	NA	NA
HPL01220	REPEAT_ONLY	PROMOTER_OR_INTERGENIC_UPSTREAM	AG	2	10	60	0.0	0	130.4	0.0	0	26.5	0.0	0	186.4	UNCALLABLE_BOTH	NA	NA	NO	NO	NO	NA	NA
HPL01221	REPEAT_ONLY	CDS	AG	2	11	61	0.8205	50.0	129.7	0.0	0	26.4	0.5	196	184.3	PLATFORM_CONFOUNDED_CALLABILITY	0.796	NO	NO	NO	NO	NA	NA
HPL01222	REPEAT_ONLY	CDS	A	1	8	58	0.0	0	131.6	0.0	0	26.8	0.0	0	190.5	UNCALLABLE_BOTH	NA	NA	NO	NO	NO	NA	NA
HPL01224	REPEAT_ONLY	CDS	A	1	9	59	0.0	0	131.0	0.0	0	26.6	0.6667	154.5	188.4	PLATFORM_CONFOUNDED_CALLABILITY	NA	NA	NO	NO	NO	NA	NA
HPL01227	REPEAT_ONLY	PROMOTER_OR_INTERGENIC_UPSTREAM	A	1	13	63	0.0	0	128.4	0.2308	9	26.1	0.0	0	180.2	PARTIAL	NA	NA	NO	NO	NO	NA	NA
HPL01228	REPEAT_ONLY	CDS	A	1	8	58	0.0	0	131.6	0.0769	68	26.8	0.0	0	190.5	UNCALLABLE_BOTH	NA	NA	NO	NO	NO	NA	NA
HPL01229	REPEAT_ONLY	INTERGENIC_OTHER	A	1	9	59	0.0	0	131.0	0.0	0	26.6	0.1667	230	188.4	UNCALLABLE_BOTH	NA	NA	NO	NO	NO	NA	NA
HPL01230	REPEAT_ONLY	INTERGENIC_OTHER	A	1	8	58	0.9744	78.5	131.6	0.4615	14.5	26.8	0.5	191	190.5	PARTIAL	0.669	NO	NO	NO	NO	NA	NA
HPL01231	REPEAT_ONLY	CDS	A	1	9	59	0.8462	46	131.0	0.9231	20.0	26.6	1.0	181.0	188.4	CALLABLE_BOTH	0.706	NO	NO	NO	NO	NA	NA
HPL01233	REPEAT_ONLY	CDS	A	1	8	58	0.0	0	131.6	0.0	0	26.8	0.0	0	190.5	UNCALLABLE_BOTH	NA	NA	NO	NO	NO	NA	NA
HPL01234	REPEAT_ONLY	CDS	A	1	8	58	0.0	0	131.6	0.0	0	26.8	0.0	0	190.5	UNCALLABLE_BOTH	NA	NA	NO	NO	NO	NA	NA
HPL01235	REPEAT_ONLY	CDS	A	1	9	59	0.0	0	131.0	0.0	0	26.6	0.0	0	188.4	UNCALLABLE_BOTH	NA	NA	NO	NO	NO	NA	NA
HPL01237	REPEAT_ONLY	CDS	A	1	8	58	0.0	0	131.6	0.0769	25	26.8	0.8333	95	190.5	PLATFORM_CONFOUNDED_CALLABILITY	0.838	YES	NO	NO	NO	NA	NA
HPL01240	REPEAT_ONLY	CDS	A	1	8	58	0.0	0	131.6	0.6154	15.0	26.8	1.0	219.5	190.5	PARTIAL	0.446	NO	NO	NO	NO	NA	NA
HPL01242	REPEAT_ONLY	CDS	A	1	8	58	0.0	0	131.6	0.4615	26.5	26.8	1.0	181.5	190.5	PLATFORM_CONFOUNDED_CALLABILITY	0.564	NO	NO	NO	NO	NA	NA
HPL01244	REPEAT_ONLY	CDS	AAT	3	14	64	1.0	77	127.8	0.4615	26.0	25.9	1.0	157.0	178.2	PLATFORM_CONFOUNDED_CALLABILITY	0.934	YES	NO	NO	NO	NA	NA
HPL01245	REPEAT_ONLY	PROMOTER_OR_INTERGENIC_UPSTREAM	AAT	3	12	62	0.0	0	129.1	0.0	0	26.2	1.0	153.0	182.3	PLATFORM_CONFOUNDED_CALLABILITY	1.0	YES	NO	NO	NO	1.0	1.0
HPL01246	REPEAT_ONLY	CDS	A	1	9	59	0.0	0	131.0	0.0	0	26.6	0.0	0	188.4	UNCALLABLE_BOTH	NA	NA	NO	NO	NO	NA	NA
HPL01247	REPEAT_ONLY	CDS	C	1	8	58	0.8718	19.5	131.6	0.3846	23	26.8	1.0	181.0	190.5	PLATFORM_CONFOUNDED_CALLABILITY	0.902	YES	NO	NO	NO	NA	NA
HPL01248	REPEAT_ONLY	PROMOTER_OR_INTERGENIC_UPSTREAM	A	1	8	58	0.0	0	131.6	0.0	0	26.8	0.8333	155	190.5	PLATFORM_CONFOUNDED_CALLABILITY	0.996	YES	NO	NO	NO	NA	NA
HPL01249	REPEAT_ONLY	INTERGENIC_OTHER	A	1	8	58	0.0	0	131.6	0.0	0	26.8	0.1667	61	190.5	UNCALLABLE_BOTH	NA	NA	NO	NO	NO	NA	NA
HPL01252	REPEAT_ONLY	PROMOTER_OR_INTERGENIC_UPSTREAM	A	1	8	58	0.0	0	131.6	0.0	0	26.8	0.3333	79.0	190.5	PARTIAL	NA	NA	NO	NO	NO	NA	NA
HPL01253	REPEAT_ONLY	CDS	A	1	8	58	0.0	0	131.6	0.0	0	26.8	0.5	42	190.5	PLATFORM_CONFOUNDED_CALLABILITY	NA	NA	NO	NO	NO	NA	NA
HPL01254	REPEAT_ONLY	PROMOTER_OR_INTERGENIC_UPSTREAM	AAT	3	12	62	0.0	0	129.1	0.0	0	26.2	0.0	0	182.3	UNCALLABLE_BOTH	NA	NA	NO	NO	NO	1.0	1.0
HPL01255	REPEAT_ONLY	CDS	C	1	17	67	0.0	0	125.9	0.0	0	25.5	0.0	0	172.0	UNCALLABLE_BOTH	NA	NA	NO	NO	NO	NA	NA
HPL01256	REPEAT_ONLY	CDS	A	1	8	58	0.0	0	131.6	0.0769	24	26.8	0.0	0	190.5	UNCALLABLE_BOTH	NA	NA	NO	NO	NO	NA	NA
HPL01257	REPEAT_ONLY	CDS	AAAAC	5	15	65	0.0	0	127.2	0.0769	33	25.8	0.1667	242	176.1	UNCALLABLE_BOTH	NA	NA	NO	NO	NO	NA	NA
HPL01259	REPEAT_ONLY	PROMOTER_OR_INTERGENIC_UPSTREAM	AG	2	13	63	0.0	0	128.4	0.0	0	26.1	0.0	0	180.2	UNCALLABLE_BOTH	NA	NA	NO	NO	NO	NA	NA
HPL01263	REPEAT_ONLY	CDS	A	1	8	58	0.8718	54.0	131.6	0.7692	25.0	26.8	1.0	217.5	190.5	PARTIAL	0.781	NO	NO	NO	NO	NA	NA
HPL01264	REPEAT_ONLY	CDS	A	1	8	58	0.0	0	131.6	0.0	0	26.8	1.0	235.5	190.5	PLATFORM_CONFOUNDED_CALLABILITY	1.0	YES	NO	NO	NO	NA	NA
HPL01265	REPEAT_ONLY	CDS	AC	2	11	61	0.0	0	129.7	0.2308	24	26.4	1.0	182.0	184.3	PLATFORM_CONFOUNDED_CALLABILITY	0.7	NO	NO	NO	NO	NA	NA
HPL01266	REPEAT_ONLY	CDS	A	1	8	58	0.0	0	131.6	0.0769	24	26.8	0.6667	154.5	190.5	PLATFORM_CONFOUNDED_CALLABILITY	0.802	YES	NO	NO	NO	NA	NA
HPL01267	REPEAT_ONLY	CDS	C	1	9	59	0.9487	85	131.0	0.6154	20.5	26.6	0.3333	201.0	188.4	PARTIAL	0.566	NO	NO	NO	NO	NA	NA
HPL01268	REPEAT_ONLY	CDS	AAAAAG	6	22	72	0.0	0	122.7	0.0	0	24.8	0.0	0	161.8	UNCALLABLE_BOTH	NA	NA	NO	NO	NO	NA	NA
HPL01269	REPEAT_ONLY	CDS	A	1	8	58	0.0	0	131.6	0.0	0	26.8	0.0	0	190.5	UNCALLABLE_BOTH	NA	NA	NO	NO	NO	NA	NA
HPL01270	REPEAT_ONLY	CDS	A	1	8	58	0.0	0	131.6	0.0769	25	26.8	1.0	218.5	190.5	PLATFORM_CONFOUNDED_CALLABILITY	0.873	YES	NO	NO	NO	NA	NA
HPL01271	REPEAT_ONLY	INTERGENIC_OTHER	A	1	8	58	0.0	0	131.6	0.0769	22	26.8	0.6667	198.0	190.5	PLATFORM_CONFOUNDED_CALLABILITY	0.809	YES	NO	NO	NO	NA	NA
HPL01273	REPEAT_ONLY	CDS	A	1	8	58	0.0	0	131.6	0.0	0	26.8	0.0	0	190.5	UNCALLABLE_BOTH	NA	NA	NO	NO	NO	NA	NA
HPL01274	REPEAT_ONLY	PROMOTER_OR_INTERGENIC_UPSTREAM	A	1	8	58	0.0	0	131.6	0.0769	12	26.8	0.6667	212.5	190.5	PLATFORM_CONFOUNDED_CALLABILITY	0.8	YES	NO	NO	NO	NA	NA
HPL01275	REPEAT_ONLY	CDS	A	1	8	58	0.0	0	131.6	0.2308	16	26.8	0.8333	234	190.5	PLATFORM_CONFOUNDED_CALLABILITY	0.649	NO	NO	NO	NO	NA	NA
HPL01276	REPEAT_ONLY	CDS	A	1	8	58	1.0	68	131.6	0.4615	24.5	26.8	0.8333	193	190.5	PARTIAL	0.792	NO	NO	NO	NO	NA	NA
HPL01277	REPEAT_ONLY	PROMOTER_OR_INTERGENIC_UPSTREAM	A	1	8	58	0.0	0	131.6	0.0	0	26.8	0.0	0	190.5	UNCALLABLE_BOTH	NA	NA	NO	NO	NO	NA	NA
HPL01278	REPEAT_ONLY	PROMOTER_OR_INTERGENIC_UPSTREAM	A	1	8	58	0.0	0	131.6	0.0	0	26.8	0.0	0	190.5	UNCALLABLE_BOTH	NA	NA	NO	NO	NO	NA	NA
HPL01279	REPEAT_ONLY	CDS	A	1	8	58	0.0	0	131.6	0.1538	44.5	26.8	0.3333	143.0	190.5	PARTIAL	NA	NA	NO	NO	NO	NA	NA
HPL01280	REPEAT_ONLY	CDS	A	1	9	59	0.8974	30	131.0	0.6923	17	26.6	1.0	101.0	188.4	PARTIAL	0.853	YES	NO	NO	NO	NA	NA
HPL01281	REPEAT_ONLY	CDS	A	1	8	58	0.0	0	131.6	0.0	0	26.8	0.0	0	190.5	UNCALLABLE_BOTH	NA	NA	NO	NO	NO	NA	NA
HPL01282	REPEAT_ONLY	INTERGENIC_OTHER	A	1	9	59	0.0	0	131.0	0.0	0	26.6	0.0	0	188.4	UNCALLABLE_BOTH	NA	NA	NO	NO	NO	NA	NA
HPL01283	REPEAT_ONLY	INTERGENIC_OTHER	A	1	9	59	0.0	0	131.0	0.0	0	26.6	0.0	0	188.4	UNCALLABLE_BOTH	NA	NA	NO	NO	NO	NA	NA
HPL01284	REPEAT_ONLY	CDS	AG	2	15	65	0.0	0	127.2	0.0	0	25.8	0.0	0	176.1	UNCALLABLE_BOTH	NA	NA	NO	NO	NO	NA	NA
HPL01285	REPEAT_ONLY	CDS	A	1	9	59	0.0	0	131.0	0.0	0	26.6	0.0	0	188.4	UNCALLABLE_BOTH	NA	NA	NO	NO	NO	NA	NA
HPL01286	REPEAT_ONLY	CDS	A	1	8	58	0.0	0	131.6	0.5385	20	26.8	0.3333	163.5	190.5	PARTIAL	0.262	NO	NO	NO	NO	NA	NA
HPL01287	REPEAT_ONLY	INTERGENIC_OTHER	C	1	8	58	0.0	0	131.6	0.0	0	26.8	0.0	0	190.5	UNCALLABLE_BOTH	NA	NA	NO	NO	NO	NA	NA
HPL01288	REPEAT_ONLY	CDS	A	1	8	58	0.0	0	131.6	0.0	0	26.8	0.0	0	190.5	UNCALLABLE_BOTH	NA	NA	NO	NO	NO	NA	NA
HPL01289	REPEAT_ONLY	PROMOTER_OR_INTERGENIC_UPSTREAM	A	1	9	59	0.0	0	131.0	0.0	0	26.6	1.0	224.5	188.4	PLATFORM_CONFOUNDED_CALLABILITY	1.0	YES	NO	NO	NO	NA	NA
HPL01290	REPEAT_ONLY	CDS	A	1	8	58	0.0	0	131.6	0.3077	33.5	26.8	0.8333	206	190.5	PLATFORM_CONFOUNDED_CALLABILITY	0.624	NO	NO	NO	NO	NA	NA
HPL01291	REPEAT_ONLY	CDS	A	1	8	58	0.0	0	131.6	0.0	0	26.8	0.0	0	190.5	UNCALLABLE_BOTH	NA	NA	NO	NO	NO	NA	NA
HPL01292	REPEAT_ONLY	CDS	C	1	8	58	0.0	0	131.6	0.0	0	26.8	0.0	0	190.5	UNCALLABLE_BOTH	NA	NA	NO	NO	NO	NA	NA
HPL01293	REPEAT_ONLY	CDS	A	1	8	58	1.0	70	131.6	0.3846	14	26.8	1.0	161.0	190.5	PLATFORM_CONFOUNDED_CALLABILITY	0.953	YES	NO	NO	NO	NA	NA
HPL01294	REPEAT_ONLY	CDS	AAT	3	15	65	0.0	0	127.2	0.1538	14.0	25.8	0.1667	107	176.1	UNCALLABLE_BOTH	NA	NA	NO	NO	NO	NA	NA
HPL01295	REPEAT_ONLY	CDS	A	1	8	58	0.0	0	131.6	0.0	0	26.8	0.0	0	190.5	UNCALLABLE_BOTH	NA	NA	NO	NO	NO	NA	NA
HPL01296	REPEAT_ONLY	CDS	A	1	8	58	0.0	0	131.6	0.0	0	26.8	0.0	0	190.5	UNCALLABLE_BOTH	NA	NA	NO	NO	NO	NA	NA
HPL01297	REPEAT_ONLY	CDS	A	1	8	58	0.0	0	131.6	0.0	0	26.8	0.0	0	190.5	UNCALLABLE_BOTH	NA	NA	NO	NO	NO	NA	NA
HPL01298	REPEAT_ONLY	CDS	A	1	8	58	0.0	0	131.6	0.0	0	26.8	0.0	0	190.5	UNCALLABLE_BOTH	NA	NA	NO	NO	NO	NA	NA
HPL01299	REPEAT_ONLY	CDS	AAAGG	5	15	65	1.0	74	127.2	1.0	26	25.8	1.0	163.0	176.1	CALLABLE_BOTH	NA	NA	NO	NO	NO	NA	NA
HPL01300	REPEAT_ONLY	CDS	A	1	8	58	0.0	0	131.6	0.0769	10	26.8	0.5	210	190.5	PARTIAL	NA	NA	NO	NO	NO	NA	NA
HPL01301	REPEAT_ONLY	CDS	A	1	12	62	0.0	0	129.1	0.0	0	26.2	0.6667	185.5	182.3	PLATFORM_CONFOUNDED_CALLABILITY	NA	NA	NO	NO	NO	NA	NA
HPL01302	REPEAT_ONLY	CDS	A	1	8	58	0.0	0	131.6	0.0	0	26.8	0.0	0	190.5	UNCALLABLE_BOTH	NA	NA	NO	NO	NO	NA	NA
HPL01303	REPEAT_ONLY	CDS	A	1	8	58	0.0	0	131.6	0.0	0	26.8	0.0	0	190.5	UNCALLABLE_BOTH	NA	NA	NO	NO	NO	NA	NA
HPL01305	REPEAT_ONLY	PROMOTER_OR_INTERGENIC_UPSTREAM	A	1	8	58	0.0	0	131.6	0.0	0	26.8	0.5	203	190.5	PLATFORM_CONFOUNDED_CALLABILITY	NA	NA	NO	NO	NO	NA	NA
HPL01306	REPEAT_ONLY	INTERGENIC_OTHER	A	1	8	58	0.0	0	131.6	0.0	0	26.8	0.0	0	190.5	UNCALLABLE_BOTH	NA	NA	NO	NO	NO	NA	NA
HPL01307	REPEAT_ONLY	INTERGENIC_OTHER	A	1	9	59	0.0	0	131.0	0.0	0	26.6	0.1667	174	188.4	UNCALLABLE_BOTH	NA	NA	NO	NO	NO	NA	NA
HPL01308	REPEAT_ONLY	CDS	A	1	8	58	0.0	0	131.6	0.1538	18.0	26.8	0.5	132	190.5	PARTIAL	0.66	NO	NO	NO	NO	NA	NA
HPL01309	REPEAT_ONLY	CDS	A	1	8	58	0.0	0	131.6	0.0	0	26.8	0.0	0	190.5	UNCALLABLE_BOTH	NA	NA	NO	NO	NO	NA	NA
HPL01310	REPEAT_ONLY	CDS	A	1	8	58	0.0	0	131.6	0.0769	28	26.8	1.0	126.5	190.5	PLATFORM_CONFOUNDED_CALLABILITY	0.891	YES	NO	NO	NO	NA	NA
HPL01311	REPEAT_ONLY	CDS	A	1	9	59	0.0	0	131.0	0.0	0	26.6	0.0	0	188.4	UNCALLABLE_BOTH	NA	NA	NO	NO	NO	NA	NA
HPL01312	REPEAT_ONLY	CDS	AAG	3	12	62	0.8205	26.0	129.1	1.0	22	26.2	0.0	0	182.3	PLATFORM_CONFOUNDED_CALLABILITY	0.291	NO	NO	NO	NO	NA	NA
HPL01313	REPEAT_ONLY	INTERGENIC_OTHER	A	1	8	58	0.0	0	131.6	0.0	0	26.8	0.0	0	190.5	UNCALLABLE_BOTH	NA	NA	NO	NO	NO	NA	NA
HPL01314	REPEAT_ONLY	CDS	A	1	8	58	0.0	0	131.6	0.0	0	26.8	0.0	0	190.5	UNCALLABLE_BOTH	NA	NA	NO	NO	NO	NA	NA
HPL01315	REPEAT_ONLY	CDS	A	1	8	58	0.0	0	131.6	0.0	0	26.8	0.1667	233	190.5	UNCALLABLE_BOTH	NA	NA	NO	NO	NO	NA	NA
HPL01316	REPEAT_ONLY	CDS	A	1	8	58	1.0	81	131.6	1.0	26	26.8	1.0	219.0	190.5	CALLABLE_BOTH	NA	NA	NO	NO	NO	NA	NA
HPL01317	REPEAT_ONLY	CDS	A	1	8	58	0.0	0	131.6	0.0	0	26.8	0.1667	156	190.5	UNCALLABLE_BOTH	NA	NA	NO	NO	NO	NA	NA
HPL01318	REPEAT_ONLY	CDS	A	1	8	58	0.0	0	131.6	0.0	0	26.8	0.0	0	190.5	UNCALLABLE_BOTH	NA	NA	NO	NO	NO	NA	NA
HPL01319	REPEAT_ONLY	PROMOTER_OR_INTERGENIC_UPSTREAM	A	1	11	61	0.0	0	129.7	0.2308	13	26.4	0.0	0	184.3	PARTIAL	NA	NA	NO	NO	NO	NA	NA
HPL01320	REPEAT_ONLY	CDS	AG	2	17	67	0.0	0	125.9	0.0	0	25.5	0.0	0	172.0	UNCALLABLE_BOTH	NA	NA	NO	NO	NO	NA	NA
HPL01321	REPEAT_ONLY	PROMOTER_OR_INTERGENIC_UPSTREAM	A	1	13	63	0.0	0	128.4	0.0	0	26.1	0.0	0	180.2	UNCALLABLE_BOTH	NA	NA	NO	NO	NO	NA	NA
HPL01322	REPEAT_ONLY	CDS	ATC	3	12	62	0.0	0	129.1	0.0	0	26.2	0.0	0	182.3	UNCALLABLE_BOTH	NA	NA	NO	NO	NO	NA	NA
HPL01323	REPEAT_ONLY	CDS	A	1	8	58	0.0	0	131.6	0.2308	21	26.8	0.0	0	190.5	PARTIAL	NA	NA	NO	NO	NO	NA	NA
HPL01324	REPEAT_ONLY	INTERGENIC_OTHER	C	1	9	59	0.0	0	131.0	0.0	0	26.6	0.0	0	188.4	UNCALLABLE_BOTH	NA	NA	NO	NO	NO	NA	NA
HPL01325	REPEAT_ONLY	CDS	A	1	8	58	0.0	0	131.6	0.0	0	26.8	0.0	0	190.5	UNCALLABLE_BOTH	NA	NA	NO	NO	NO	NA	NA
HPL01326	REPEAT_ONLY	CDS	A	1	8	58	0.0	0	131.6	0.0	0	26.8	1.0	162.0	190.5	PLATFORM_CONFOUNDED_CALLABILITY	1.0	YES	NO	NO	NO	NA	NA
HPL01328	REPEAT_ONLY	CDS	C	1	9	59	0.0	0	131.0	0.0	0	26.6	0.0	0	188.4	UNCALLABLE_BOTH	NA	NA	NO	NO	NO	NA	NA
HPL01330	REPEAT_ONLY	CDS	A	1	8	58	0.8718	39.5	131.6	0.0769	23	26.8	1.0	185.5	190.5	PLATFORM_CONFOUNDED_CALLABILITY	0.926	YES	NO	NO	NO	NA	NA
HPL01331	REPEAT_ONLY	CDS	A	1	8	58	0.0	0	131.6	0.0	0	26.8	0.8333	221	190.5	PLATFORM_CONFOUNDED_CALLABILITY	0.989	YES	NO	NO	NO	NA	NA
HPL01332	REPEAT_ONLY	INTERGENIC_OTHER	A	1	8	58	0.0	0	131.6	0.0	0	26.8	0.3333	154.0	190.5	PARTIAL	NA	NA	NO	NO	NO	NA	NA
HPL01333	REPEAT_ONLY	INTERGENIC_OTHER	A	1	10	60	0.7179	72.0	130.4	0.0	0	26.5	0.3333	176.0	186.4	PARTIAL	0.63	NO	NO	NO	NO	NA	NA
HPL01334	REPEAT_ONLY	PROMOTER_OR_INTERGENIC_UPSTREAM	A	1	8	58	0.4103	31.0	131.6	0.3846	26	26.8	0.3333	275.5	190.5	PARTIAL	0.462	NO	NO	NO	NO	NA	NA
HPL01335	REPEAT_ONLY	CDS	A	1	8	58	0.0	0	131.6	0.0	0	26.8	0.0	0	190.5	UNCALLABLE_BOTH	NA	NA	NO	NO	NO	NA	NA
HPL01336	REPEAT_ONLY	CDS	A	1	8	58	0.0	0	131.6	0.0	0	26.8	0.0	0	190.5	UNCALLABLE_BOTH	NA	NA	NO	NO	NO	NA	NA
HPL01337	REPEAT_ONLY	CDS	A	1	8	58	0.8974	27	131.6	0.3077	17.0	26.8	0.0	0	190.5	PARTIAL	0.614	NO	NO	NO	NO	NA	NA
HPL01338	REPEAT_ONLY	PROMOTER_OR_INTERGENIC_UPSTREAM	A	1	8	58	0.0	0	131.6	0.0	0	26.8	0.0	0	190.5	UNCALLABLE_BOTH	NA	NA	NO	NO	NO	NA	NA
HPL01339	REPEAT_ONLY	CDS	AAACAT	6	18	68	0.0	0	125.2	0.0	0	25.4	1.0	152.5	170.0	PLATFORM_CONFOUNDED_CALLABILITY	1.0	YES	NO	NO	NO	NA	NA
HPL01344	REPEAT_ONLY	CDS	A	1	8	58	0.0	0	131.6	0.0	0	26.8	0.0	0	190.5	UNCALLABLE_BOTH	NA	NA	NO	NO	NO	NA	NA
HPL01345	REPEAT_ONLY	INTERGENIC_OTHER	A	1	9	59	0.0	0	131.0	0.0	0	26.6	0.1667	87	188.4	UNCALLABLE_BOTH	NA	NA	NO	NO	NO	NA	NA
HPL01346	REPEAT_ONLY	INTERGENIC_OTHER	A	1	8	58	0.0	0	131.6	0.0	0	26.8	0.0	0	190.5	UNCALLABLE_BOTH	NA	NA	NO	NO	NO	NA	NA
HPL01347	REPEAT_ONLY	INTERGENIC_OTHER	A	1	8	58	0.0	0	131.6	0.0	0	26.8	0.0	0	190.5	UNCALLABLE_BOTH	NA	NA	NO	NO	NO	NA	NA
HPL01348	REPEAT_ONLY	CDS	ACT	3	12	62	0.8718	66.0	129.1	0.0	0	26.2	0.0	0	182.3	UNCALLABLE_BOTH	0.705	NO	NO	NO	NO	NA	NA
HPL01349	REPEAT_ONLY	PROMOTER_OR_INTERGENIC_UPSTREAM	A	1	13	63	0.0	0	128.4	0.0	0	26.1	0.0	0	180.2	UNCALLABLE_BOTH	NA	NA	NO	NO	NO	NA	NA
HPL01351	REPEAT_ONLY	INTERGENIC_OTHER	A	1	8	58	0.0	0	131.6	0.0	0	26.8	0.0	0	190.5	UNCALLABLE_BOTH	NA	NA	NO	NO	NO	NA	NA
HPL01352	REPEAT_ONLY	CDS	A	1	8	58	0.0	0	131.6	0.5385	20	26.8	1.0	223.5	190.5	PARTIAL	0.522	NO	NO	NO	NO	NA	NA
HPL01353	REPEAT_ONLY	CDS	A	1	8	58	0.0	0	131.6	0.0769	13	26.8	0.1667	215	190.5	UNCALLABLE_BOTH	NA	NA	NO	NO	NO	NA	NA
HPL01354	REPEAT_ONLY	CDS	A	1	8	58	0.0	0	131.6	0.0	0	26.8	0.0	0	190.5	UNCALLABLE_BOTH	NA	NA	NO	NO	NO	NA	NA
HPL01355	REPEAT_ONLY	PROMOTER_OR_INTERGENIC_UPSTREAM	A	1	8	58	0.0	0	131.6	0.0	0	26.8	0.0	0	190.5	UNCALLABLE_BOTH	NA	NA	NO	NO	NO	NA	NA
HPL01356	REPEAT_ONLY	CDS	A	1	8	58	0.0	0	131.6	0.0	0	26.8	0.0	0	190.5	UNCALLABLE_BOTH	NA	NA	NO	NO	NO	NA	NA
HPL01357	REPEAT_ONLY	PROMOTER_OR_INTERGENIC_UPSTREAM	A	1	9	59	0.0	0	131.0	0.0	0	26.6	0.0	0	188.4	UNCALLABLE_BOTH	NA	NA	NO	NO	NO	NA	NA
HPL01358	REPEAT_ONLY	CDS	AG	2	10	60	0.0	0	130.4	0.0	0	26.5	0.0	0	186.4	UNCALLABLE_BOTH	NA	NA	NO	NO	NO	NA	NA
HPL01359	REPEAT_ONLY	INTERGENIC_OTHER	C	1	8	58	0.0	0	131.6	0.0	0	26.8	0.0	0	190.5	UNCALLABLE_BOTH	NA	NA	NO	NO	NO	NA	NA
HPL01360	REPEAT_ONLY	INTERGENIC_OTHER	A	1	8	58	0.0	0	131.6	0.0	0	26.8	0.0	0	190.5	UNCALLABLE_BOTH	NA	NA	NO	NO	NO	NA	NA
HPL01361	REPEAT_ONLY	PROMOTER_OR_INTERGENIC_UPSTREAM	A	1	8	58	0.0	0	131.6	0.0	0	26.8	0.8333	224	190.5	PLATFORM_CONFOUNDED_CALLABILITY	1.0	YES	NO	NO	NO	NA	NA
HPL01362	REPEAT_ONLY	INTERGENIC_OTHER	C	1	8	58	0.0	0	131.6	0.1538	16.0	26.8	0.0	0	190.5	UNCALLABLE_BOTH	NA	NA	NO	NO	NO	NA	NA
HPL01364	REPEAT_ONLY	CDS	A	1	8	58	0.0	0	131.6	0.0	0	26.8	0.0	0	190.5	UNCALLABLE_BOTH	NA	NA	NO	NO	NO	NA	NA
HPL01365	REPEAT_ONLY	PROMOTER_OR_INTERGENIC_UPSTREAM	A	1	17	67	0.0	0	125.9	0.0	0	25.5	0.0	0	172.0	UNCALLABLE_BOTH	NA	NA	NO	NO	NO	NA	NA
HPL01366	REPEAT_ONLY	INTERGENIC_OTHER	C	1	8	58	0.0	0	131.6	0.0	0	26.8	0.0	0	190.5	UNCALLABLE_BOTH	NA	NA	NO	NO	NO	NA	NA
HPL01367	REPEAT_ONLY	CDS	A	1	8	58	0.0	0	131.6	0.0	0	26.8	0.0	0	190.5	UNCALLABLE_BOTH	NA	NA	NO	NO	NO	NA	NA
HPL01368	REPEAT_ONLY	CDS	A	1	8	58	0.0	0	131.6	0.0	0	26.8	0.0	0	190.5	UNCALLABLE_BOTH	NA	NA	NO	NO	NO	NA	NA
HPL01369	REPEAT_ONLY	CDS	A	1	8	58	0.0	0	131.6	0.0	0	26.8	0.0	0	190.5	UNCALLABLE_BOTH	NA	NA	NO	NO	NO	NA	NA
HPL01370	REPEAT_ONLY	CDS	A	1	8	58	0.0	0	131.6	0.0	0	26.8	0.0	0	190.5	UNCALLABLE_BOTH	NA	NA	NO	NO	NO	NA	NA
HPL01371	REPEAT_ONLY	CDS	A	1	8	58	0.0	0	131.6	0.0	0	26.8	0.0	0	190.5	UNCALLABLE_BOTH	NA	NA	NO	NO	NO	NA	NA
HPL01372	REPEAT_ONLY	CDS	A	1	9	59	0.0	0	131.0	0.0	0	26.6	0.0	0	188.4	UNCALLABLE_BOTH	NA	NA	NO	NO	NO	NA	NA
HPL01373	REPEAT_ONLY	CDS	A	1	8	58	0.0	0	131.6	0.0	0	26.8	0.0	0	190.5	UNCALLABLE_BOTH	NA	NA	NO	NO	NO	NA	NA
HPL01374	REPEAT_ONLY	CDS	A	1	8	58	0.0	0	131.6	0.0	0	26.8	0.0	0	190.5	UNCALLABLE_BOTH	NA	NA	NO	NO	NO	NA	NA
HPL01375	REPEAT_ONLY	CDS	A	1	8	58	0.0	0	131.6	0.0	0	26.8	0.0	0	190.5	UNCALLABLE_BOTH	NA	NA	NO	NO	NO	NA	NA
HPL01376	REPEAT_ONLY	CDS	A	1	8	58	0.0	0	131.6	0.0	0	26.8	0.0	0	190.5	UNCALLABLE_BOTH	NA	NA	NO	NO	NO	NA	NA
HPL01377	REPEAT_ONLY	CDS	A	1	8	58	0.0	0	131.6	0.0	0	26.8	0.0	0	190.5	UNCALLABLE_BOTH	NA	NA	NO	NO	NO	NA	NA
HPL01378	REPEAT_ONLY	CDS	A	1	8	58	0.0	0	131.6	0.0	0	26.8	0.0	0	190.5	UNCALLABLE_BOTH	NA	NA	NO	NO	NO	NA	NA
HPL01379	REPEAT_ONLY	CDS	AATGTG	6	18	68	0.0	0	125.2	0.0	0	25.4	0.0	0	170.0	UNCALLABLE_BOTH	NA	NA	NO	NO	NO	NA	NA
HPL01380	REPEAT_ONLY	CDS	AAG	3	12	62	0.0	0	129.1	0.0	0	26.2	0.0	0	182.3	UNCALLABLE_BOTH	NA	NA	NO	NO	NO	NA	NA
HPL01381	REPEAT_ONLY	INTERGENIC_OTHER	A	1	8	58	0.0	0	131.6	0.0	0	26.8	0.0	0	190.5	UNCALLABLE_BOTH	NA	NA	NO	NO	NO	NA	NA
HPL01382	REPEAT_ONLY	INTERGENIC_OTHER	A	1	8	58	0.0	0	131.6	0.0	0	26.8	0.5	206	190.5	PLATFORM_CONFOUNDED_CALLABILITY	NA	NA	NO	NO	NO	NA	NA
HPL01383	REPEAT_ONLY	INTERGENIC_OTHER	A	1	8	58	0.0	0	131.6	0.0	0	26.8	0.0	0	190.5	UNCALLABLE_BOTH	NA	NA	NO	NO	NO	NA	NA
HPL01384	REPEAT_ONLY	CDS	A	1	8	58	0.0	0	131.6	0.0	0	26.8	0.0	0	190.5	UNCALLABLE_BOTH	NA	NA	NO	NO	NO	NA	NA
HPL01385	REPEAT_ONLY	PROMOTER_OR_INTERGENIC_UPSTREAM	A	1	13	63	0.0	0	128.4	0.0769	16	26.1	0.0	0	180.2	UNCALLABLE_BOTH	NA	NA	NO	NO	NO	NA	NA
HPL01386	REPEAT_ONLY	PROMOTER_OR_INTERGENIC_UPSTREAM	A	1	8	58	0.0	0	131.6	0.0	0	26.8	0.0	0	190.5	UNCALLABLE_BOTH	NA	NA	NO	NO	NO	NA	NA
HPL01387	REPEAT_ONLY	INTERGENIC_OTHER	A	1	9	59	0.0	0	131.0	0.0	0	26.6	0.0	0	188.4	UNCALLABLE_BOTH	NA	NA	NO	NO	NO	NA	NA
HPL01388	REPEAT_ONLY	INTERGENIC_OTHER	A	1	8	58	0.0	0	131.6	0.0	0	26.8	0.0	0	190.5	UNCALLABLE_BOTH	NA	NA	NO	NO	NO	NA	NA
HPL01389	REPEAT_ONLY	CDS	A	1	8	58	0.0	0	131.6	0.0	0	26.8	0.0	0	190.5	UNCALLABLE_BOTH	NA	NA	NO	NO	NO	NA	NA
HPL01390	REPEAT_ONLY	CDS	A	1	8	58	1.0	99	131.6	1.0	21	26.8	1.0	155.5	190.5	CALLABLE_BOTH	NA	NA	NO	NO	NO	NA	NA
HPL01392	REPEAT_ONLY	CDS	A	1	8	58	0.0	0	131.6	0.7692	20.0	26.8	1.0	99.0	190.5	PARTIAL	0.401	NO	NO	NO	NO	NA	NA
HPL01394	REPEAT_ONLY	CDS	A	1	8	58	0.0	0	131.6	0.0	0	26.8	0.0	0	190.5	UNCALLABLE_BOTH	NA	NA	NO	NO	NO	NA	NA
HPL01395	REPEAT_ONLY	CDS	A	1	8	58	0.0	0	131.6	0.1538	20.0	26.8	0.1667	187	190.5	UNCALLABLE_BOTH	NA	NA	NO	NO	NO	NA	NA
HPL01396	REPEAT_ONLY	CDS	A	1	8	58	0.0	0	131.6	0.0	0	26.8	0.0	0	190.5	UNCALLABLE_BOTH	NA	NA	NO	NO	NO	NA	NA
HPL01397	REPEAT_ONLY	CDS	A	1	8	58	0.0	0	131.6	0.0	0	26.8	0.0	0	190.5	UNCALLABLE_BOTH	NA	NA	NO	NO	NO	NA	NA
HPL01398	REPEAT_ONLY	CDS	A	1	8	58	0.0	0	131.6	0.0	0	26.8	0.0	0	190.5	UNCALLABLE_BOTH	NA	NA	NO	NO	NO	NA	NA
HPL01399	REPEAT_ONLY	CDS	A	1	8	58	0.0	0	131.6	0.0	0	26.8	0.0	0	190.5	UNCALLABLE_BOTH	NA	NA	NO	NO	NO	NA	NA
HPL01400	REPEAT_ONLY	CDS	AAC	3	12	62	0.0	0	129.1	0.1538	16.5	26.2	0.0	0	182.3	UNCALLABLE_BOTH	NA	NA	NO	NO	NO	NA	NA
HPL01401	REPEAT_ONLY	CDS	A	1	8	58	0.0	0	131.6	0.0769	25	26.8	0.0	0	190.5	UNCALLABLE_BOTH	NA	NA	NO	NO	NO	NA	NA
HPL01402	REPEAT_ONLY	INTERGENIC_OTHER	A	1	8	58	0.0	0	131.6	0.0	0	26.8	0.0	0	190.5	UNCALLABLE_BOTH	NA	NA	NO	NO	NO	NA	NA
HPL01403	REPEAT_ONLY	INTERGENIC_OTHER	AAG	3	12	62	0.0	0	129.1	0.0	0	26.2	0.0	0	182.3	UNCALLABLE_BOTH	NA	NA	NO	NO	NO	NA	NA
HPL01404	REPEAT_ONLY	PROMOTER_OR_INTERGENIC_UPSTREAM	A	1	8	58	0.0	0	131.6	0.1538	18.5	26.8	0.1667	179	190.5	UNCALLABLE_BOTH	NA	NA	NO	NO	NO	NA	NA
HPL01405	REPEAT_ONLY	PROMOTER_OR_INTERGENIC_UPSTREAM	A	1	8	58	0.0	0	131.6	0.0769	31	26.8	0.0	0	190.5	UNCALLABLE_BOTH	NA	NA	NO	NO	NO	NA	NA
